# This file uses centimeters as units for non-parametric coordinates.

mtllib Storybook Animation n Illustration.mtl
g default
v 0.093316 0.669911 4.880406
v 0.892820 0.669911 4.880406
v 1.692324 0.669911 4.880406
v 2.491828 0.669911 4.880406
v 3.291332 0.669911 4.880406
v 4.090836 0.669911 4.880406
v 4.890340 0.669911 4.880406
v 5.689844 0.669911 4.880406
v 6.489348 0.669911 4.880406
v 7.288852 0.669911 4.880406
v 8.088355 0.669911 4.880406
v 0.093316 0.669911 3.868512
v 0.892820 0.669911 3.868512
v 1.692324 0.669911 3.868512
v 2.491828 0.669911 3.868512
v 3.291332 0.669911 3.868512
v 4.090836 0.669911 3.868512
v 4.890340 0.669911 3.868512
v 5.689844 0.669911 3.868512
v 6.489348 0.669911 3.868512
v 7.288852 0.669911 3.868512
v 8.088355 0.669911 3.868512
v 0.093316 0.669911 2.856619
v 0.892820 0.669911 2.856619
v 1.692324 0.669911 2.856619
v 2.491828 0.669911 2.856619
v 3.291332 0.669911 2.856619
v 4.090836 0.669911 2.856619
v 4.890340 0.669911 2.856619
v 5.689844 0.669911 2.856619
v 6.489348 0.669911 2.856619
v 7.288852 0.669911 2.856619
v 8.088355 0.669911 2.856619
v 0.093316 0.669911 1.844725
v 0.892820 0.669911 1.844725
v 1.692324 0.669911 1.844725
v 2.491828 0.669911 1.844725
v 3.291332 0.669911 1.844725
v 4.090836 0.669911 1.844725
v 4.890340 0.669911 1.844725
v 5.689844 0.669911 1.844725
v 6.489348 0.669911 1.844725
v 7.288852 0.669911 1.844725
v 8.088355 0.669911 1.844725
v 0.093316 0.669911 0.832832
v 0.892820 0.669911 0.832832
v 1.692324 0.669911 0.832832
v 2.491828 0.669911 0.832832
v 3.291332 0.669911 0.832832
v 4.090836 0.669911 0.832832
v 4.890340 0.669911 0.832832
v 5.689844 0.669911 0.832832
v 6.489348 0.669911 0.832832
v 7.288852 0.669911 0.832832
v 8.088355 0.669911 0.832832
v 0.093316 0.669911 -0.179061
v 0.892820 0.669911 -0.179061
v 1.692324 0.669911 -0.179061
v 2.491828 0.669911 -0.179061
v 3.291332 0.669911 -0.179061
v 4.090836 0.669911 -0.179061
v 4.890340 0.669911 -0.179061
v 5.689844 0.669911 -0.179061
v 6.489348 0.669911 -0.179061
v 7.288852 0.669911 -0.179061
v 8.088355 0.669911 -0.179061
v 0.093316 0.669911 -1.190955
v 0.892820 0.669911 -1.190955
v 1.692324 0.669911 -1.190955
v 2.491828 0.669911 -1.190955
v 3.291332 0.669911 -1.190955
v 4.090836 0.669911 -1.190955
v 4.890340 0.669911 -1.190955
v 5.689844 0.669911 -1.190955
v 6.489348 0.669911 -1.190955
v 7.288852 0.669911 -1.190955
v 8.088355 0.669911 -1.190955
v 0.093316 0.669911 -2.202848
v 0.892820 0.669911 -2.202848
v 1.692324 0.669911 -2.202848
v 2.491828 0.669911 -2.202848
v 3.291332 0.669911 -2.202848
v 4.090836 0.669911 -2.202848
v 4.890340 0.669911 -2.202848
v 5.689844 0.669911 -2.202848
v 6.489348 0.669911 -2.202848
v 7.288852 0.669911 -2.202848
v 8.088355 0.669911 -2.202848
v 0.093316 0.669911 -3.214742
v 0.892820 0.669911 -3.214742
v 1.692324 0.669911 -3.214742
v 2.491828 0.669911 -3.214742
v 3.291332 0.669911 -3.214742
v 4.090836 0.669911 -3.214742
v 4.890340 0.669911 -3.214742
v 5.689844 0.669911 -3.214742
v 6.489348 0.669911 -3.214742
v 7.288852 0.669911 -3.214742
v 8.088355 0.669911 -3.214742
v 0.093316 0.669911 -4.226635
v 0.892820 0.669911 -4.226635
v 1.692324 0.669911 -4.226635
v 2.491828 0.669911 -4.226635
v 3.291332 0.669911 -4.226635
v 4.090836 0.669911 -4.226635
v 4.890340 0.669911 -4.226635
v 5.689844 0.669911 -4.226635
v 6.489348 0.669911 -4.226635
v 7.288852 0.669911 -4.226635
v 8.088355 0.669911 -4.226635
v 0.093316 0.669911 -5.238528
v 0.892820 0.669911 -5.238528
v 1.692324 0.669911 -5.238528
v 2.491828 0.669911 -5.238528
v 3.291332 0.669911 -5.238528
v 4.090836 0.669911 -5.238528
v 4.890340 0.669911 -5.238528
v 5.689844 0.669911 -5.238528
v 6.489348 0.669911 -5.238528
v 7.288852 0.669911 -5.238528
v 8.088355 0.669911 -5.238528
v 0.093316 0.670145 4.880406
v 0.892820 0.670145 4.880406
v 0.892820 0.670145 3.868512
v 0.093316 0.670145 3.868512
v 1.692324 0.670145 4.880406
v 1.692324 0.670145 3.868512
v 2.491828 0.670145 4.880406
v 2.491828 0.670145 3.868512
v 3.291332 0.670145 4.880406
v 3.291332 0.670145 3.868512
v 4.090836 0.670145 4.880406
v 4.090836 0.670145 3.868512
v 4.890340 0.670145 4.880406
v 4.890340 0.670145 3.868512
v 5.689844 0.670145 4.880406
v 5.689844 0.670145 3.868512
v 6.489348 0.670145 4.880406
v 6.489348 0.670145 3.868512
v 7.288852 0.670145 4.880406
v 7.288852 0.670145 3.868512
v 8.088355 0.670145 4.880406
v 8.088355 0.670145 3.868512
v 0.892820 0.670145 2.856619
v 0.093316 0.670145 2.856619
v 1.692324 0.670145 2.856619
v 2.491828 0.670145 2.856619
v 3.291332 0.670145 2.856619
v 4.090836 0.670145 2.856619
v 4.890340 0.670145 2.856619
v 5.689844 0.670145 2.856619
v 6.489348 0.670145 2.856619
v 7.288852 0.670145 2.856619
v 8.088355 0.670145 2.856619
v 0.892820 0.670145 1.844725
v 0.093316 0.670145 1.844725
v 1.692324 0.670145 1.844725
v 2.491828 0.670145 1.844725
v 3.291332 0.670145 1.844725
v 4.090836 0.670145 1.844725
v 4.890340 0.670145 1.844725
v 5.689844 0.670145 1.844725
v 6.489348 0.670145 1.844725
v 7.288852 0.670145 1.844725
v 8.088355 0.670145 1.844725
v 0.892820 0.670145 0.832832
v 0.093316 0.670145 0.832832
v 1.692324 0.670145 0.832832
v 2.491828 0.670145 0.832832
v 3.291332 0.670145 0.832832
v 4.090836 0.670145 0.832832
v 4.890340 0.670145 0.832832
v 5.689844 0.670145 0.832832
v 6.489348 0.670145 0.832832
v 7.288852 0.670145 0.832832
v 8.088355 0.670145 0.832832
v 0.892820 0.670145 -0.179061
v 0.093316 0.670145 -0.179061
v 1.692324 0.670145 -0.179061
v 2.491828 0.670145 -0.179061
v 3.291332 0.670145 -0.179061
v 4.090836 0.670145 -0.179061
v 4.890340 0.670145 -0.179061
v 5.689844 0.670145 -0.179061
v 6.489348 0.670145 -0.179061
v 7.288852 0.670145 -0.179061
v 8.088355 0.670145 -0.179061
v 0.892820 0.670145 -1.190955
v 0.093316 0.670145 -1.190955
v 1.692324 0.670145 -1.190955
v 2.491828 0.670145 -1.190955
v 3.291332 0.670145 -1.190955
v 4.090836 0.670145 -1.190955
v 4.890340 0.670145 -1.190955
v 5.689844 0.670145 -1.190955
v 6.489348 0.670145 -1.190955
v 7.288852 0.670145 -1.190955
v 8.088355 0.670145 -1.190955
v 0.892820 0.670145 -2.202848
v 0.093316 0.670145 -2.202848
v 1.692324 0.670145 -2.202848
v 2.491828 0.670145 -2.202848
v 3.291332 0.670145 -2.202848
v 4.090836 0.670145 -2.202848
v 4.890340 0.670145 -2.202848
v 5.689844 0.670145 -2.202848
v 6.489348 0.670145 -2.202848
v 7.288852 0.670145 -2.202848
v 8.088355 0.670145 -2.202848
v 0.892820 0.670145 -3.214742
v 0.093316 0.670145 -3.214742
v 1.692324 0.670145 -3.214742
v 2.491828 0.670145 -3.214742
v 3.291332 0.670145 -3.214742
v 4.090836 0.670145 -3.214742
v 4.890340 0.670145 -3.214742
v 5.689844 0.670145 -3.214742
v 6.489348 0.670145 -3.214742
v 7.288852 0.670145 -3.214742
v 8.088355 0.670145 -3.214742
v 0.892820 0.670145 -4.226635
v 0.093316 0.670145 -4.226635
v 1.692324 0.670145 -4.226635
v 2.491828 0.670145 -4.226635
v 3.291332 0.670145 -4.226635
v 4.090836 0.670145 -4.226635
v 4.890340 0.670145 -4.226635
v 5.689844 0.670145 -4.226635
v 6.489348 0.670145 -4.226635
v 7.288852 0.670145 -4.226635
v 8.088355 0.670145 -4.226635
v 0.892820 0.670145 -5.238528
v 0.093316 0.670145 -5.238528
v 1.692324 0.670145 -5.238528
v 2.491828 0.670145 -5.238528
v 3.291332 0.670145 -5.238528
v 4.090836 0.670145 -5.238528
v 4.890340 0.670145 -5.238528
v 5.689844 0.670145 -5.238528
v 6.489348 0.670145 -5.238528
v 7.288852 0.670145 -5.238528
v 8.088355 0.670145 -5.238528
vt 0.000000 0.000000
vt 0.100000 0.000000
vt 0.200000 0.000000
vt 0.300000 0.000000
vt 0.400000 0.000000
vt 0.500000 0.000000
vt 0.600000 0.000000
vt 0.700000 0.000000
vt 0.800000 0.000000
vt 0.900000 0.000000
vt 1.000000 0.000000
vt 0.000000 0.100000
vt 0.100000 0.100000
vt 0.200000 0.100000
vt 0.300000 0.100000
vt 0.400000 0.100000
vt 0.500000 0.100000
vt 0.600000 0.100000
vt 0.700000 0.100000
vt 0.800000 0.100000
vt 0.900000 0.100000
vt 1.000000 0.100000
vt 0.000000 0.200000
vt 0.100000 0.200000
vt 0.200000 0.200000
vt 0.300000 0.200000
vt 0.400000 0.200000
vt 0.500000 0.200000
vt 0.600000 0.200000
vt 0.700000 0.200000
vt 0.800000 0.200000
vt 0.900000 0.200000
vt 1.000000 0.200000
vt 0.000000 0.300000
vt 0.100000 0.300000
vt 0.200000 0.300000
vt 0.300000 0.300000
vt 0.400000 0.300000
vt 0.500000 0.300000
vt 0.600000 0.300000
vt 0.700000 0.300000
vt 0.800000 0.300000
vt 0.900000 0.300000
vt 1.000000 0.300000
vt 0.000000 0.400000
vt 0.100000 0.400000
vt 0.200000 0.400000
vt 0.300000 0.400000
vt 0.400000 0.400000
vt 0.500000 0.400000
vt 0.600000 0.400000
vt 0.700000 0.400000
vt 0.800000 0.400000
vt 0.900000 0.400000
vt 1.000000 0.400000
vt 0.000000 0.500000
vt 0.100000 0.500000
vt 0.200000 0.500000
vt 0.300000 0.500000
vt 0.400000 0.500000
vt 0.500000 0.500000
vt 0.600000 0.500000
vt 0.700000 0.500000
vt 0.800000 0.500000
vt 0.900000 0.500000
vt 1.000000 0.500000
vt 0.000000 0.600000
vt 0.100000 0.600000
vt 0.200000 0.600000
vt 0.300000 0.600000
vt 0.400000 0.600000
vt 0.500000 0.600000
vt 0.600000 0.600000
vt 0.700000 0.600000
vt 0.800000 0.600000
vt 0.900000 0.600000
vt 1.000000 0.600000
vt 0.000000 0.700000
vt 0.100000 0.700000
vt 0.200000 0.700000
vt 0.300000 0.700000
vt 0.400000 0.700000
vt 0.500000 0.700000
vt 0.600000 0.700000
vt 0.700000 0.700000
vt 0.800000 0.700000
vt 0.900000 0.700000
vt 1.000000 0.700000
vt 0.000000 0.800000
vt 0.100000 0.800000
vt 0.200000 0.800000
vt 0.300000 0.800000
vt 0.400000 0.800000
vt 0.500000 0.800000
vt 0.600000 0.800000
vt 0.700000 0.800000
vt 0.800000 0.800000
vt 0.900000 0.800000
vt 1.000000 0.800000
vt 0.000000 0.900000
vt 0.100000 0.900000
vt 0.200000 0.900000
vt 0.300000 0.900000
vt 0.400000 0.900000
vt 0.500000 0.900000
vt 0.600000 0.900000
vt 0.700000 0.900000
vt 0.800000 0.900000
vt 0.900000 0.900000
vt 1.000000 0.900000
vt 0.000000 1.000000
vt 0.100000 1.000000
vt 0.200000 1.000000
vt 0.300000 1.000000
vt 0.400000 1.000000
vt 0.500000 1.000000
vt 0.600000 1.000000
vt 0.700000 1.000000
vt 0.800000 1.000000
vt 0.900000 1.000000
vt 1.000000 1.000000
vt 0.000000 0.000000
vt 0.100000 0.000000
vt 0.100000 0.100000
vt 0.000000 0.100000
vt 0.200000 0.000000
vt 0.200000 0.100000
vt 0.300000 0.000000
vt 0.300000 0.100000
vt 0.400000 0.000000
vt 0.400000 0.100000
vt 0.500000 0.000000
vt 0.500000 0.100000
vt 0.600000 0.000000
vt 0.600000 0.100000
vt 0.700000 0.000000
vt 0.700000 0.100000
vt 0.800000 0.000000
vt 0.800000 0.100000
vt 0.900000 0.000000
vt 0.900000 0.100000
vt 1.000000 0.000000
vt 1.000000 0.100000
vt 0.100000 0.200000
vt 0.000000 0.200000
vt 0.200000 0.200000
vt 0.300000 0.200000
vt 0.400000 0.200000
vt 0.500000 0.200000
vt 0.600000 0.200000
vt 0.700000 0.200000
vt 0.800000 0.200000
vt 0.900000 0.200000
vt 1.000000 0.200000
vt 0.100000 0.300000
vt 0.000000 0.300000
vt 0.200000 0.300000
vt 0.300000 0.300000
vt 0.400000 0.300000
vt 0.500000 0.300000
vt 0.600000 0.300000
vt 0.700000 0.300000
vt 0.800000 0.300000
vt 0.900000 0.300000
vt 1.000000 0.300000
vt 0.100000 0.400000
vt 0.000000 0.400000
vt 0.200000 0.400000
vt 0.300000 0.400000
vt 0.400000 0.400000
vt 0.500000 0.400000
vt 0.600000 0.400000
vt 0.700000 0.400000
vt 0.800000 0.400000
vt 0.900000 0.400000
vt 1.000000 0.400000
vt 0.100000 0.500000
vt 0.000000 0.500000
vt 0.200000 0.500000
vt 0.300000 0.500000
vt 0.400000 0.500000
vt 0.500000 0.500000
vt 0.600000 0.500000
vt 0.700000 0.500000
vt 0.800000 0.500000
vt 0.900000 0.500000
vt 1.000000 0.500000
vt 0.100000 0.600000
vt 0.000000 0.600000
vt 0.200000 0.600000
vt 0.300000 0.600000
vt 0.400000 0.600000
vt 0.500000 0.600000
vt 0.600000 0.600000
vt 0.700000 0.600000
vt 0.800000 0.600000
vt 0.900000 0.600000
vt 1.000000 0.600000
vt 0.100000 0.700000
vt 0.000000 0.700000
vt 0.200000 0.700000
vt 0.300000 0.700000
vt 0.400000 0.700000
vt 0.500000 0.700000
vt 0.600000 0.700000
vt 0.700000 0.700000
vt 0.800000 0.700000
vt 0.900000 0.700000
vt 1.000000 0.700000
vt 0.100000 0.800000
vt 0.000000 0.800000
vt 0.200000 0.800000
vt 0.300000 0.800000
vt 0.400000 0.800000
vt 0.500000 0.800000
vt 0.600000 0.800000
vt 0.700000 0.800000
vt 0.800000 0.800000
vt 0.900000 0.800000
vt 1.000000 0.800000
vt 0.100000 0.900000
vt 0.000000 0.900000
vt 0.200000 0.900000
vt 0.300000 0.900000
vt 0.400000 0.900000
vt 0.500000 0.900000
vt 0.600000 0.900000
vt 0.700000 0.900000
vt 0.800000 0.900000
vt 0.900000 0.900000
vt 1.000000 0.900000
vt 0.100000 1.000000
vt 0.000000 1.000000
vt 0.200000 1.000000
vt 0.300000 1.000000
vt 0.400000 1.000000
vt 0.500000 1.000000
vt 0.600000 1.000000
vt 0.700000 1.000000
vt 0.800000 1.000000
vt 0.900000 1.000000
vt 1.000000 1.000000
vt 0.000000 0.000000
vt 0.100000 0.000000
vt 0.000000 0.100000
vt 0.200000 0.000000
vt 0.300000 0.000000
vt 0.400000 0.000000
vt 0.500000 0.000000
vt 0.600000 0.000000
vt 0.700000 0.000000
vt 0.800000 0.000000
vt 0.900000 0.000000
vt 1.000000 0.000000
vt 1.000000 0.100000
vt 0.000000 0.200000
vt 1.000000 0.200000
vt 0.000000 0.300000
vt 1.000000 0.300000
vt 0.000000 0.400000
vt 1.000000 0.400000
vt 0.000000 0.500000
vt 1.000000 0.500000
vt 0.000000 0.600000
vt 1.000000 0.600000
vt 0.000000 0.700000
vt 1.000000 0.700000
vt 0.000000 0.800000
vt 1.000000 0.800000
vt 0.000000 0.900000
vt 1.000000 0.900000
vt 0.100000 1.000000
vt 0.000000 1.000000
vt 0.200000 1.000000
vt 0.300000 1.000000
vt 0.400000 1.000000
vt 0.500000 1.000000
vt 0.600000 1.000000
vt 0.700000 1.000000
vt 0.800000 1.000000
vt 0.900000 1.000000
vt 1.000000 1.000000
vn 0.000000 1.000000 0.000000
vn 0.000000 1.000000 0.000000
vn 0.000000 1.000000 0.000000
vn 0.000000 1.000000 0.000000
vn 0.000000 1.000000 0.000000
vn 0.000000 1.000000 0.000000
vn 0.000000 1.000000 0.000000
vn 0.000000 1.000000 0.000000
vn 0.000000 1.000000 0.000000
vn 0.000000 1.000000 0.000000
vn 0.000000 1.000000 0.000000
vn 0.000000 1.000000 0.000000
vn 0.000000 1.000000 0.000000
vn 0.000000 1.000000 0.000000
vn 0.000000 1.000000 0.000000
vn 0.000000 1.000000 0.000000
vn 0.000000 1.000000 0.000000
vn 0.000000 1.000000 0.000000
vn 0.000000 1.000000 0.000000
vn 0.000000 1.000000 0.000000
vn 0.000000 1.000000 0.000000
vn 0.000000 1.000000 0.000000
vn 0.000000 1.000000 0.000000
vn 0.000000 1.000000 0.000000
vn 0.000000 1.000000 0.000000
vn 0.000000 1.000000 0.000000
vn 0.000000 1.000000 0.000000
vn 0.000000 1.000000 0.000000
vn 0.000000 1.000000 0.000000
vn 0.000000 1.000000 0.000000
vn 0.000000 1.000000 0.000000
vn 0.000000 1.000000 0.000000
vn 0.000000 1.000000 0.000000
vn 0.000000 1.000000 0.000000
vn 0.000000 1.000000 0.000000
vn 0.000000 1.000000 0.000000
vn 0.000000 1.000000 0.000000
vn 0.000000 1.000000 0.000000
vn 0.000000 1.000000 0.000000
vn 0.000000 1.000000 0.000000
vn 0.000000 1.000000 0.000000
vn 0.000000 1.000000 0.000000
vn 0.000000 1.000000 0.000000
vn 0.000000 1.000000 0.000000
vn 0.000000 1.000000 0.000000
vn 0.000000 1.000000 0.000000
vn 0.000000 1.000000 0.000000
vn 0.000000 1.000000 0.000000
vn 0.000000 1.000000 0.000000
vn 0.000000 1.000000 0.000000
vn 0.000000 1.000000 0.000000
vn 0.000000 1.000000 0.000000
vn 0.000000 1.000000 0.000000
vn 0.000000 1.000000 0.000000
vn 0.000000 1.000000 0.000000
vn 0.000000 1.000000 0.000000
vn 0.000000 1.000000 0.000000
vn 0.000000 1.000000 0.000000
vn 0.000000 1.000000 0.000000
vn 0.000000 1.000000 0.000000
vn 0.000000 1.000000 0.000000
vn 0.000000 1.000000 0.000000
vn 0.000000 1.000000 0.000000
vn 0.000000 1.000000 0.000000
vn 0.000000 1.000000 0.000000
vn 0.000000 1.000000 0.000000
vn 0.000000 1.000000 0.000000
vn 0.000000 1.000000 0.000000
vn 0.000000 1.000000 0.000000
vn 0.000000 1.000000 0.000000
vn 0.000000 1.000000 0.000000
vn 0.000000 1.000000 0.000000
vn 0.000000 1.000000 0.000000
vn 0.000000 1.000000 0.000000
vn 0.000000 1.000000 0.000000
vn 0.000000 1.000000 0.000000
vn 0.000000 1.000000 0.000000
vn 0.000000 1.000000 0.000000
vn 0.000000 1.000000 0.000000
vn 0.000000 1.000000 0.000000
vn 0.000000 1.000000 0.000000
vn 0.000000 1.000000 0.000000
vn 0.000000 1.000000 0.000000
vn 0.000000 1.000000 0.000000
vn 0.000000 1.000000 0.000000
vn 0.000000 1.000000 0.000000
vn 0.000000 1.000000 0.000000
vn 0.000000 1.000000 0.000000
vn 0.000000 1.000000 0.000000
vn 0.000000 1.000000 0.000000
vn 0.000000 1.000000 0.000000
vn 0.000000 1.000000 0.000000
vn 0.000000 1.000000 0.000000
vn 0.000000 1.000000 0.000000
vn 0.000000 1.000000 0.000000
vn 0.000000 1.000000 0.000000
vn 0.000000 1.000000 0.000000
vn 0.000000 1.000000 0.000000
vn 0.000000 1.000000 0.000000
vn 0.000000 1.000000 0.000000
vn 0.000000 1.000000 0.000000
vn 0.000000 1.000000 0.000000
vn 0.000000 1.000000 0.000000
vn 0.000000 1.000000 0.000000
vn 0.000000 1.000000 0.000000
vn 0.000000 1.000000 0.000000
vn 0.000000 1.000000 0.000000
vn 0.000000 1.000000 0.000000
vn 0.000000 1.000000 0.000000
vn 0.000000 1.000000 0.000000
vn 0.000000 1.000000 0.000000
vn 0.000000 1.000000 0.000000
vn 0.000000 1.000000 0.000000
vn 0.000000 1.000000 0.000000
vn 0.000000 1.000000 0.000000
vn 0.000000 1.000000 0.000000
vn 0.000000 1.000000 0.000000
vn 0.000000 1.000000 0.000000
vn 0.000000 1.000000 0.000000
vn 0.000000 1.000000 0.000000
vn 0.000000 1.000000 0.000000
vn 0.000000 -1.000000 0.000000
vn 0.000000 -1.000000 0.000000
vn 0.000000 -1.000000 0.000000
vn 0.000000 -1.000000 0.000000
vn 0.000000 -1.000000 0.000000
vn 0.000000 -1.000000 0.000000
vn 0.000000 -1.000000 0.000000
vn 0.000000 -1.000000 0.000000
vn 0.000000 -1.000000 0.000000
vn 0.000000 -1.000000 0.000000
vn 0.000000 -1.000000 0.000000
vn 0.000000 -1.000000 0.000000
vn 0.000000 -1.000000 0.000000
vn 0.000000 -1.000000 0.000000
vn 0.000000 -1.000000 0.000000
vn 0.000000 -1.000000 0.000000
vn 0.000000 -1.000000 0.000000
vn 0.000000 -1.000000 0.000000
vn 0.000000 -1.000000 0.000000
vn 0.000000 -1.000000 0.000000
vn 0.000000 -1.000000 0.000000
vn 0.000000 -1.000000 0.000000
vn 0.000000 -1.000000 0.000000
vn 0.000000 -1.000000 0.000000
vn 0.000000 -1.000000 0.000000
vn 0.000000 -1.000000 0.000000
vn 0.000000 -1.000000 0.000000
vn 0.000000 -1.000000 0.000000
vn 0.000000 -1.000000 0.000000
vn 0.000000 -1.000000 0.000000
vn 0.000000 -1.000000 0.000000
vn 0.000000 -1.000000 0.000000
vn 0.000000 -1.000000 0.000000
vn 0.000000 -1.000000 0.000000
vn 0.000000 -1.000000 0.000000
vn 0.000000 -1.000000 0.000000
vn 0.000000 -1.000000 0.000000
vn 0.000000 -1.000000 0.000000
vn 0.000000 -1.000000 0.000000
vn 0.000000 -1.000000 0.000000
vn 0.000000 -1.000000 0.000000
vn 0.000000 -1.000000 0.000000
vn 0.000000 -1.000000 0.000000
vn 0.000000 -1.000000 0.000000
vn 0.000000 -1.000000 0.000000
vn 0.000000 -1.000000 0.000000
vn 0.000000 -1.000000 0.000000
vn 0.000000 -1.000000 0.000000
vn 0.000000 -1.000000 0.000000
vn 0.000000 -1.000000 0.000000
vn 0.000000 -1.000000 0.000000
vn 0.000000 -1.000000 0.000000
vn 0.000000 -1.000000 0.000000
vn 0.000000 -1.000000 0.000000
vn 0.000000 -1.000000 0.000000
vn 0.000000 -1.000000 0.000000
vn 0.000000 -1.000000 0.000000
vn 0.000000 -1.000000 0.000000
vn 0.000000 -1.000000 0.000000
vn 0.000000 -1.000000 0.000000
vn 0.000000 -1.000000 0.000000
vn 0.000000 -1.000000 0.000000
vn 0.000000 -1.000000 0.000000
vn 0.000000 -1.000000 0.000000
vn 0.000000 -1.000000 0.000000
vn 0.000000 -1.000000 0.000000
vn 0.000000 -1.000000 0.000000
vn 0.000000 -1.000000 0.000000
vn 0.000000 -1.000000 0.000000
vn 0.000000 -1.000000 0.000000
vn 0.000000 -1.000000 0.000000
vn 0.000000 -1.000000 0.000000
vn 0.000000 -1.000000 0.000000
vn 0.000000 -1.000000 0.000000
vn 0.000000 -1.000000 0.000000
vn 0.000000 -1.000000 0.000000
vn 0.000000 -1.000000 0.000000
vn 0.000000 -1.000000 0.000000
vn 0.000000 -1.000000 0.000000
vn 0.000000 -1.000000 0.000000
vn 0.000000 -1.000000 0.000000
vn 0.000000 -1.000000 0.000000
vn 0.000000 -1.000000 0.000000
vn 0.000000 -1.000000 0.000000
vn 0.000000 -1.000000 0.000000
vn 0.000000 -1.000000 0.000000
vn 0.000000 -1.000000 0.000000
vn 0.000000 -1.000000 0.000000
vn 0.000000 -1.000000 0.000000
vn 0.000000 -1.000000 0.000000
vn 0.000000 -1.000000 0.000000
vn 0.000000 -1.000000 0.000000
vn 0.000000 -1.000000 0.000000
vn 0.000000 -1.000000 0.000000
vn 0.000000 -1.000000 0.000000
vn 0.000000 -1.000000 0.000000
vn 0.000000 -1.000000 0.000000
vn 0.000000 -1.000000 0.000000
vn 0.000000 -1.000000 0.000000
vn 0.000000 -1.000000 0.000000
vn 0.000000 -1.000000 0.000000
vn 0.000000 -1.000000 0.000000
vn 0.000000 -1.000000 0.000000
vn 0.000000 -1.000000 0.000000
vn 0.000000 -1.000000 0.000000
vn 0.000000 -1.000000 0.000000
vn 0.000000 -1.000000 0.000000
vn 0.000000 -1.000000 0.000000
vn 0.000000 -1.000000 0.000000
vn 0.000000 -1.000000 0.000000
vn 0.000000 -1.000000 0.000000
vn 0.000000 -1.000000 0.000000
vn 0.000000 -1.000000 0.000000
vn 0.000000 -1.000000 0.000000
vn 0.000000 -1.000000 0.000000
vn 0.000000 -1.000000 0.000000
vn 0.000000 -1.000000 0.000000
vn 0.000000 -1.000000 0.000000
vn 0.000000 -1.000000 0.000000
vn 0.000000 -1.000000 0.000000
vn 0.000000 -1.000000 0.000000
vn 0.000000 0.000000 1.000000
vn 0.000000 0.000000 1.000000
vn 0.000000 0.000000 1.000000
vn 0.000000 0.000000 1.000000
vn -1.000000 0.000000 0.000000
vn -1.000000 0.000000 0.000000
vn -1.000000 0.000000 0.000000
vn -1.000000 0.000000 0.000000
vn 0.000000 0.000000 1.000000
vn 0.000000 0.000000 1.000000
vn 0.000000 0.000000 1.000000
vn 0.000000 0.000000 1.000000
vn 0.000000 0.000000 1.000000
vn 0.000000 0.000000 1.000000
vn 0.000000 0.000000 1.000000
vn 0.000000 0.000000 1.000000
vn 0.000000 0.000000 1.000000
vn 0.000000 0.000000 1.000000
vn 0.000000 0.000000 1.000000
vn 0.000000 0.000000 1.000000
vn 0.000000 0.000000 1.000000
vn 0.000000 0.000000 1.000000
vn 0.000000 0.000000 1.000000
vn 0.000000 0.000000 1.000000
vn 0.000000 0.000000 1.000000
vn 0.000000 0.000000 1.000000
vn 1.000000 0.000000 0.000000
vn 1.000000 0.000000 0.000000
vn 1.000000 0.000000 0.000000
vn 1.000000 0.000000 0.000000
vn -1.000000 0.000000 0.000000
vn -1.000000 0.000000 0.000000
vn 1.000000 0.000000 0.000000
vn 1.000000 0.000000 0.000000
vn -1.000000 0.000000 0.000000
vn -1.000000 0.000000 0.000000
vn 1.000000 0.000000 0.000000
vn 1.000000 0.000000 0.000000
vn -1.000000 0.000000 0.000000
vn -1.000000 0.000000 0.000000
vn 1.000000 0.000000 0.000000
vn 1.000000 0.000000 0.000000
vn -1.000000 0.000000 0.000000
vn -1.000000 0.000000 0.000000
vn 1.000000 0.000000 0.000000
vn 1.000000 0.000000 0.000000
vn -1.000000 0.000000 0.000000
vn -1.000000 0.000000 0.000000
vn 1.000000 0.000000 0.000000
vn 1.000000 0.000000 0.000000
vn -1.000000 0.000000 0.000000
vn -1.000000 0.000000 0.000000
vn 1.000000 0.000000 0.000000
vn 1.000000 0.000000 0.000000
vn -1.000000 0.000000 0.000000
vn -1.000000 0.000000 0.000000
vn 1.000000 0.000000 0.000000
vn 1.000000 0.000000 0.000000
vn -1.000000 0.000000 0.000000
vn -1.000000 0.000000 0.000000
vn 1.000000 0.000000 0.000000
vn 1.000000 0.000000 0.000000
vn 0.000000 0.000000 -1.000000
vn 0.000000 0.000000 -1.000000
vn 0.000000 0.000000 -1.000000
vn 0.000000 0.000000 -1.000000
vn -1.000000 0.000000 0.000000
vn -1.000000 0.000000 0.000000
vn 0.000000 0.000000 -1.000000
vn 0.000000 0.000000 -1.000000
vn 0.000000 0.000000 -1.000000
vn 0.000000 0.000000 -1.000000
vn 0.000000 0.000000 -1.000000
vn 0.000000 0.000000 -1.000000
vn 0.000000 0.000000 -1.000000
vn 0.000000 0.000000 -1.000000
vn 0.000000 0.000000 -1.000000
vn 0.000000 0.000000 -1.000000
vn 0.000000 0.000000 -1.000000
vn 0.000000 0.000000 -1.000000
vn 0.000000 0.000000 -1.000000
vn 0.000000 0.000000 -1.000000
vn 0.000000 0.000000 -1.000000
vn 0.000000 0.000000 -1.000000
vn 1.000000 0.000000 0.000000
vn 1.000000 0.000000 0.000000
vn 0.000000 0.000000 -1.000000
vn 0.000000 0.000000 -1.000000
s 1
g pPlane20
usemtl initialShadingGroup
f 122/243/1 123/244/2 124/13/3 125/245/4
f 123/244/2 126/246/5 127/14/6 124/13/3
f 126/246/5 128/247/7 129/15/8 127/14/6
f 128/247/7 130/248/9 131/16/10 129/15/8
f 130/248/9 132/249/11 133/17/12 131/16/10
f 132/249/11 134/250/13 135/18/14 133/17/12
f 134/250/13 136/251/15 137/19/16 135/18/14
f 136/251/15 138/252/17 139/20/18 137/19/16
f 138/252/17 140/253/19 141/21/20 139/20/18
f 140/253/19 142/254/21 143/255/22 141/21/20
f 125/245/4 124/13/3 144/24/23 145/256/24
f 124/13/3 127/14/6 146/25/25 144/24/23
f 127/14/6 129/15/8 147/26/26 146/25/25
f 129/15/8 131/16/10 148/27/27 147/26/26
f 131/16/10 133/17/12 149/28/28 148/27/27
f 133/17/12 135/18/14 150/29/29 149/28/28
f 135/18/14 137/19/16 151/30/30 150/29/29
f 137/19/16 139/20/18 152/31/31 151/30/30
f 139/20/18 141/21/20 153/32/32 152/31/31
f 141/21/20 143/255/22 154/257/33 153/32/32
f 145/256/24 144/24/23 155/35/34 156/258/35
f 144/24/23 146/25/25 157/36/36 155/35/34
f 146/25/25 147/26/26 158/37/37 157/36/36
f 147/26/26 148/27/27 159/38/38 158/37/37
f 148/27/27 149/28/28 160/39/39 159/38/38
f 149/28/28 150/29/29 161/40/40 160/39/39
f 150/29/29 151/30/30 162/41/41 161/40/40
f 151/30/30 152/31/31 163/42/42 162/41/41
f 152/31/31 153/32/32 164/43/43 163/42/42
f 153/32/32 154/257/33 165/259/44 164/43/43
f 156/258/35 155/35/34 166/46/45 167/260/46
f 155/35/34 157/36/36 168/47/47 166/46/45
f 157/36/36 158/37/37 169/48/48 168/47/47
f 158/37/37 159/38/38 170/49/49 169/48/48
f 159/38/38 160/39/39 171/50/50 170/49/49
f 160/39/39 161/40/40 172/51/51 171/50/50
f 161/40/40 162/41/41 173/52/52 172/51/51
f 162/41/41 163/42/42 174/53/53 173/52/52
f 163/42/42 164/43/43 175/54/54 174/53/53
f 164/43/43 165/259/44 176/261/55 175/54/54
f 167/260/46 166/46/45 177/57/56 178/262/57
f 166/46/45 168/47/47 179/58/58 177/57/56
f 168/47/47 169/48/48 180/59/59 179/58/58
f 169/48/48 170/49/49 181/60/60 180/59/59
f 170/49/49 171/50/50 182/61/61 181/60/60
f 171/50/50 172/51/51 183/62/62 182/61/61
f 172/51/51 173/52/52 184/63/63 183/62/62
f 173/52/52 174/53/53 185/64/64 184/63/63
f 174/53/53 175/54/54 186/65/65 185/64/64
f 175/54/54 176/261/55 187/263/66 186/65/65
f 178/262/57 177/57/56 188/68/67 189/264/68
f 177/57/56 179/58/58 190/69/69 188/68/67
f 179/58/58 180/59/59 191/70/70 190/69/69
f 180/59/59 181/60/60 192/71/71 191/70/70
f 181/60/60 182/61/61 193/72/72 192/71/71
f 182/61/61 183/62/62 194/73/73 193/72/72
f 183/62/62 184/63/63 195/74/74 194/73/73
f 184/63/63 185/64/64 196/75/75 195/74/74
f 185/64/64 186/65/65 197/76/76 196/75/75
f 186/65/65 187/263/66 198/265/77 197/76/76
f 189/264/68 188/68/67 199/79/78 200/266/79
f 188/68/67 190/69/69 201/80/80 199/79/78
f 190/69/69 191/70/70 202/81/81 201/80/80
f 191/70/70 192/71/71 203/82/82 202/81/81
f 192/71/71 193/72/72 204/83/83 203/82/82
f 193/72/72 194/73/73 205/84/84 204/83/83
f 194/73/73 195/74/74 206/85/85 205/84/84
f 195/74/74 196/75/75 207/86/86 206/85/85
f 196/75/75 197/76/76 208/87/87 207/86/86
f 197/76/76 198/265/77 209/267/88 208/87/87
f 200/266/79 199/79/78 210/90/89 211/268/90
f 199/79/78 201/80/80 212/91/91 210/90/89
f 201/80/80 202/81/81 213/92/92 212/91/91
f 202/81/81 203/82/82 214/93/93 213/92/92
f 203/82/82 204/83/83 215/94/94 214/93/93
f 204/83/83 205/84/84 216/95/95 215/94/94
f 205/84/84 206/85/85 217/96/96 216/95/95
f 206/85/85 207/86/86 218/97/97 217/96/96
f 207/86/86 208/87/87 219/98/98 218/97/97
f 208/87/87 209/267/88 220/269/99 219/98/98
f 211/268/90 210/90/89 221/101/100 222/270/101
f 210/90/89 212/91/91 223/102/102 221/101/100
f 212/91/91 213/92/92 224/103/103 223/102/102
f 213/92/92 214/93/93 225/104/104 224/103/103
f 214/93/93 215/94/94 226/105/105 225/104/104
f 215/94/94 216/95/95 227/106/106 226/105/105
f 216/95/95 217/96/96 228/107/107 227/106/106
f 217/96/96 218/97/97 229/108/108 228/107/107
f 218/97/97 219/98/98 230/109/109 229/108/108
f 219/98/98 220/269/99 231/271/110 230/109/109
f 222/270/101 221/101/100 232/272/111 233/273/112
f 221/101/100 223/102/102 234/274/113 232/272/111
f 223/102/102 224/103/103 235/275/114 234/274/113
f 224/103/103 225/104/104 236/276/115 235/275/114
f 225/104/104 226/105/105 237/277/116 236/276/115
f 226/105/105 227/106/106 238/278/117 237/277/116
f 227/106/106 228/107/107 239/279/118 238/278/117
f 228/107/107 229/108/108 240/280/119 239/279/118
f 229/108/108 230/109/109 241/281/120 240/280/119
f 230/109/109 231/271/110 242/282/121 241/281/120
s 2
f 1/122/122 12/125/123 13/124/124 2/123/125
f 2/123/125 13/124/124 14/127/126 3/126/127
f 3/126/127 14/127/126 15/129/128 4/128/129
f 4/128/129 15/129/128 16/131/130 5/130/131
f 5/130/131 16/131/130 17/133/132 6/132/133
f 6/132/133 17/133/132 18/135/134 7/134/135
f 7/134/135 18/135/134 19/137/136 8/136/137
f 8/136/137 19/137/136 20/139/138 9/138/139
f 9/138/139 20/139/138 21/141/140 10/140/141
f 10/140/141 21/141/140 22/143/142 11/142/143
f 12/125/123 23/145/144 24/144/145 13/124/124
f 13/124/124 24/144/145 25/146/146 14/127/126
f 14/127/126 25/146/146 26/147/147 15/129/128
f 15/129/128 26/147/147 27/148/148 16/131/130
f 16/131/130 27/148/148 28/149/149 17/133/132
f 17/133/132 28/149/149 29/150/150 18/135/134
f 18/135/134 29/150/150 30/151/151 19/137/136
f 19/137/136 30/151/151 31/152/152 20/139/138
f 20/139/138 31/152/152 32/153/153 21/141/140
f 21/141/140 32/153/153 33/154/154 22/143/142
f 23/145/144 34/156/155 35/155/156 24/144/145
f 24/144/145 35/155/156 36/157/157 25/146/146
f 25/146/146 36/157/157 37/158/158 26/147/147
f 26/147/147 37/158/158 38/159/159 27/148/148
f 27/148/148 38/159/159 39/160/160 28/149/149
f 28/149/149 39/160/160 40/161/161 29/150/150
f 29/150/150 40/161/161 41/162/162 30/151/151
f 30/151/151 41/162/162 42/163/163 31/152/152
f 31/152/152 42/163/163 43/164/164 32/153/153
f 32/153/153 43/164/164 44/165/165 33/154/154
f 34/156/155 45/167/166 46/166/167 35/155/156
f 35/155/156 46/166/167 47/168/168 36/157/157
f 36/157/157 47/168/168 48/169/169 37/158/158
f 37/158/158 48/169/169 49/170/170 38/159/159
f 38/159/159 49/170/170 50/171/171 39/160/160
f 39/160/160 50/171/171 51/172/172 40/161/161
f 40/161/161 51/172/172 52/173/173 41/162/162
f 41/162/162 52/173/173 53/174/174 42/163/163
f 42/163/163 53/174/174 54/175/175 43/164/164
f 43/164/164 54/175/175 55/176/176 44/165/165
f 45/167/166 56/178/177 57/177/178 46/166/167
f 46/166/167 57/177/178 58/179/179 47/168/168
f 47/168/168 58/179/179 59/180/180 48/169/169
f 48/169/169 59/180/180 60/181/181 49/170/170
f 49/170/170 60/181/181 61/182/182 50/171/171
f 50/171/171 61/182/182 62/183/183 51/172/172
f 51/172/172 62/183/183 63/184/184 52/173/173
f 52/173/173 63/184/184 64/185/185 53/174/174
f 53/174/174 64/185/185 65/186/186 54/175/175
f 54/175/175 65/186/186 66/187/187 55/176/176
f 56/178/177 67/189/188 68/188/189 57/177/178
f 57/177/178 68/188/189 69/190/190 58/179/179
f 58/179/179 69/190/190 70/191/191 59/180/180
f 59/180/180 70/191/191 71/192/192 60/181/181
f 60/181/181 71/192/192 72/193/193 61/182/182
f 61/182/182 72/193/193 73/194/194 62/183/183
f 62/183/183 73/194/194 74/195/195 63/184/184
f 63/184/184 74/195/195 75/196/196 64/185/185
f 64/185/185 75/196/196 76/197/197 65/186/186
f 65/186/186 76/197/197 77/198/198 66/187/187
f 67/189/188 78/200/199 79/199/200 68/188/189
f 68/188/189 79/199/200 80/201/201 69/190/190
f 69/190/190 80/201/201 81/202/202 70/191/191
f 70/191/191 81/202/202 82/203/203 71/192/192
f 71/192/192 82/203/203 83/204/204 72/193/193
f 72/193/193 83/204/204 84/205/205 73/194/194
f 73/194/194 84/205/205 85/206/206 74/195/195
f 74/195/195 85/206/206 86/207/207 75/196/196
f 75/196/196 86/207/207 87/208/208 76/197/197
f 76/197/197 87/208/208 88/209/209 77/198/198
f 78/200/199 89/211/210 90/210/211 79/199/200
f 79/199/200 90/210/211 91/212/212 80/201/201
f 80/201/201 91/212/212 92/213/213 81/202/202
f 81/202/202 92/213/213 93/214/214 82/203/203
f 82/203/203 93/214/214 94/215/215 83/204/204
f 83/204/204 94/215/215 95/216/216 84/205/205
f 84/205/205 95/216/216 96/217/217 85/206/206
f 85/206/206 96/217/217 97/218/218 86/207/207
f 86/207/207 97/218/218 98/219/219 87/208/208
f 87/208/208 98/219/219 99/220/220 88/209/209
f 89/211/210 100/222/221 101/221/222 90/210/211
f 90/210/211 101/221/222 102/223/223 91/212/212
f 91/212/212 102/223/223 103/224/224 92/213/213
f 92/213/213 103/224/224 104/225/225 93/214/214
f 93/214/214 104/225/225 105/226/226 94/215/215
f 94/215/215 105/226/226 106/227/227 95/216/216
f 95/216/216 106/227/227 107/228/228 96/217/217
f 96/217/217 107/228/228 108/229/229 97/218/218
f 97/218/218 108/229/229 109/230/230 98/219/219
f 98/219/219 109/230/230 110/231/231 99/220/220
f 100/222/221 111/233/232 112/232/233 101/221/222
f 101/221/222 112/232/233 113/234/234 102/223/223
f 102/223/223 113/234/234 114/235/235 103/224/224
f 103/224/224 114/235/235 115/236/236 104/225/225
f 104/225/225 115/236/236 116/237/237 105/226/226
f 105/226/226 116/237/237 117/238/238 106/227/227
f 106/227/227 117/238/238 118/239/239 107/228/228
f 107/228/228 118/239/239 119/240/240 108/229/229
f 108/229/229 119/240/240 120/241/241 109/230/230
f 109/230/230 120/241/241 121/242/242 110/231/231
s 3
f 1/1/243 2/2/244 123/244/245 122/243/246
s 4
f 12/12/247 1/1/248 122/243/249 125/245/250
s 3
f 2/2/244 3/3/251 126/246/252 123/244/245
f 3/3/251 4/4/253 128/247/254 126/246/252
f 4/4/253 5/5/255 130/248/256 128/247/254
f 5/5/255 6/6/257 132/249/258 130/248/256
f 6/6/257 7/7/259 134/250/260 132/249/258
f 7/7/259 8/8/261 136/251/262 134/250/260
f 8/8/261 9/9/263 138/252/264 136/251/262
f 9/9/263 10/10/265 140/253/266 138/252/264
f 10/10/265 11/11/267 142/254/268 140/253/266
s 5
f 11/11/269 22/22/270 143/255/271 142/254/272
s 4
f 23/23/273 12/12/247 125/245/250 145/256/274
s 5
f 22/22/270 33/33/275 154/257/276 143/255/271
s 4
f 34/34/277 23/23/273 145/256/274 156/258/278
s 5
f 33/33/275 44/44/279 165/259/280 154/257/276
s 4
f 45/45/281 34/34/277 156/258/278 167/260/282
s 5
f 44/44/279 55/55/283 176/261/284 165/259/280
s 4
f 56/56/285 45/45/281 167/260/282 178/262/286
s 5
f 55/55/283 66/66/287 187/263/288 176/261/284
s 4
f 67/67/289 56/56/285 178/262/286 189/264/290
s 5
f 66/66/287 77/77/291 198/265/292 187/263/288
s 4
f 78/78/293 67/67/289 189/264/290 200/266/294
s 5
f 77/77/291 88/88/295 209/267/296 198/265/292
s 4
f 89/89/297 78/78/293 200/266/294 211/268/298
s 5
f 88/88/295 99/99/299 220/269/300 209/267/296
s 4
f 100/100/301 89/89/297 211/268/298 222/270/302
s 5
f 99/99/299 110/110/303 231/271/304 220/269/300
s 6
f 112/112/305 111/111/306 233/273/307 232/272/308
s 4
f 111/111/309 100/100/301 222/270/302 233/273/310
s 6
f 113/113/311 112/112/305 232/272/308 234/274/312
f 114/114/313 113/113/311 234/274/312 235/275/314
f 115/115/315 114/114/313 235/275/314 236/276/316
f 116/116/317 115/115/315 236/276/316 237/277/318
f 117/117/319 116/116/317 237/277/318 238/278/320
f 118/118/321 117/117/319 238/278/320 239/279/322
f 119/119/323 118/118/321 239/279/322 240/280/324
f 120/120/325 119/119/323 240/280/324 241/281/326
s 5
f 110/110/303 121/121/327 242/282/328 231/271/304
s 6
f 121/121/329 120/120/325 241/281/326 242/282/330
g default
v 5.887238 0.688710 -1.017413
v 5.887238 0.688710 -0.504617
v 5.887238 0.688710 0.008179
v 5.887238 0.688710 0.520976
v 5.887238 0.688710 1.033772
v 5.887238 0.688710 1.546568
v 5.887238 0.688710 2.059365
v 5.887238 0.688710 2.572161
v 5.887238 0.688710 3.084957
v 5.887238 0.688710 3.597753
v 5.887238 0.688710 4.110549
v 5.550696 0.689088 -1.017407
v 5.550696 0.689088 -0.504611
v 5.550696 0.689088 0.008186
v 5.550696 0.689088 0.520982
v 5.550696 0.689088 1.033778
v 5.550696 0.689088 1.546574
v 5.550696 0.689088 2.059371
v 5.550696 0.689088 2.572167
v 5.550696 0.689088 3.084963
v 5.550696 0.689088 3.597759
v 5.550696 0.689088 4.110555
v 5.214154 0.689466 -1.017400
v 5.214154 0.689466 -0.504604
v 5.214154 0.689466 0.008192
v 5.214154 0.689466 0.520988
v 5.214154 0.689466 1.033784
v 5.214154 0.689466 1.546581
v 5.214154 0.689466 2.059377
v 5.214154 0.689466 2.572173
v 5.214154 0.689466 3.084969
v 5.214154 0.689466 3.597766
v 5.214154 0.689466 4.110562
v 4.877611 0.689844 -1.017394
v 4.877611 0.689844 -0.504598
v 4.877611 0.689844 0.008198
v 4.877611 0.689844 0.520994
v 4.877611 0.689844 1.033791
v 4.877611 0.689844 1.546587
v 4.877611 0.689844 2.059383
v 4.877611 0.689844 2.572179
v 4.877611 0.689844 3.084976
v 4.877611 0.689844 3.597772
v 4.877611 0.689844 4.110568
v 4.541069 0.690221 -1.017388
v 4.541069 0.690221 -0.504592
v 4.541069 0.690221 0.008204
v 4.541069 0.690221 0.521001
v 4.541069 0.690221 1.033797
v 4.541069 0.690221 1.546593
v 4.541069 0.690221 2.059389
v 4.541069 0.690221 2.572185
v 4.541069 0.690221 3.084982
v 4.541069 0.690221 3.597778
v 4.541069 0.690221 4.110574
v 4.204527 0.690599 -1.017382
v 4.204527 0.690599 -0.504586
v 4.204527 0.690599 0.008211
v 4.204527 0.690599 0.521007
v 4.204527 0.690599 1.033803
v 4.204527 0.690599 1.546599
v 4.204527 0.690599 2.059396
v 4.204527 0.690599 2.572192
v 4.204527 0.690599 3.084988
v 4.204527 0.690599 3.597784
v 4.204527 0.690599 4.110580
v 3.867985 0.690977 -1.017376
v 3.867985 0.690977 -0.504579
v 3.867985 0.690977 0.008217
v 3.867985 0.690977 0.521013
v 3.867985 0.690977 1.033809
v 3.867985 0.690977 1.546606
v 3.867985 0.690977 2.059402
v 3.867985 0.690977 2.572198
v 3.867985 0.690977 3.084994
v 3.867985 0.690977 3.597791
v 3.867985 0.690977 4.110587
v 3.531443 0.691355 -1.017369
v 3.531443 0.691355 -0.504573
v 3.531443 0.691355 0.008223
v 3.531443 0.691355 0.521019
v 3.531443 0.691355 1.033816
v 3.531443 0.691355 1.546612
v 3.531443 0.691355 2.059408
v 3.531443 0.691355 2.572204
v 3.531443 0.691355 3.085001
v 3.531443 0.691355 3.597797
v 3.531443 0.691355 4.110593
v 3.194901 0.691733 -1.017363
v 3.194901 0.691733 -0.504567
v 3.194901 0.691733 0.008229
v 3.194901 0.691733 0.521026
v 3.194901 0.691733 1.033822
v 3.194901 0.691733 1.546618
v 3.194901 0.691733 2.059414
v 3.194901 0.691733 2.572210
v 3.194901 0.691733 3.085007
v 3.194901 0.691733 3.597803
v 3.194901 0.691733 4.110599
v 2.858359 0.692110 -1.017357
v 2.858359 0.692110 -0.504561
v 2.858359 0.692110 0.008236
v 2.858359 0.692110 0.521032
v 2.858359 0.692110 1.033828
v 2.858359 0.692110 1.546624
v 2.858359 0.692110 2.059421
v 2.858359 0.692110 2.572217
v 2.858359 0.692110 3.085013
v 2.858359 0.692110 3.597809
v 2.858359 0.692110 4.110605
v 2.521817 0.692488 -1.017351
v 2.521817 0.692488 -0.504554
v 2.521817 0.692488 0.008242
v 2.521817 0.692488 0.521038
v 2.521817 0.692488 1.033834
v 2.521817 0.692488 1.546630
v 2.521817 0.692488 2.059427
v 2.521817 0.692488 2.572223
v 2.521817 0.692488 3.085019
v 2.521817 0.692488 3.597816
v 2.521817 0.692488 4.110612
vt 0.000000 0.000000
vt 0.100000 0.000000
vt 0.200000 0.000000
vt 0.300000 0.000000
vt 0.400000 0.000000
vt 0.500000 0.000000
vt 0.600000 0.000000
vt 0.700000 0.000000
vt 0.800000 0.000000
vt 0.900000 0.000000
vt 1.000000 0.000000
vt 0.000000 0.100000
vt 0.100000 0.100000
vt 0.200000 0.100000
vt 0.300000 0.100000
vt 0.400000 0.100000
vt 0.500000 0.100000
vt 0.600000 0.100000
vt 0.700000 0.100000
vt 0.800000 0.100000
vt 0.900000 0.100000
vt 1.000000 0.100000
vt 0.000000 0.200000
vt 0.100000 0.200000
vt 0.200000 0.200000
vt 0.300000 0.200000
vt 0.400000 0.200000
vt 0.500000 0.200000
vt 0.600000 0.200000
vt 0.700000 0.200000
vt 0.800000 0.200000
vt 0.900000 0.200000
vt 1.000000 0.200000
vt 0.000000 0.300000
vt 0.100000 0.300000
vt 0.200000 0.300000
vt 0.300000 0.300000
vt 0.400000 0.300000
vt 0.500000 0.300000
vt 0.600000 0.300000
vt 0.700000 0.300000
vt 0.800000 0.300000
vt 0.900000 0.300000
vt 1.000000 0.300000
vt 0.000000 0.400000
vt 0.100000 0.400000
vt 0.200000 0.400000
vt 0.300000 0.400000
vt 0.400000 0.400000
vt 0.500000 0.400000
vt 0.600000 0.400000
vt 0.700000 0.400000
vt 0.800000 0.400000
vt 0.900000 0.400000
vt 1.000000 0.400000
vt 0.000000 0.500000
vt 0.100000 0.500000
vt 0.200000 0.500000
vt 0.300000 0.500000
vt 0.400000 0.500000
vt 0.500000 0.500000
vt 0.600000 0.500000
vt 0.700000 0.500000
vt 0.800000 0.500000
vt 0.900000 0.500000
vt 1.000000 0.500000
vt 0.000000 0.600000
vt 0.100000 0.600000
vt 0.200000 0.600000
vt 0.300000 0.600000
vt 0.400000 0.600000
vt 0.500000 0.600000
vt 0.600000 0.600000
vt 0.700000 0.600000
vt 0.800000 0.600000
vt 0.900000 0.600000
vt 1.000000 0.600000
vt 0.000000 0.700000
vt 0.100000 0.700000
vt 0.200000 0.700000
vt 0.300000 0.700000
vt 0.400000 0.700000
vt 0.500000 0.700000
vt 0.600000 0.700000
vt 0.700000 0.700000
vt 0.800000 0.700000
vt 0.900000 0.700000
vt 1.000000 0.700000
vt 0.000000 0.800000
vt 0.100000 0.800000
vt 0.200000 0.800000
vt 0.300000 0.800000
vt 0.400000 0.800000
vt 0.500000 0.800000
vt 0.600000 0.800000
vt 0.700000 0.800000
vt 0.800000 0.800000
vt 0.900000 0.800000
vt 1.000000 0.800000
vt 0.000000 0.900000
vt 0.100000 0.900000
vt 0.200000 0.900000
vt 0.300000 0.900000
vt 0.400000 0.900000
vt 0.500000 0.900000
vt 0.600000 0.900000
vt 0.700000 0.900000
vt 0.800000 0.900000
vt 0.900000 0.900000
vt 1.000000 0.900000
vt 0.000000 1.000000
vt 0.100000 1.000000
vt 0.200000 1.000000
vt 0.300000 1.000000
vt 0.400000 1.000000
vt 0.500000 1.000000
vt 0.600000 1.000000
vt 0.700000 1.000000
vt 0.800000 1.000000
vt 0.900000 1.000000
vt 1.000000 1.000000
vn -0.001122 -0.999999 0.000000
vn -0.001122 -0.999999 0.000000
vn -0.001122 -0.999999 0.000000
vn -0.001122 -0.999999 0.000000
vn -0.001122 -0.999999 0.000000
vn -0.001122 -0.999999 0.000000
vn -0.001122 -0.999999 0.000000
vn -0.001122 -0.999999 0.000000
vn -0.001122 -0.999999 0.000000
vn -0.001122 -0.999999 0.000000
vn -0.001122 -0.999999 0.000000
vn -0.001122 -0.999999 0.000000
vn -0.001122 -0.999999 0.000000
vn -0.001122 -0.999999 0.000000
vn -0.001122 -0.999999 0.000000
vn -0.001122 -0.999999 0.000000
vn -0.001122 -0.999999 0.000000
vn -0.001122 -0.999999 0.000000
vn -0.001122 -0.999999 0.000000
vn -0.001122 -0.999999 0.000000
vn -0.001122 -0.999999 0.000000
vn -0.001122 -0.999999 0.000000
vn -0.001122 -0.999999 0.000000
vn -0.001122 -0.999999 0.000000
vn -0.001122 -0.999999 0.000000
vn -0.001122 -0.999999 0.000000
vn -0.001122 -0.999999 0.000000
vn -0.001122 -0.999999 0.000000
vn -0.001122 -0.999999 0.000000
vn -0.001122 -0.999999 0.000000
vn -0.001122 -0.999999 0.000000
vn -0.001122 -0.999999 0.000000
vn -0.001122 -0.999999 0.000000
vn -0.001122 -0.999999 0.000000
vn -0.001122 -0.999999 0.000000
vn -0.001122 -0.999999 0.000000
vn -0.001122 -0.999999 0.000000
vn -0.001122 -0.999999 0.000000
vn -0.001122 -0.999999 0.000000
vn -0.001122 -0.999999 0.000000
vn -0.001122 -0.999999 0.000000
vn -0.001122 -0.999999 0.000000
vn -0.001122 -0.999999 0.000000
vn -0.001122 -0.999999 0.000000
vn -0.001122 -0.999999 0.000000
vn -0.001122 -0.999999 0.000000
vn -0.001122 -0.999999 0.000000
vn -0.001122 -0.999999 0.000000
vn -0.001122 -0.999999 0.000000
vn -0.001122 -0.999999 0.000000
vn -0.001122 -0.999999 0.000000
vn -0.001122 -0.999999 0.000000
vn -0.001122 -0.999999 0.000000
vn -0.001122 -0.999999 0.000000
vn -0.001122 -0.999999 0.000000
vn -0.001122 -0.999999 0.000000
vn -0.001122 -0.999999 0.000000
vn -0.001122 -0.999999 0.000000
vn -0.001122 -0.999999 0.000000
vn -0.001122 -0.999999 0.000000
vn -0.001122 -0.999999 0.000000
vn -0.001122 -0.999999 0.000000
vn -0.001122 -0.999999 0.000000
vn -0.001122 -0.999999 0.000000
vn -0.001122 -0.999999 0.000000
vn -0.001122 -0.999999 0.000000
vn -0.001122 -0.999999 0.000000
vn -0.001122 -0.999999 0.000000
vn -0.001122 -0.999999 0.000000
vn -0.001122 -0.999999 0.000000
vn -0.001122 -0.999999 0.000000
vn -0.001122 -0.999999 0.000000
vn -0.001122 -0.999999 0.000000
vn -0.001122 -0.999999 0.000000
vn -0.001122 -0.999999 0.000000
vn -0.001122 -0.999999 0.000000
vn -0.001122 -0.999999 0.000000
vn -0.001122 -0.999999 0.000000
vn -0.001122 -0.999999 0.000000
vn -0.001122 -0.999999 0.000000
vn -0.001122 -0.999999 0.000000
vn -0.001122 -0.999999 0.000000
vn -0.001122 -0.999999 0.000000
vn -0.001122 -0.999999 0.000000
vn -0.001122 -0.999999 0.000000
vn -0.001122 -0.999999 0.000000
vn -0.001122 -0.999999 0.000000
vn -0.001122 -0.999999 0.000000
vn -0.001122 -0.999999 0.000000
vn -0.001122 -0.999999 0.000000
vn -0.001122 -0.999999 0.000000
vn -0.001122 -0.999999 0.000000
vn -0.001122 -0.999999 0.000000
vn -0.001122 -0.999999 0.000000
vn -0.001122 -0.999999 0.000000
vn -0.001122 -0.999999 0.000000
vn -0.001122 -0.999999 0.000000
vn -0.001122 -0.999999 0.000000
vn -0.001122 -0.999999 0.000000
vn -0.001122 -0.999999 0.000000
vn -0.001122 -0.999999 0.000000
vn -0.001122 -0.999999 0.000000
vn -0.001122 -0.999999 0.000000
vn -0.001122 -0.999999 0.000000
vn -0.001122 -0.999999 0.000000
vn -0.001122 -0.999999 0.000000
vn -0.001122 -0.999999 0.000000
vn -0.001122 -0.999999 0.000000
vn -0.001122 -0.999999 0.000000
vn -0.001122 -0.999999 0.000000
vn -0.001122 -0.999999 0.000000
vn -0.001122 -0.999999 0.000000
vn -0.001122 -0.999999 0.000000
vn -0.001122 -0.999999 0.000000
vn -0.001122 -0.999999 0.000000
vn -0.001122 -0.999999 0.000000
vn -0.001122 -0.999999 0.000000
vn -0.001122 -0.999999 0.000000
vn -0.001122 -0.999999 0.000000
vn -0.001122 -0.999999 0.000000
vn -0.001122 -0.999999 0.000000
s 1
g pPlane20 pPlane18
usemtl lambert13SG
f 243/283/331 244/284/332 255/295/333 254/294/334
f 244/284/332 245/285/335 256/296/336 255/295/333
f 245/285/335 246/286/337 257/297/338 256/296/336
f 246/286/337 247/287/339 258/298/340 257/297/338
f 247/287/339 248/288/341 259/299/342 258/298/340
f 248/288/341 249/289/343 260/300/344 259/299/342
f 249/289/343 250/290/345 261/301/346 260/300/344
f 250/290/345 251/291/347 262/302/348 261/301/346
f 251/291/347 252/292/349 263/303/350 262/302/348
f 252/292/349 253/293/351 264/304/352 263/303/350
f 254/294/334 255/295/333 266/306/353 265/305/354
f 255/295/333 256/296/336 267/307/355 266/306/353
f 256/296/336 257/297/338 268/308/356 267/307/355
f 257/297/338 258/298/340 269/309/357 268/308/356
f 258/298/340 259/299/342 270/310/358 269/309/357
f 259/299/342 260/300/344 271/311/359 270/310/358
f 260/300/344 261/301/346 272/312/360 271/311/359
f 261/301/346 262/302/348 273/313/361 272/312/360
f 262/302/348 263/303/350 274/314/362 273/313/361
f 263/303/350 264/304/352 275/315/363 274/314/362
f 265/305/354 266/306/353 277/317/364 276/316/365
f 266/306/353 267/307/355 278/318/366 277/317/364
f 267/307/355 268/308/356 279/319/367 278/318/366
f 268/308/356 269/309/357 280/320/368 279/319/367
f 269/309/357 270/310/358 281/321/369 280/320/368
f 270/310/358 271/311/359 282/322/370 281/321/369
f 271/311/359 272/312/360 283/323/371 282/322/370
f 272/312/360 273/313/361 284/324/372 283/323/371
f 273/313/361 274/314/362 285/325/373 284/324/372
f 274/314/362 275/315/363 286/326/374 285/325/373
f 276/316/365 277/317/364 288/328/375 287/327/376
f 277/317/364 278/318/366 289/329/377 288/328/375
f 278/318/366 279/319/367 290/330/378 289/329/377
f 279/319/367 280/320/368 291/331/379 290/330/378
f 280/320/368 281/321/369 292/332/380 291/331/379
f 281/321/369 282/322/370 293/333/381 292/332/380
f 282/322/370 283/323/371 294/334/382 293/333/381
f 283/323/371 284/324/372 295/335/383 294/334/382
f 284/324/372 285/325/373 296/336/384 295/335/383
f 285/325/373 286/326/374 297/337/385 296/336/384
f 287/327/376 288/328/375 299/339/386 298/338/387
f 288/328/375 289/329/377 300/340/388 299/339/386
f 289/329/377 290/330/378 301/341/389 300/340/388
f 290/330/378 291/331/379 302/342/390 301/341/389
f 291/331/379 292/332/380 303/343/391 302/342/390
f 292/332/380 293/333/381 304/344/392 303/343/391
f 293/333/381 294/334/382 305/345/393 304/344/392
f 294/334/382 295/335/383 306/346/394 305/345/393
f 295/335/383 296/336/384 307/347/395 306/346/394
f 296/336/384 297/337/385 308/348/396 307/347/395
f 298/338/387 299/339/386 310/350/397 309/349/398
f 299/339/386 300/340/388 311/351/399 310/350/397
f 300/340/388 301/341/389 312/352/400 311/351/399
f 301/341/389 302/342/390 313/353/401 312/352/400
f 302/342/390 303/343/391 314/354/402 313/353/401
f 303/343/391 304/344/392 315/355/403 314/354/402
f 304/344/392 305/345/393 316/356/404 315/355/403
f 305/345/393 306/346/394 317/357/405 316/356/404
f 306/346/394 307/347/395 318/358/406 317/357/405
f 307/347/395 308/348/396 319/359/407 318/358/406
f 309/349/398 310/350/397 321/361/408 320/360/409
f 310/350/397 311/351/399 322/362/410 321/361/408
f 311/351/399 312/352/400 323/363/411 322/362/410
f 312/352/400 313/353/401 324/364/412 323/363/411
f 313/353/401 314/354/402 325/365/413 324/364/412
f 314/354/402 315/355/403 326/366/414 325/365/413
f 315/355/403 316/356/404 327/367/415 326/366/414
f 316/356/404 317/357/405 328/368/416 327/367/415
f 317/357/405 318/358/406 329/369/417 328/368/416
f 318/358/406 319/359/407 330/370/418 329/369/417
f 320/360/409 321/361/408 332/372/419 331/371/420
f 321/361/408 322/362/410 333/373/421 332/372/419
f 322/362/410 323/363/411 334/374/422 333/373/421
f 323/363/411 324/364/412 335/375/423 334/374/422
f 324/364/412 325/365/413 336/376/424 335/375/423
f 325/365/413 326/366/414 337/377/425 336/376/424
f 326/366/414 327/367/415 338/378/426 337/377/425
f 327/367/415 328/368/416 339/379/427 338/378/426
f 328/368/416 329/369/417 340/380/428 339/379/427
f 329/369/417 330/370/418 341/381/429 340/380/428
f 331/371/420 332/372/419 343/383/430 342/382/431
f 332/372/419 333/373/421 344/384/432 343/383/430
f 333/373/421 334/374/422 345/385/433 344/384/432
f 334/374/422 335/375/423 346/386/434 345/385/433
f 335/375/423 336/376/424 347/387/435 346/386/434
f 336/376/424 337/377/425 348/388/436 347/387/435
f 337/377/425 338/378/426 349/389/437 348/388/436
f 338/378/426 339/379/427 350/390/438 349/389/437
f 339/379/427 340/380/428 351/391/439 350/390/438
f 340/380/428 341/381/429 352/392/440 351/391/439
f 342/382/431 343/383/430 354/394/441 353/393/442
f 343/383/430 344/384/432 355/395/443 354/394/441
f 344/384/432 345/385/433 356/396/444 355/395/443
f 345/385/433 346/386/434 357/397/445 356/396/444
f 346/386/434 347/387/435 358/398/446 357/397/445
f 347/387/435 348/388/436 359/399/447 358/398/446
f 348/388/436 349/389/437 360/400/448 359/399/447
f 349/389/437 350/390/438 361/401/449 360/400/448
f 350/390/438 351/391/439 362/402/450 361/401/449
f 351/391/439 352/392/440 363/403/451 362/402/450
g default
v 7.764066 0.694235 -4.865184
v 7.764066 0.694235 -3.977977
v 7.764066 0.694235 -3.090770
v 7.764066 0.694235 -2.203563
v 7.764066 0.694235 -1.316357
v 7.764066 0.694235 -0.429150
v 7.764066 0.694235 0.458057
v 7.764066 0.694235 1.345264
v 7.764066 0.694235 2.232471
v 7.764066 0.694235 3.119678
v 7.764066 0.694235 4.006884
v 7.052177 0.693311 -4.865171
v 7.052177 0.693311 -3.977964
v 7.052177 0.693311 -3.090758
v 7.052177 0.693311 -2.203551
v 7.052177 0.693311 -1.316344
v 7.052177 0.693311 -0.429137
v 7.052177 0.693311 0.458070
v 7.052177 0.693311 1.345276
v 7.052177 0.693311 2.232483
v 7.052177 0.693311 3.119690
v 7.052177 0.693311 4.006897
v 6.340289 0.692386 -4.865159
v 6.340289 0.692386 -3.977952
v 6.340289 0.692386 -3.090745
v 6.340289 0.692386 -2.203538
v 6.340289 0.692386 -1.316331
v 6.340289 0.692386 -0.429125
v 6.340289 0.692386 0.458082
v 6.340289 0.692386 1.345289
v 6.340289 0.692386 2.232496
v 6.340289 0.692386 3.119703
v 6.340289 0.692386 4.006909
v 5.628400 0.691462 -4.865146
v 5.628400 0.691462 -3.977939
v 5.628400 0.691462 -3.090732
v 5.628400 0.691462 -2.203525
v 5.628400 0.691462 -1.316319
v 5.628400 0.691462 -0.429112
v 5.628400 0.691462 0.458095
v 5.628400 0.691462 1.345302
v 5.628400 0.691462 2.232509
v 5.628400 0.691462 3.119716
v 5.628400 0.691462 4.006922
v 4.916512 0.690538 -4.865133
v 4.916512 0.690538 -3.977927
v 4.916512 0.690538 -3.090720
v 4.916512 0.690538 -2.203513
v 4.916512 0.690538 -1.316306
v 4.916512 0.690538 -0.429099
v 4.916512 0.690538 0.458108
v 4.916512 0.690538 1.345314
v 4.916512 0.690538 2.232521
v 4.916512 0.690538 3.119728
v 4.916512 0.690538 4.006935
v 4.204623 0.689614 -4.865121
v 4.204623 0.689614 -3.977914
v 4.204623 0.689614 -3.090707
v 4.204623 0.689614 -2.203500
v 4.204623 0.689614 -1.316293
v 4.204623 0.689614 -0.429087
v 4.204623 0.689614 0.458120
v 4.204623 0.689614 1.345327
v 4.204623 0.689614 2.232534
v 4.204623 0.689614 3.119741
v 4.204623 0.689614 4.006947
v 3.492735 0.688689 -4.865108
v 3.492735 0.688689 -3.977901
v 3.492735 0.688689 -3.090695
v 3.492735 0.688689 -2.203488
v 3.492735 0.688689 -1.316281
v 3.492735 0.688689 -0.429074
v 3.492735 0.688689 0.458133
v 3.492735 0.688689 1.345339
v 3.492735 0.688689 2.232546
v 3.492735 0.688689 3.119753
v 3.492735 0.688689 4.006960
v 2.780847 0.687765 -4.865095
v 2.780847 0.687765 -3.977889
v 2.780847 0.687765 -3.090682
v 2.780847 0.687765 -2.203475
v 2.780847 0.687765 -1.316268
v 2.780847 0.687765 -0.429061
v 2.780847 0.687765 0.458146
v 2.780847 0.687765 1.345352
v 2.780847 0.687765 2.232559
v 2.780847 0.687765 3.119766
v 2.780847 0.687765 4.006973
v 2.068958 0.686841 -4.865083
v 2.068958 0.686841 -3.977876
v 2.068958 0.686841 -3.090669
v 2.068958 0.686841 -2.203462
v 2.068958 0.686841 -1.316256
v 2.068958 0.686841 -0.429049
v 2.068958 0.686841 0.458158
v 2.068958 0.686841 1.345365
v 2.068958 0.686841 2.232572
v 2.068958 0.686841 3.119779
v 2.068958 0.686841 4.006985
v 1.357069 0.685916 -4.865070
v 1.357069 0.685916 -3.977863
v 1.357069 0.685916 -3.090657
v 1.357069 0.685916 -2.203450
v 1.357069 0.685916 -1.316243
v 1.357069 0.685916 -0.429036
v 1.357069 0.685916 0.458171
v 1.357069 0.685916 1.345377
v 1.357069 0.685916 2.232584
v 1.357069 0.685916 3.119791
v 1.357069 0.685916 4.006998
v 0.645181 0.684992 -4.865057
v 0.645181 0.684992 -3.977851
v 0.645181 0.684992 -3.090644
v 0.645181 0.684992 -2.203437
v 0.645181 0.684992 -1.316230
v 0.645181 0.684992 -0.429024
v 0.645181 0.684992 0.458183
v 0.645181 0.684992 1.345390
v 0.645181 0.684992 2.232597
v 0.645181 0.684992 3.119804
v 0.645181 0.684992 4.007010
vt 0.000000 0.000000
vt 0.100000 0.000000
vt 0.200000 0.000000
vt 0.300000 0.000000
vt 0.400000 0.000000
vt 0.500000 0.000000
vt 0.600000 0.000000
vt 0.700000 0.000000
vt 0.800000 0.000000
vt 0.900000 0.000000
vt 1.000000 0.000000
vt 0.000000 0.100000
vt 0.100000 0.100000
vt 0.200000 0.100000
vt 0.300000 0.100000
vt 0.400000 0.100000
vt 0.500000 0.100000
vt 0.600000 0.100000
vt 0.700000 0.100000
vt 0.800000 0.100000
vt 0.900000 0.100000
vt 1.000000 0.100000
vt 0.000000 0.200000
vt 0.100000 0.200000
vt 0.200000 0.200000
vt 0.300000 0.200000
vt 0.400000 0.200000
vt 0.500000 0.200000
vt 0.600000 0.200000
vt 0.700000 0.200000
vt 0.800000 0.200000
vt 0.900000 0.200000
vt 1.000000 0.200000
vt 0.000000 0.300000
vt 0.100000 0.300000
vt 0.200000 0.300000
vt 0.300000 0.300000
vt 0.400000 0.300000
vt 0.500000 0.300000
vt 0.600000 0.300000
vt 0.700000 0.300000
vt 0.800000 0.300000
vt 0.900000 0.300000
vt 1.000000 0.300000
vt 0.000000 0.400000
vt 0.100000 0.400000
vt 0.200000 0.400000
vt 0.300000 0.400000
vt 0.400000 0.400000
vt 0.500000 0.400000
vt 0.600000 0.400000
vt 0.700000 0.400000
vt 0.800000 0.400000
vt 0.900000 0.400000
vt 1.000000 0.400000
vt 0.000000 0.500000
vt 0.100000 0.500000
vt 0.200000 0.500000
vt 0.300000 0.500000
vt 0.400000 0.500000
vt 0.500000 0.500000
vt 0.600000 0.500000
vt 0.700000 0.500000
vt 0.800000 0.500000
vt 0.900000 0.500000
vt 1.000000 0.500000
vt 0.000000 0.600000
vt 0.100000 0.600000
vt 0.200000 0.600000
vt 0.300000 0.600000
vt 0.400000 0.600000
vt 0.500000 0.600000
vt 0.600000 0.600000
vt 0.700000 0.600000
vt 0.800000 0.600000
vt 0.900000 0.600000
vt 1.000000 0.600000
vt 0.000000 0.700000
vt 0.100000 0.700000
vt 0.200000 0.700000
vt 0.300000 0.700000
vt 0.400000 0.700000
vt 0.500000 0.700000
vt 0.600000 0.700000
vt 0.700000 0.700000
vt 0.800000 0.700000
vt 0.900000 0.700000
vt 1.000000 0.700000
vt 0.000000 0.800000
vt 0.100000 0.800000
vt 0.200000 0.800000
vt 0.300000 0.800000
vt 0.400000 0.800000
vt 0.500000 0.800000
vt 0.600000 0.800000
vt 0.700000 0.800000
vt 0.800000 0.800000
vt 0.900000 0.800000
vt 1.000000 0.800000
vt 0.000000 0.900000
vt 0.100000 0.900000
vt 0.200000 0.900000
vt 0.300000 0.900000
vt 0.400000 0.900000
vt 0.500000 0.900000
vt 0.600000 0.900000
vt 0.700000 0.900000
vt 0.800000 0.900000
vt 0.900000 0.900000
vt 1.000000 0.900000
vt 0.000000 1.000000
vt 0.100000 1.000000
vt 0.200000 1.000000
vt 0.300000 1.000000
vt 0.400000 1.000000
vt 0.500000 1.000000
vt 0.600000 1.000000
vt 0.700000 1.000000
vt 0.800000 1.000000
vt 0.900000 1.000000
vt 1.000000 1.000000
vn 0.001298 -0.999999 0.000000
vn 0.001298 -0.999999 0.000000
vn 0.001298 -0.999999 0.000000
vn 0.001298 -0.999999 0.000000
vn 0.001298 -0.999999 0.000000
vn 0.001298 -0.999999 0.000000
vn 0.001298 -0.999999 0.000000
vn 0.001298 -0.999999 0.000000
vn 0.001298 -0.999999 0.000000
vn 0.001298 -0.999999 0.000000
vn 0.001298 -0.999999 0.000000
vn 0.001298 -0.999999 0.000000
vn 0.001298 -0.999999 0.000000
vn 0.001298 -0.999999 0.000000
vn 0.001298 -0.999999 0.000000
vn 0.001298 -0.999999 0.000000
vn 0.001298 -0.999999 0.000000
vn 0.001298 -0.999999 0.000000
vn 0.001298 -0.999999 0.000000
vn 0.001298 -0.999999 0.000000
vn 0.001298 -0.999999 0.000000
vn 0.001298 -0.999999 0.000000
vn 0.001298 -0.999999 0.000000
vn 0.001298 -0.999999 0.000000
vn 0.001298 -0.999999 0.000000
vn 0.001298 -0.999999 0.000000
vn 0.001298 -0.999999 0.000000
vn 0.001298 -0.999999 0.000000
vn 0.001298 -0.999999 0.000000
vn 0.001298 -0.999999 0.000000
vn 0.001298 -0.999999 0.000000
vn 0.001298 -0.999999 0.000000
vn 0.001298 -0.999999 0.000000
vn 0.001298 -0.999999 0.000000
vn 0.001298 -0.999999 0.000000
vn 0.001298 -0.999999 0.000000
vn 0.001298 -0.999999 0.000000
vn 0.001298 -0.999999 0.000000
vn 0.001298 -0.999999 0.000000
vn 0.001298 -0.999999 0.000000
vn 0.001298 -0.999999 0.000000
vn 0.001298 -0.999999 0.000000
vn 0.001298 -0.999999 0.000000
vn 0.001298 -0.999999 0.000000
vn 0.001298 -0.999999 0.000000
vn 0.001298 -0.999999 0.000000
vn 0.001298 -0.999999 0.000000
vn 0.001298 -0.999999 0.000000
vn 0.001298 -0.999999 0.000000
vn 0.001298 -0.999999 0.000000
vn 0.001298 -0.999999 0.000000
vn 0.001298 -0.999999 0.000000
vn 0.001298 -0.999999 0.000000
vn 0.001298 -0.999999 0.000000
vn 0.001298 -0.999999 0.000000
vn 0.001298 -0.999999 0.000000
vn 0.001298 -0.999999 0.000000
vn 0.001298 -0.999999 0.000000
vn 0.001298 -0.999999 0.000000
vn 0.001298 -0.999999 0.000000
vn 0.001298 -0.999999 0.000000
vn 0.001298 -0.999999 0.000000
vn 0.001298 -0.999999 0.000000
vn 0.001298 -0.999999 0.000000
vn 0.001298 -0.999999 0.000000
vn 0.001298 -0.999999 0.000000
vn 0.001298 -0.999999 0.000000
vn 0.001298 -0.999999 0.000000
vn 0.001298 -0.999999 0.000000
vn 0.001298 -0.999999 0.000000
vn 0.001298 -0.999999 0.000000
vn 0.001298 -0.999999 0.000000
vn 0.001298 -0.999999 0.000000
vn 0.001298 -0.999999 0.000000
vn 0.001298 -0.999999 0.000000
vn 0.001298 -0.999999 0.000000
vn 0.001298 -0.999999 0.000000
vn 0.001298 -0.999999 0.000000
vn 0.001298 -0.999999 0.000000
vn 0.001298 -0.999999 0.000000
vn 0.001298 -0.999999 0.000000
vn 0.001298 -0.999999 0.000000
vn 0.001298 -0.999999 0.000000
vn 0.001298 -0.999999 0.000000
vn 0.001298 -0.999999 0.000000
vn 0.001298 -0.999999 0.000000
vn 0.001298 -0.999999 0.000000
vn 0.001298 -0.999999 0.000000
vn 0.001298 -0.999999 0.000000
vn 0.001298 -0.999999 0.000000
vn 0.001298 -0.999999 0.000000
vn 0.001298 -0.999999 0.000000
vn 0.001298 -0.999999 0.000000
vn 0.001298 -0.999999 0.000000
vn 0.001298 -0.999999 0.000000
vn 0.001298 -0.999999 0.000000
vn 0.001298 -0.999999 0.000000
vn 0.001298 -0.999999 0.000000
vn 0.001298 -0.999999 0.000000
vn 0.001298 -0.999999 0.000000
vn 0.001298 -0.999999 0.000000
vn 0.001298 -0.999999 0.000000
vn 0.001298 -0.999999 0.000000
vn 0.001298 -0.999999 0.000000
vn 0.001298 -0.999999 0.000000
vn 0.001298 -0.999999 0.000000
vn 0.001298 -0.999999 0.000000
vn 0.001298 -0.999999 0.000000
vn 0.001298 -0.999999 0.000000
vn 0.001298 -0.999999 0.000000
vn 0.001298 -0.999999 0.000000
vn 0.001298 -0.999999 0.000000
vn 0.001298 -0.999999 0.000000
vn 0.001298 -0.999999 0.000000
vn 0.001298 -0.999999 0.000000
vn 0.001298 -0.999999 0.000000
vn 0.001298 -0.999999 0.000000
vn 0.001298 -0.999999 0.000000
vn 0.001298 -0.999999 0.000000
vn 0.001298 -0.999999 0.000000
vn 0.001298 -0.999999 0.000000
s 1
g pPlane20 pPlane19
usemtl lambert15SG
f 364/404/452 365/405/453 376/416/454 375/415/455
f 365/405/453 366/406/456 377/417/457 376/416/454
f 366/406/456 367/407/458 378/418/459 377/417/457
f 367/407/458 368/408/460 379/419/461 378/418/459
f 368/408/460 369/409/462 380/420/463 379/419/461
f 369/409/462 370/410/464 381/421/465 380/420/463
f 370/410/464 371/411/466 382/422/467 381/421/465
f 371/411/466 372/412/468 383/423/469 382/422/467
f 372/412/468 373/413/470 384/424/471 383/423/469
f 373/413/470 374/414/472 385/425/473 384/424/471
f 375/415/455 376/416/454 387/427/474 386/426/475
f 376/416/454 377/417/457 388/428/476 387/427/474
f 377/417/457 378/418/459 389/429/477 388/428/476
f 378/418/459 379/419/461 390/430/478 389/429/477
f 379/419/461 380/420/463 391/431/479 390/430/478
f 380/420/463 381/421/465 392/432/480 391/431/479
f 381/421/465 382/422/467 393/433/481 392/432/480
f 382/422/467 383/423/469 394/434/482 393/433/481
f 383/423/469 384/424/471 395/435/483 394/434/482
f 384/424/471 385/425/473 396/436/484 395/435/483
f 386/426/475 387/427/474 398/438/485 397/437/486
f 387/427/474 388/428/476 399/439/487 398/438/485
f 388/428/476 389/429/477 400/440/488 399/439/487
f 389/429/477 390/430/478 401/441/489 400/440/488
f 390/430/478 391/431/479 402/442/490 401/441/489
f 391/431/479 392/432/480 403/443/491 402/442/490
f 392/432/480 393/433/481 404/444/492 403/443/491
f 393/433/481 394/434/482 405/445/493 404/444/492
f 394/434/482 395/435/483 406/446/494 405/445/493
f 395/435/483 396/436/484 407/447/495 406/446/494
f 397/437/486 398/438/485 409/449/496 408/448/497
f 398/438/485 399/439/487 410/450/498 409/449/496
f 399/439/487 400/440/488 411/451/499 410/450/498
f 400/440/488 401/441/489 412/452/500 411/451/499
f 401/441/489 402/442/490 413/453/501 412/452/500
f 402/442/490 403/443/491 414/454/502 413/453/501
f 403/443/491 404/444/492 415/455/503 414/454/502
f 404/444/492 405/445/493 416/456/504 415/455/503
f 405/445/493 406/446/494 417/457/505 416/456/504
f 406/446/494 407/447/495 418/458/506 417/457/505
f 408/448/497 409/449/496 420/460/507 419/459/508
f 409/449/496 410/450/498 421/461/509 420/460/507
f 410/450/498 411/451/499 422/462/510 421/461/509
f 411/451/499 412/452/500 423/463/511 422/462/510
f 412/452/500 413/453/501 424/464/512 423/463/511
f 413/453/501 414/454/502 425/465/513 424/464/512
f 414/454/502 415/455/503 426/466/514 425/465/513
f 415/455/503 416/456/504 427/467/515 426/466/514
f 416/456/504 417/457/505 428/468/516 427/467/515
f 417/457/505 418/458/506 429/469/517 428/468/516
f 419/459/508 420/460/507 431/471/518 430/470/519
f 420/460/507 421/461/509 432/472/520 431/471/518
f 421/461/509 422/462/510 433/473/521 432/472/520
f 422/462/510 423/463/511 434/474/522 433/473/521
f 423/463/511 424/464/512 435/475/523 434/474/522
f 424/464/512 425/465/513 436/476/524 435/475/523
f 425/465/513 426/466/514 437/477/525 436/476/524
f 426/466/514 427/467/515 438/478/526 437/477/525
f 427/467/515 428/468/516 439/479/527 438/478/526
f 428/468/516 429/469/517 440/480/528 439/479/527
f 430/470/519 431/471/518 442/482/529 441/481/530
f 431/471/518 432/472/520 443/483/531 442/482/529
f 432/472/520 433/473/521 444/484/532 443/483/531
f 433/473/521 434/474/522 445/485/533 444/484/532
f 434/474/522 435/475/523 446/486/534 445/485/533
f 435/475/523 436/476/524 447/487/535 446/486/534
f 436/476/524 437/477/525 448/488/536 447/487/535
f 437/477/525 438/478/526 449/489/537 448/488/536
f 438/478/526 439/479/527 450/490/538 449/489/537
f 439/479/527 440/480/528 451/491/539 450/490/538
f 441/481/530 442/482/529 453/493/540 452/492/541
f 442/482/529 443/483/531 454/494/542 453/493/540
f 443/483/531 444/484/532 455/495/543 454/494/542
f 444/484/532 445/485/533 456/496/544 455/495/543
f 445/485/533 446/486/534 457/497/545 456/496/544
f 446/486/534 447/487/535 458/498/546 457/497/545
f 447/487/535 448/488/536 459/499/547 458/498/546
f 448/488/536 449/489/537 460/500/548 459/499/547
f 449/489/537 450/490/538 461/501/549 460/500/548
f 450/490/538 451/491/539 462/502/550 461/501/549
f 452/492/541 453/493/540 464/504/551 463/503/552
f 453/493/540 454/494/542 465/505/553 464/504/551
f 454/494/542 455/495/543 466/506/554 465/505/553
f 455/495/543 456/496/544 467/507/555 466/506/554
f 456/496/544 457/497/545 468/508/556 467/507/555
f 457/497/545 458/498/546 469/509/557 468/508/556
f 458/498/546 459/499/547 470/510/558 469/509/557
f 459/499/547 460/500/548 471/511/559 470/510/558
f 460/500/548 461/501/549 472/512/560 471/511/559
f 461/501/549 462/502/550 473/513/561 472/512/560
f 463/503/552 464/504/551 475/515/562 474/514/563
f 464/504/551 465/505/553 476/516/564 475/515/562
f 465/505/553 466/506/554 477/517/565 476/516/564
f 466/506/554 467/507/555 478/518/566 477/517/565
f 467/507/555 468/508/556 479/519/567 478/518/566
f 468/508/556 469/509/557 480/520/568 479/519/567
f 469/509/557 470/510/558 481/521/569 480/520/568
f 470/510/558 471/511/559 482/522/570 481/521/569
f 471/511/559 472/512/560 483/523/571 482/522/570
f 472/512/560 473/513/561 484/524/572 483/523/571
g default
v 5.887238 0.688710 -1.017413
v 5.887238 0.688710 -0.504617
v 5.887238 0.688710 0.008179
v 5.887238 0.688710 0.520976
v 5.887238 0.688710 1.033772
v 5.887238 0.688710 1.546568
v 5.887238 0.688710 2.059365
v 5.887238 0.688710 2.572161
v 5.887238 0.688710 3.084957
v 5.887238 0.688710 3.597753
v 5.887238 0.688710 4.110549
v 5.550696 0.689088 -1.017407
v 5.550696 0.689088 -0.504611
v 5.550696 0.689088 0.008186
v 5.550696 0.689088 0.520982
v 5.550696 0.689088 1.033778
v 5.550696 0.689088 1.546574
v 5.550696 0.689088 2.059371
v 5.550696 0.689088 2.572167
v 5.550696 0.689088 3.084963
v 5.550696 0.689088 3.597759
v 5.550696 0.689088 4.110555
v 5.214154 0.689466 -1.017400
v 5.214154 0.689466 -0.504604
v 5.214154 0.689466 0.008192
v 5.214154 0.689466 0.520988
v 5.214154 0.689466 1.033784
v 5.214154 0.689466 1.546581
v 5.214154 0.689466 2.059377
v 5.214154 0.689466 2.572173
v 5.214154 0.689466 3.084969
v 5.214154 0.689466 3.597766
v 5.214154 0.689466 4.110562
v 4.877611 0.689844 -1.017394
v 4.877611 0.689844 -0.504598
v 4.877611 0.689844 0.008198
v 4.877611 0.689844 0.520994
v 4.877611 0.689844 1.033791
v 4.877611 0.689844 1.546587
v 4.877611 0.689844 2.059383
v 4.877611 0.689844 2.572179
v 4.877611 0.689844 3.084976
v 4.877611 0.689844 3.597772
v 4.877611 0.689844 4.110568
v 4.541069 0.690221 -1.017388
v 4.541069 0.690221 -0.504592
v 4.541069 0.690221 0.008204
v 4.541069 0.690221 0.521001
v 4.541069 0.690221 1.033797
v 4.541069 0.690221 1.546593
v 4.541069 0.690221 2.059389
v 4.541069 0.690221 2.572185
v 4.541069 0.690221 3.084982
v 4.541069 0.690221 3.597778
v 4.541069 0.690221 4.110574
v 4.204527 0.690599 -1.017382
v 4.204527 0.690599 -0.504586
v 4.204527 0.690599 0.008211
v 4.204527 0.690599 0.521007
v 4.204527 0.690599 1.033803
v 4.204527 0.690599 1.546599
v 4.204527 0.690599 2.059396
v 4.204527 0.690599 2.572192
v 4.204527 0.690599 3.084988
v 4.204527 0.690599 3.597784
v 4.204527 0.690599 4.110580
v 3.867985 0.690977 -1.017376
v 3.867985 0.690977 -0.504579
v 3.867985 0.690977 0.008217
v 3.867985 0.690977 0.521013
v 3.867985 0.690977 1.033809
v 3.867985 0.690977 1.546606
v 3.867985 0.690977 2.059402
v 3.867985 0.690977 2.572198
v 3.867985 0.690977 3.084994
v 3.867985 0.690977 3.597791
v 3.867985 0.690977 4.110587
v 3.531443 0.691355 -1.017369
v 3.531443 0.691355 -0.504573
v 3.531443 0.691355 0.008223
v 3.531443 0.691355 0.521019
v 3.531443 0.691355 1.033816
v 3.531443 0.691355 1.546612
v 3.531443 0.691355 2.059408
v 3.531443 0.691355 2.572204
v 3.531443 0.691355 3.085001
v 3.531443 0.691355 3.597797
v 3.531443 0.691355 4.110593
v 3.194901 0.691733 -1.017363
v 3.194901 0.691733 -0.504567
v 3.194901 0.691733 0.008229
v 3.194901 0.691733 0.521026
v 3.194901 0.691733 1.033822
v 3.194901 0.691733 1.546618
v 3.194901 0.691733 2.059414
v 3.194901 0.691733 2.572210
v 3.194901 0.691733 3.085007
v 3.194901 0.691733 3.597803
v 3.194901 0.691733 4.110599
v 2.858359 0.692110 -1.017357
v 2.858359 0.692110 -0.504561
v 2.858359 0.692110 0.008236
v 2.858359 0.692110 0.521032
v 2.858359 0.692110 1.033828
v 2.858359 0.692110 1.546624
v 2.858359 0.692110 2.059421
v 2.858359 0.692110 2.572217
v 2.858359 0.692110 3.085013
v 2.858359 0.692110 3.597809
v 2.858359 0.692110 4.110605
v 2.521817 0.692488 -1.017351
v 2.521817 0.692488 -0.504554
v 2.521817 0.692488 0.008242
v 2.521817 0.692488 0.521038
v 2.521817 0.692488 1.033834
v 2.521817 0.692488 1.546630
v 2.521817 0.692488 2.059427
v 2.521817 0.692488 2.572223
v 2.521817 0.692488 3.085019
v 2.521817 0.692488 3.597816
v 2.521817 0.692488 4.110612
vt 0.000000 0.000000
vt 0.100000 0.000000
vt 0.200000 0.000000
vt 0.300000 0.000000
vt 0.400000 0.000000
vt 0.500000 0.000000
vt 0.600000 0.000000
vt 0.700000 0.000000
vt 0.800000 0.000000
vt 0.900000 0.000000
vt 1.000000 0.000000
vt 0.000000 0.100000
vt 0.100000 0.100000
vt 0.200000 0.100000
vt 0.300000 0.100000
vt 0.400000 0.100000
vt 0.500000 0.100000
vt 0.600000 0.100000
vt 0.700000 0.100000
vt 0.800000 0.100000
vt 0.900000 0.100000
vt 1.000000 0.100000
vt 0.000000 0.200000
vt 0.100000 0.200000
vt 0.200000 0.200000
vt 0.300000 0.200000
vt 0.400000 0.200000
vt 0.500000 0.200000
vt 0.600000 0.200000
vt 0.700000 0.200000
vt 0.800000 0.200000
vt 0.900000 0.200000
vt 1.000000 0.200000
vt 0.000000 0.300000
vt 0.100000 0.300000
vt 0.200000 0.300000
vt 0.300000 0.300000
vt 0.400000 0.300000
vt 0.500000 0.300000
vt 0.600000 0.300000
vt 0.700000 0.300000
vt 0.800000 0.300000
vt 0.900000 0.300000
vt 1.000000 0.300000
vt 0.000000 0.400000
vt 0.100000 0.400000
vt 0.200000 0.400000
vt 0.300000 0.400000
vt 0.400000 0.400000
vt 0.500000 0.400000
vt 0.600000 0.400000
vt 0.700000 0.400000
vt 0.800000 0.400000
vt 0.900000 0.400000
vt 1.000000 0.400000
vt 0.000000 0.500000
vt 0.100000 0.500000
vt 0.200000 0.500000
vt 0.300000 0.500000
vt 0.400000 0.500000
vt 0.500000 0.500000
vt 0.600000 0.500000
vt 0.700000 0.500000
vt 0.800000 0.500000
vt 0.900000 0.500000
vt 1.000000 0.500000
vt 0.000000 0.600000
vt 0.100000 0.600000
vt 0.200000 0.600000
vt 0.300000 0.600000
vt 0.400000 0.600000
vt 0.500000 0.600000
vt 0.600000 0.600000
vt 0.700000 0.600000
vt 0.800000 0.600000
vt 0.900000 0.600000
vt 1.000000 0.600000
vt 0.000000 0.700000
vt 0.100000 0.700000
vt 0.200000 0.700000
vt 0.300000 0.700000
vt 0.400000 0.700000
vt 0.500000 0.700000
vt 0.600000 0.700000
vt 0.700000 0.700000
vt 0.800000 0.700000
vt 0.900000 0.700000
vt 1.000000 0.700000
vt 0.000000 0.800000
vt 0.100000 0.800000
vt 0.200000 0.800000
vt 0.300000 0.800000
vt 0.400000 0.800000
vt 0.500000 0.800000
vt 0.600000 0.800000
vt 0.700000 0.800000
vt 0.800000 0.800000
vt 0.900000 0.800000
vt 1.000000 0.800000
vt 0.000000 0.900000
vt 0.100000 0.900000
vt 0.200000 0.900000
vt 0.300000 0.900000
vt 0.400000 0.900000
vt 0.500000 0.900000
vt 0.600000 0.900000
vt 0.700000 0.900000
vt 0.800000 0.900000
vt 0.900000 0.900000
vt 1.000000 0.900000
vt 0.000000 1.000000
vt 0.100000 1.000000
vt 0.200000 1.000000
vt 0.300000 1.000000
vt 0.400000 1.000000
vt 0.500000 1.000000
vt 0.600000 1.000000
vt 0.700000 1.000000
vt 0.800000 1.000000
vt 0.900000 1.000000
vt 1.000000 1.000000
vn -0.001122 -0.999999 0.000000
vn -0.001122 -0.999999 0.000000
vn -0.001122 -0.999999 0.000000
vn -0.001122 -0.999999 0.000000
vn -0.001122 -0.999999 0.000000
vn -0.001122 -0.999999 0.000000
vn -0.001122 -0.999999 0.000000
vn -0.001122 -0.999999 0.000000
vn -0.001122 -0.999999 0.000000
vn -0.001122 -0.999999 0.000000
vn -0.001122 -0.999999 0.000000
vn -0.001122 -0.999999 0.000000
vn -0.001122 -0.999999 0.000000
vn -0.001122 -0.999999 0.000000
vn -0.001122 -0.999999 0.000000
vn -0.001122 -0.999999 0.000000
vn -0.001122 -0.999999 0.000000
vn -0.001122 -0.999999 0.000000
vn -0.001122 -0.999999 0.000000
vn -0.001122 -0.999999 0.000000
vn -0.001122 -0.999999 0.000000
vn -0.001122 -0.999999 0.000000
vn -0.001122 -0.999999 0.000000
vn -0.001122 -0.999999 0.000000
vn -0.001122 -0.999999 0.000000
vn -0.001122 -0.999999 0.000000
vn -0.001122 -0.999999 0.000000
vn -0.001122 -0.999999 0.000000
vn -0.001122 -0.999999 0.000000
vn -0.001122 -0.999999 0.000000
vn -0.001122 -0.999999 0.000000
vn -0.001122 -0.999999 0.000000
vn -0.001122 -0.999999 0.000000
vn -0.001122 -0.999999 0.000000
vn -0.001122 -0.999999 0.000000
vn -0.001122 -0.999999 0.000000
vn -0.001122 -0.999999 0.000000
vn -0.001122 -0.999999 0.000000
vn -0.001122 -0.999999 0.000000
vn -0.001122 -0.999999 0.000000
vn -0.001122 -0.999999 0.000000
vn -0.001122 -0.999999 0.000000
vn -0.001122 -0.999999 0.000000
vn -0.001122 -0.999999 0.000000
vn -0.001122 -0.999999 0.000000
vn -0.001122 -0.999999 0.000000
vn -0.001122 -0.999999 0.000000
vn -0.001122 -0.999999 0.000000
vn -0.001122 -0.999999 0.000000
vn -0.001122 -0.999999 0.000000
vn -0.001122 -0.999999 0.000000
vn -0.001122 -0.999999 0.000000
vn -0.001122 -0.999999 0.000000
vn -0.001122 -0.999999 0.000000
vn -0.001122 -0.999999 0.000000
vn -0.001122 -0.999999 0.000000
vn -0.001122 -0.999999 0.000000
vn -0.001122 -0.999999 0.000000
vn -0.001122 -0.999999 0.000000
vn -0.001122 -0.999999 0.000000
vn -0.001122 -0.999999 0.000000
vn -0.001122 -0.999999 0.000000
vn -0.001122 -0.999999 0.000000
vn -0.001122 -0.999999 0.000000
vn -0.001122 -0.999999 0.000000
vn -0.001122 -0.999999 0.000000
vn -0.001122 -0.999999 0.000000
vn -0.001122 -0.999999 0.000000
vn -0.001122 -0.999999 0.000000
vn -0.001122 -0.999999 0.000000
vn -0.001122 -0.999999 0.000000
vn -0.001122 -0.999999 0.000000
vn -0.001122 -0.999999 0.000000
vn -0.001122 -0.999999 0.000000
vn -0.001122 -0.999999 0.000000
vn -0.001122 -0.999999 0.000000
vn -0.001122 -0.999999 0.000000
vn -0.001122 -0.999999 0.000000
vn -0.001122 -0.999999 0.000000
vn -0.001122 -0.999999 0.000000
vn -0.001122 -0.999999 0.000000
vn -0.001122 -0.999999 0.000000
vn -0.001122 -0.999999 0.000000
vn -0.001122 -0.999999 0.000000
vn -0.001122 -0.999999 0.000000
vn -0.001122 -0.999999 0.000000
vn -0.001122 -0.999999 0.000000
vn -0.001122 -0.999999 0.000000
vn -0.001122 -0.999999 0.000000
vn -0.001122 -0.999999 0.000000
vn -0.001122 -0.999999 0.000000
vn -0.001122 -0.999999 0.000000
vn -0.001122 -0.999999 0.000000
vn -0.001122 -0.999999 0.000000
vn -0.001122 -0.999999 0.000000
vn -0.001122 -0.999999 0.000000
vn -0.001122 -0.999999 0.000000
vn -0.001122 -0.999999 0.000000
vn -0.001122 -0.999999 0.000000
vn -0.001122 -0.999999 0.000000
vn -0.001122 -0.999999 0.000000
vn -0.001122 -0.999999 0.000000
vn -0.001122 -0.999999 0.000000
vn -0.001122 -0.999999 0.000000
vn -0.001122 -0.999999 0.000000
vn -0.001122 -0.999999 0.000000
vn -0.001122 -0.999999 0.000000
vn -0.001122 -0.999999 0.000000
vn -0.001122 -0.999999 0.000000
vn -0.001122 -0.999999 0.000000
vn -0.001122 -0.999999 0.000000
vn -0.001122 -0.999999 0.000000
vn -0.001122 -0.999999 0.000000
vn -0.001122 -0.999999 0.000000
vn -0.001122 -0.999999 0.000000
vn -0.001122 -0.999999 0.000000
vn -0.001122 -0.999999 0.000000
vn -0.001122 -0.999999 0.000000
vn -0.001122 -0.999999 0.000000
vn -0.001122 -0.999999 0.000000
vn -0.001122 -0.999999 0.000000
s 1
g pPlane20 pPlane18
f 485/525/573 486/526/574 497/537/575 496/536/576
f 486/526/574 487/527/577 498/538/578 497/537/575
f 487/527/577 488/528/579 499/539/580 498/538/578
f 488/528/579 489/529/581 500/540/582 499/539/580
f 489/529/581 490/530/583 501/541/584 500/540/582
f 490/530/583 491/531/585 502/542/586 501/541/584
f 491/531/585 492/532/587 503/543/588 502/542/586
f 492/532/587 493/533/589 504/544/590 503/543/588
f 493/533/589 494/534/591 505/545/592 504/544/590
f 494/534/591 495/535/593 506/546/594 505/545/592
f 496/536/576 497/537/575 508/548/595 507/547/596
f 497/537/575 498/538/578 509/549/597 508/548/595
f 498/538/578 499/539/580 510/550/598 509/549/597
f 499/539/580 500/540/582 511/551/599 510/550/598
f 500/540/582 501/541/584 512/552/600 511/551/599
f 501/541/584 502/542/586 513/553/601 512/552/600
f 502/542/586 503/543/588 514/554/602 513/553/601
f 503/543/588 504/544/590 515/555/603 514/554/602
f 504/544/590 505/545/592 516/556/604 515/555/603
f 505/545/592 506/546/594 517/557/605 516/556/604
f 507/547/596 508/548/595 519/559/606 518/558/607
f 508/548/595 509/549/597 520/560/608 519/559/606
f 509/549/597 510/550/598 521/561/609 520/560/608
f 510/550/598 511/551/599 522/562/610 521/561/609
f 511/551/599 512/552/600 523/563/611 522/562/610
f 512/552/600 513/553/601 524/564/612 523/563/611
f 513/553/601 514/554/602 525/565/613 524/564/612
f 514/554/602 515/555/603 526/566/614 525/565/613
f 515/555/603 516/556/604 527/567/615 526/566/614
f 516/556/604 517/557/605 528/568/616 527/567/615
f 518/558/607 519/559/606 530/570/617 529/569/618
f 519/559/606 520/560/608 531/571/619 530/570/617
f 520/560/608 521/561/609 532/572/620 531/571/619
f 521/561/609 522/562/610 533/573/621 532/572/620
f 522/562/610 523/563/611 534/574/622 533/573/621
f 523/563/611 524/564/612 535/575/623 534/574/622
f 524/564/612 525/565/613 536/576/624 535/575/623
f 525/565/613 526/566/614 537/577/625 536/576/624
f 526/566/614 527/567/615 538/578/626 537/577/625
f 527/567/615 528/568/616 539/579/627 538/578/626
f 529/569/618 530/570/617 541/581/628 540/580/629
f 530/570/617 531/571/619 542/582/630 541/581/628
f 531/571/619 532/572/620 543/583/631 542/582/630
f 532/572/620 533/573/621 544/584/632 543/583/631
f 533/573/621 534/574/622 545/585/633 544/584/632
f 534/574/622 535/575/623 546/586/634 545/585/633
f 535/575/623 536/576/624 547/587/635 546/586/634
f 536/576/624 537/577/625 548/588/636 547/587/635
f 537/577/625 538/578/626 549/589/637 548/588/636
f 538/578/626 539/579/627 550/590/638 549/589/637
f 540/580/629 541/581/628 552/592/639 551/591/640
f 541/581/628 542/582/630 553/593/641 552/592/639
f 542/582/630 543/583/631 554/594/642 553/593/641
f 543/583/631 544/584/632 555/595/643 554/594/642
f 544/584/632 545/585/633 556/596/644 555/595/643
f 545/585/633 546/586/634 557/597/645 556/596/644
f 546/586/634 547/587/635 558/598/646 557/597/645
f 547/587/635 548/588/636 559/599/647 558/598/646
f 548/588/636 549/589/637 560/600/648 559/599/647
f 549/589/637 550/590/638 561/601/649 560/600/648
f 551/591/640 552/592/639 563/603/650 562/602/651
f 552/592/639 553/593/641 564/604/652 563/603/650
f 553/593/641 554/594/642 565/605/653 564/604/652
f 554/594/642 555/595/643 566/606/654 565/605/653
f 555/595/643 556/596/644 567/607/655 566/606/654
f 556/596/644 557/597/645 568/608/656 567/607/655
f 557/597/645 558/598/646 569/609/657 568/608/656
f 558/598/646 559/599/647 570/610/658 569/609/657
f 559/599/647 560/600/648 571/611/659 570/610/658
f 560/600/648 561/601/649 572/612/660 571/611/659
f 562/602/651 563/603/650 574/614/661 573/613/662
f 563/603/650 564/604/652 575/615/663 574/614/661
f 564/604/652 565/605/653 576/616/664 575/615/663
f 565/605/653 566/606/654 577/617/665 576/616/664
f 566/606/654 567/607/655 578/618/666 577/617/665
f 567/607/655 568/608/656 579/619/667 578/618/666
f 568/608/656 569/609/657 580/620/668 579/619/667
f 569/609/657 570/610/658 581/621/669 580/620/668
f 570/610/658 571/611/659 582/622/670 581/621/669
f 571/611/659 572/612/660 583/623/671 582/622/670
f 573/613/662 574/614/661 585/625/672 584/624/673
f 574/614/661 575/615/663 586/626/674 585/625/672
f 575/615/663 576/616/664 587/627/675 586/626/674
f 576/616/664 577/617/665 588/628/676 587/627/675
f 577/617/665 578/618/666 589/629/677 588/628/676
f 578/618/666 579/619/667 590/630/678 589/629/677
f 579/619/667 580/620/668 591/631/679 590/630/678
f 580/620/668 581/621/669 592/632/680 591/631/679
f 581/621/669 582/622/670 593/633/681 592/632/680
f 582/622/670 583/623/671 594/634/682 593/633/681
f 584/624/673 585/625/672 596/636/683 595/635/684
f 585/625/672 586/626/674 597/637/685 596/636/683
f 586/626/674 587/627/675 598/638/686 597/637/685
f 587/627/675 588/628/676 599/639/687 598/638/686
f 588/628/676 589/629/677 600/640/688 599/639/687
f 589/629/677 590/630/678 601/641/689 600/640/688
f 590/630/678 591/631/679 602/642/690 601/641/689
f 591/631/679 592/632/680 603/643/691 602/642/690
f 592/632/680 593/633/681 604/644/692 603/643/691
f 593/633/681 594/634/682 605/645/693 604/644/692
g default
v 7.899016 0.445982 4.971956
v 7.890539 0.445982 -5.282947
v 0.201273 0.445982 5.010804
v 0.192770 0.445983 -5.276585
v 7.899042 0.847474 5.003070
v 7.890540 0.847474 -5.282948
v 0.201273 0.847474 5.009433
v 0.192770 0.847474 -5.276584
v 0.201033 0.445982 4.719637
v 7.898775 0.445982 4.681710
v 7.898800 0.847474 4.711942
v 0.201032 0.847474 4.718304
v 7.890765 0.445982 -5.009366
v 0.192997 0.445982 -5.002140
v 0.192997 0.847474 -5.002175
v 7.890767 0.847473 -5.008539
v 7.444592 0.445982 -5.282580
v 7.444819 0.445982 -5.008948
v 7.452829 0.445982 4.683907
v 7.453070 0.445982 4.974206
v 7.453094 0.847474 5.003439
v 7.452854 0.847473 4.712310
v 7.444818 0.847474 -5.008171
v 7.444592 0.847474 -5.282580
v 0.594622 0.445983 -5.276918
v 0.594849 0.445982 -5.002518
v 0.602884 0.445982 4.717657
v 0.603124 0.445982 5.008776
v 0.603125 0.847474 5.009101
v 0.602885 0.847474 4.717973
v 0.594850 0.847474 -5.002507
v 0.594623 0.847474 -5.276917
vt 0.530662 0.575908
vt 0.525485 0.294670
vt 0.525646 0.301824
vt 0.530531 0.568754
vt 0.535845 0.575813
vt 0.530669 0.294576
vt 0.715913 0.298339
vt 0.708765 0.298470
vt 0.708634 0.291315
vt 0.713786 0.572553
vt 0.535714 0.568659
vt 0.530829 0.301729
vt 0.528151 0.438863
vt 0.528574 0.431705
vt 0.533741 0.431611
vt 0.533334 0.438768
vt 0.703879 0.298559
vt 0.703748 0.291405
vt 0.706390 0.435598
vt 0.706274 0.428450
vt 0.711144 0.428360
vt 0.711275 0.435508
vt 0.708901 0.572643
vt 0.708770 0.565489
vt 0.706127 0.420510
vt 0.710999 0.420421
vt 0.533563 0.423672
vt 0.528395 0.423767
vt 0.528296 0.446803
vt 0.533480 0.446708
vt 0.706535 0.443537
vt 0.718147 0.420290
vt 0.713655 0.565399
vt 0.708503 0.284168
vt 0.715781 0.291185
vt 0.518499 0.301985
vt 0.521229 0.423926
vt 0.711421 0.443448
vt 0.521405 0.431865
vt 0.703617 0.284257
vt 0.530562 0.287427
vt 0.518338 0.294831
vt 0.525379 0.287522
vt 0.718292 0.428230
vn 0.002937 0.001303 0.999995
vn 0.002937 0.001303 0.999995
vn 0.002935 -0.034677 0.999394
vn 0.002935 -0.034677 0.999394
vn -1.000000 0.000001 0.000827
vn -1.000000 0.000001 0.000827
vn -1.000000 0.000001 0.000827
vn -1.000000 0.000001 0.000827
vn -0.000827 0.000000 -1.000000
vn -0.000827 0.000000 -1.000000
vn -0.000827 0.000003 -1.000000
vn -0.000827 0.000003 -1.000000
vn -0.000000 1.000000 0.000000
vn 0.000000 1.000000 -0.000000
vn 0.000000 1.000000 -0.000000
vn 0.000000 1.000000 -0.000000
vn -0.000000 -1.000000 -0.000000
vn -0.000000 -1.000000 -0.000000
vn 0.000000 -1.000000 -0.000000
vn -0.000000 -1.000000 -0.000000
vn 1.000000 0.000000 -0.000831
vn 1.000000 0.000000 -0.000831
vn 1.000000 -0.000001 -0.000827
vn 1.000000 -0.000001 -0.000827
vn -0.000000 -1.000000 -0.000000
vn -0.000000 -1.000000 -0.000000
vn -0.000000 -1.000000 -0.000000
vn -0.000000 -1.000000 -0.000000
vn 1.000000 -0.000001 -0.000826
vn 1.000000 -0.000001 -0.000826
vn 1.000000 -0.000002 -0.000829
vn 1.000000 -0.000002 -0.000829
vn 0.000000 1.000000 -0.000000
vn 0.000000 1.000000 0.000000
vn 0.000000 1.000000 0.000000
vn 0.000000 1.000000 0.000000
vn -1.000000 0.000001 0.000827
vn -1.000000 0.000001 0.000827
vn -1.000000 0.000001 0.000827
vn -1.000000 0.000001 0.000827
vn -0.000000 -1.000000 -0.000000
vn -0.000000 -1.000000 -0.000000
vn -0.000000 -1.000000 -0.000000
vn -0.000000 -1.000000 -0.000000
vn -0.000000 -1.000000 -0.000000
vn -0.000000 -1.000000 -0.000000
vn -0.000000 -1.000000 -0.000000
vn -0.000000 -1.000000 -0.000000
vn 0.002934 -0.039123 0.999230
vn 0.002934 -0.039124 0.999230
vn 0.002928 -0.074943 0.997184
vn 0.002928 -0.074943 0.997184
vn 0.000000 1.000000 -0.000000
vn 0.000000 1.000000 -0.000000
vn -0.000000 1.000000 -0.000000
vn -0.000000 1.000000 -0.000000
vn 0.000000 1.000000 0.000000
vn -0.000000 1.000000 0.000000
vn 0.000000 1.000000 0.000000
vn 0.000000 1.000000 0.000000
vn -0.000826 -0.000000 -1.000000
vn -0.000827 -0.000000 -1.000000
vn -0.000827 -0.000000 -1.000000
vn -0.000826 -0.000000 -1.000000
s 1
g pCube1 Book_R group2 locator1
usemtl lambert2SG
f 612/687/694 608/647/695 633/648/696 634/681/697
s 2
f 617/686/698 614/651/699 608/647/700 612/688/701
s 3
f 637/652/702 630/653/703 609/654/704 613/680/705
s 4
f 612/646/706 634/649/707 635/656/708 617/650/709
s 5
f 614/651/710 632/657/711 633/648/712 608/647/713
s 6
f 610/658/714 606/659/715 615/660/716 616/661/717
s 5
f 609/654/718 630/653/719 631/662/720 619/663/721
s 6
f 621/664/722 618/665/723 607/666/724 611/667/725
s 4
f 620/668/726 636/669/727 637/678/728 613/655/729
s 2
f 613/679/730 609/654/731 619/663/732 620/685/733
s 5
f 619/663/721 631/662/720 632/657/711 614/651/710
s 2
f 620/685/733 619/663/732 614/651/699 617/686/698
s 4
f 617/650/709 635/656/708 636/669/727 620/668/726
s 6
f 616/661/717 615/660/716 618/665/723 621/664/722
s 5
f 623/670/734 622/671/735 607/666/736 618/665/737
f 624/672/738 623/670/734 618/665/737 615/660/739
f 625/673/740 624/672/738 615/660/739 606/659/741
s 1
f 626/682/742 625/673/743 606/659/744 610/684/745
s 4
f 627/675/746 626/674/747 610/658/748 616/661/749
f 628/676/750 627/675/746 616/661/749 621/664/751
f 629/683/752 628/676/750 621/664/751 611/667/753
s 3
f 607/666/754 622/671/755 629/677/756 611/689/757
s 5
f 631/662/720 630/653/719 622/671/735 623/670/734
f 632/657/711 631/662/720 623/670/734 624/672/738
f 633/648/712 632/657/711 624/672/738 625/673/740
s 1
f 634/681/697 633/648/696 625/673/743 626/682/742
s 4
f 635/656/708 634/649/707 626/674/747 627/675/746
f 636/669/727 635/656/708 627/675/746 628/676/750
f 637/678/728 636/669/727 628/676/750 629/683/752
s 3
f 629/677/756 622/671/755 630/653/703 637/652/702
g default
v 2.261288 0.669496 0.881264
v 2.261288 0.669496 0.530101
v 2.261288 0.669496 0.178938
v 2.261288 0.669496 -0.172224
v 2.261288 0.669496 -0.523387
v 2.261288 0.669496 -0.874550
v 2.261288 0.669496 -1.225712
v 2.261288 0.669496 -1.576875
v 2.261288 0.669496 -1.928038
v 2.261288 0.669496 -2.279200
v 2.261288 0.669496 -2.630363
v 2.491752 0.669755 0.881259
v 2.491752 0.669755 0.530097
v 2.491752 0.669755 0.178934
v 2.491752 0.669755 -0.172229
v 2.491752 0.669755 -0.523391
v 2.491752 0.669755 -0.874554
v 2.491752 0.669755 -1.225717
v 2.491752 0.669755 -1.576879
v 2.491752 0.669755 -1.928042
v 2.491752 0.669755 -2.279205
v 2.491752 0.669755 -2.630367
v 2.722216 0.670014 0.881255
v 2.722216 0.670014 0.530092
v 2.722216 0.670014 0.178930
v 2.722216 0.670014 -0.172233
v 2.722216 0.670014 -0.523396
v 2.722216 0.670014 -0.874558
v 2.722216 0.670014 -1.225721
v 2.722216 0.670014 -1.576883
v 2.722216 0.670014 -1.928046
v 2.722216 0.670014 -2.279209
v 2.722216 0.670014 -2.630371
v 2.952680 0.670272 0.881251
v 2.952680 0.670272 0.530088
v 2.952680 0.670272 0.178926
v 2.952680 0.670272 -0.172237
v 2.952680 0.670272 -0.523400
v 2.952680 0.670272 -0.874562
v 2.952680 0.670272 -1.225725
v 2.952680 0.670272 -1.576888
v 2.952680 0.670272 -1.928050
v 2.952680 0.670272 -2.279213
v 2.952680 0.670272 -2.630376
v 3.183144 0.670531 0.881247
v 3.183144 0.670531 0.530084
v 3.183144 0.670531 0.178921
v 3.183144 0.670531 -0.172241
v 3.183144 0.670531 -0.523404
v 3.183144 0.670531 -0.874567
v 3.183144 0.670531 -1.225729
v 3.183144 0.670531 -1.576892
v 3.183144 0.670531 -1.928055
v 3.183144 0.670531 -2.279217
v 3.183144 0.670531 -2.630380
v 3.413608 0.670790 0.881242
v 3.413608 0.670790 0.530080
v 3.413608 0.670790 0.178917
v 3.413608 0.670790 -0.172246
v 3.413608 0.670790 -0.523408
v 3.413608 0.670790 -0.874571
v 3.413608 0.670790 -1.225734
v 3.413608 0.670790 -1.576896
v 3.413608 0.670790 -1.928059
v 3.413608 0.670790 -2.279222
v 3.413608 0.670790 -2.630384
v 3.644072 0.671048 0.881238
v 3.644072 0.671048 0.530075
v 3.644072 0.671048 0.178913
v 3.644072 0.671048 -0.172250
v 3.644072 0.671048 -0.523413
v 3.644072 0.671048 -0.874575
v 3.644072 0.671048 -1.225738
v 3.644072 0.671048 -1.576900
v 3.644072 0.671048 -1.928063
v 3.644072 0.671048 -2.279226
v 3.644072 0.671048 -2.630388
v 3.874536 0.671307 0.881234
v 3.874536 0.671307 0.530071
v 3.874536 0.671307 0.178908
v 3.874536 0.671307 -0.172254
v 3.874536 0.671307 -0.523417
v 3.874536 0.671307 -0.874579
v 3.874536 0.671307 -1.225742
v 3.874536 0.671307 -1.576905
v 3.874536 0.671307 -1.928067
v 3.874536 0.671307 -2.279230
v 3.874536 0.671307 -2.630393
v 4.105000 0.671566 0.881229
v 4.105000 0.671566 0.530067
v 4.105000 0.671566 0.178904
v 4.105000 0.671566 -0.172258
v 4.105000 0.671566 -0.523421
v 4.105000 0.671566 -0.874584
v 4.105000 0.671566 -1.225746
v 4.105000 0.671566 -1.576909
v 4.105000 0.671566 -1.928072
v 4.105000 0.671566 -2.279234
v 4.105000 0.671566 -2.630397
v 4.335464 0.671825 0.881225
v 4.335464 0.671825 0.530063
v 4.335464 0.671825 0.178900
v 4.335464 0.671825 -0.172263
v 4.335464 0.671825 -0.523425
v 4.335464 0.671825 -0.874588
v 4.335464 0.671825 -1.225751
v 4.335464 0.671825 -1.576913
v 4.335464 0.671825 -1.928076
v 4.335464 0.671825 -2.279239
v 4.335464 0.671825 -2.630401
v 4.565927 0.672083 0.881221
v 4.565927 0.672083 0.530058
v 4.565927 0.672083 0.178896
v 4.565927 0.672083 -0.172267
v 4.565927 0.672083 -0.523430
v 4.565927 0.672083 -0.874592
v 4.565927 0.672083 -1.225755
v 4.565927 0.672083 -1.576917
v 4.565927 0.672083 -1.928080
v 4.565927 0.672083 -2.279243
v 4.565927 0.672083 -2.630405
vt 0.000000 0.000000
vt 0.100000 0.000000
vt 0.200000 0.000000
vt 0.300000 0.000000
vt 0.400000 0.000000
vt 0.500000 0.000000
vt 0.600000 0.000000
vt 0.700000 0.000000
vt 0.800000 0.000000
vt 0.900000 0.000000
vt 1.000000 0.000000
vt 0.000000 0.100000
vt 0.100000 0.100000
vt 0.200000 0.100000
vt 0.300000 0.100000
vt 0.400000 0.100000
vt 0.500000 0.100000
vt 0.600000 0.100000
vt 0.700000 0.100000
vt 0.800000 0.100000
vt 0.900000 0.100000
vt 1.000000 0.100000
vt 0.000000 0.200000
vt 0.100000 0.200000
vt 0.200000 0.200000
vt 0.300000 0.200000
vt 0.400000 0.200000
vt 0.500000 0.200000
vt 0.600000 0.200000
vt 0.700000 0.200000
vt 0.800000 0.200000
vt 0.900000 0.200000
vt 1.000000 0.200000
vt 0.000000 0.300000
vt 0.100000 0.300000
vt 0.200000 0.300000
vt 0.300000 0.300000
vt 0.400000 0.300000
vt 0.500000 0.300000
vt 0.600000 0.300000
vt 0.700000 0.300000
vt 0.800000 0.300000
vt 0.900000 0.300000
vt 1.000000 0.300000
vt 0.000000 0.400000
vt 0.100000 0.400000
vt 0.200000 0.400000
vt 0.300000 0.400000
vt 0.400000 0.400000
vt 0.500000 0.400000
vt 0.600000 0.400000
vt 0.700000 0.400000
vt 0.800000 0.400000
vt 0.900000 0.400000
vt 1.000000 0.400000
vt 0.000000 0.500000
vt 0.100000 0.500000
vt 0.200000 0.500000
vt 0.300000 0.500000
vt 0.400000 0.500000
vt 0.500000 0.500000
vt 0.600000 0.500000
vt 0.700000 0.500000
vt 0.800000 0.500000
vt 0.900000 0.500000
vt 1.000000 0.500000
vt 0.000000 0.600000
vt 0.100000 0.600000
vt 0.200000 0.600000
vt 0.300000 0.600000
vt 0.400000 0.600000
vt 0.500000 0.600000
vt 0.600000 0.600000
vt 0.700000 0.600000
vt 0.800000 0.600000
vt 0.900000 0.600000
vt 1.000000 0.600000
vt 0.000000 0.700000
vt 0.100000 0.700000
vt 0.200000 0.700000
vt 0.300000 0.700000
vt 0.400000 0.700000
vt 0.500000 0.700000
vt 0.600000 0.700000
vt 0.700000 0.700000
vt 0.800000 0.700000
vt 0.900000 0.700000
vt 1.000000 0.700000
vt 0.000000 0.800000
vt 0.100000 0.800000
vt 0.200000 0.800000
vt 0.300000 0.800000
vt 0.400000 0.800000
vt 0.500000 0.800000
vt 0.600000 0.800000
vt 0.700000 0.800000
vt 0.800000 0.800000
vt 0.900000 0.800000
vt 1.000000 0.800000
vt 0.000000 0.900000
vt 0.100000 0.900000
vt 0.200000 0.900000
vt 0.300000 0.900000
vt 0.400000 0.900000
vt 0.500000 0.900000
vt 0.600000 0.900000
vt 0.700000 0.900000
vt 0.800000 0.900000
vt 0.900000 0.900000
vt 1.000000 0.900000
vt 0.000000 1.000000
vt 0.100000 1.000000
vt 0.200000 1.000000
vt 0.300000 1.000000
vt 0.400000 1.000000
vt 0.500000 1.000000
vt 0.600000 1.000000
vt 0.700000 1.000000
vt 0.800000 1.000000
vt 0.900000 1.000000
vt 1.000000 1.000000
vn 0.001122 -0.999999 0.000000
vn 0.001122 -0.999999 0.000000
vn 0.001122 -0.999999 0.000000
vn 0.001122 -0.999999 0.000000
vn 0.001122 -0.999999 0.000000
vn 0.001122 -0.999999 0.000000
vn 0.001122 -0.999999 0.000000
vn 0.001122 -0.999999 0.000000
vn 0.001122 -0.999999 0.000000
vn 0.001122 -0.999999 0.000000
vn 0.001122 -0.999999 0.000000
vn 0.001122 -0.999999 0.000000
vn 0.001122 -0.999999 0.000000
vn 0.001122 -0.999999 0.000000
vn 0.001122 -0.999999 0.000000
vn 0.001122 -0.999999 0.000000
vn 0.001122 -0.999999 0.000000
vn 0.001122 -0.999999 0.000000
vn 0.001122 -0.999999 0.000000
vn 0.001122 -0.999999 0.000000
vn 0.001122 -0.999999 0.000000
vn 0.001122 -0.999999 0.000000
vn 0.001122 -0.999999 0.000000
vn 0.001122 -0.999999 0.000000
vn 0.001122 -0.999999 0.000000
vn 0.001122 -0.999999 0.000000
vn 0.001122 -0.999999 0.000000
vn 0.001122 -0.999999 0.000000
vn 0.001122 -0.999999 0.000000
vn 0.001122 -0.999999 0.000000
vn 0.001122 -0.999999 0.000000
vn 0.001122 -0.999999 0.000000
vn 0.001122 -0.999999 0.000000
vn 0.001122 -0.999999 0.000000
vn 0.001122 -0.999999 0.000000
vn 0.001122 -0.999999 0.000000
vn 0.001122 -0.999999 0.000000
vn 0.001122 -0.999999 0.000000
vn 0.001122 -0.999999 0.000000
vn 0.001122 -0.999999 0.000000
vn 0.001122 -0.999999 0.000000
vn 0.001122 -0.999999 0.000000
vn 0.001122 -0.999999 0.000000
vn 0.001122 -0.999999 0.000000
vn 0.001122 -0.999999 0.000000
vn 0.001122 -0.999999 0.000000
vn 0.001122 -0.999999 0.000000
vn 0.001122 -0.999999 0.000000
vn 0.001122 -0.999999 0.000000
vn 0.001122 -0.999999 0.000000
vn 0.001122 -0.999999 0.000000
vn 0.001122 -0.999999 0.000000
vn 0.001122 -0.999999 0.000000
vn 0.001122 -0.999999 0.000000
vn 0.001122 -0.999999 0.000000
vn 0.001122 -0.999999 0.000000
vn 0.001122 -0.999999 0.000000
vn 0.001122 -0.999999 0.000000
vn 0.001122 -0.999999 0.000000
vn 0.001122 -0.999999 0.000000
vn 0.001122 -0.999999 0.000000
vn 0.001122 -0.999999 0.000000
vn 0.001122 -0.999999 0.000000
vn 0.001122 -0.999999 0.000000
vn 0.001122 -0.999999 0.000000
vn 0.001122 -0.999999 0.000000
vn 0.001122 -0.999999 0.000000
vn 0.001122 -0.999999 0.000000
vn 0.001122 -0.999999 0.000000
vn 0.001122 -0.999999 0.000000
vn 0.001122 -0.999999 0.000000
vn 0.001122 -0.999999 0.000000
vn 0.001122 -0.999999 0.000000
vn 0.001122 -0.999999 0.000000
vn 0.001122 -0.999999 0.000000
vn 0.001122 -0.999999 0.000000
vn 0.001122 -0.999999 0.000000
vn 0.001122 -0.999999 0.000000
vn 0.001122 -0.999999 0.000000
vn 0.001122 -0.999999 0.000000
vn 0.001122 -0.999999 0.000000
vn 0.001122 -0.999999 0.000000
vn 0.001122 -0.999999 0.000000
vn 0.001122 -0.999999 0.000000
vn 0.001122 -0.999999 0.000000
vn 0.001122 -0.999999 0.000000
vn 0.001122 -0.999999 0.000000
vn 0.001122 -0.999999 0.000000
vn 0.001122 -0.999999 0.000000
vn 0.001122 -0.999999 0.000000
vn 0.001122 -0.999999 0.000000
vn 0.001122 -0.999999 0.000000
vn 0.001122 -0.999999 0.000000
vn 0.001122 -0.999999 0.000000
vn 0.001122 -0.999999 0.000000
vn 0.001122 -0.999999 0.000000
vn 0.001122 -0.999999 0.000000
vn 0.001122 -0.999999 0.000000
vn 0.001122 -0.999999 0.000000
vn 0.001122 -0.999999 0.000000
vn 0.001122 -0.999999 0.000000
vn 0.001122 -0.999999 0.000000
vn 0.001122 -0.999999 0.000000
vn 0.001122 -0.999999 0.000000
vn 0.001122 -0.999999 0.000000
vn 0.001122 -0.999999 0.000000
vn 0.001122 -0.999999 0.000000
vn 0.001122 -0.999999 0.000000
vn 0.001122 -0.999999 0.000000
vn 0.001122 -0.999999 0.000000
vn 0.001122 -0.999999 0.000000
vn 0.001122 -0.999999 0.000000
vn 0.001122 -0.999999 0.000000
vn 0.001122 -0.999999 0.000000
vn 0.001122 -0.999999 0.000000
vn 0.001122 -0.999999 0.000000
vn 0.001122 -0.999999 0.000000
vn 0.001122 -0.999999 0.000000
vn 0.001122 -0.999999 0.000000
vn 0.001122 -0.999999 0.000000
vn 0.001122 -0.999999 0.000000
s 1
g pPlane22 pPlane17
usemtl lambert13SG
f 638/690/758 639/691/759 650/702/760 649/701/761
f 639/691/759 640/692/762 651/703/763 650/702/760
f 640/692/762 641/693/764 652/704/765 651/703/763
f 641/693/764 642/694/766 653/705/767 652/704/765
f 642/694/766 643/695/768 654/706/769 653/705/767
f 643/695/768 644/696/770 655/707/771 654/706/769
f 644/696/770 645/697/772 656/708/773 655/707/771
f 645/697/772 646/698/774 657/709/775 656/708/773
f 646/698/774 647/699/776 658/710/777 657/709/775
f 647/699/776 648/700/778 659/711/779 658/710/777
f 649/701/761 650/702/760 661/713/780 660/712/781
f 650/702/760 651/703/763 662/714/782 661/713/780
f 651/703/763 652/704/765 663/715/783 662/714/782
f 652/704/765 653/705/767 664/716/784 663/715/783
f 653/705/767 654/706/769 665/717/785 664/716/784
f 654/706/769 655/707/771 666/718/786 665/717/785
f 655/707/771 656/708/773 667/719/787 666/718/786
f 656/708/773 657/709/775 668/720/788 667/719/787
f 657/709/775 658/710/777 669/721/789 668/720/788
f 658/710/777 659/711/779 670/722/790 669/721/789
f 660/712/781 661/713/780 672/724/791 671/723/792
f 661/713/780 662/714/782 673/725/793 672/724/791
f 662/714/782 663/715/783 674/726/794 673/725/793
f 663/715/783 664/716/784 675/727/795 674/726/794
f 664/716/784 665/717/785 676/728/796 675/727/795
f 665/717/785 666/718/786 677/729/797 676/728/796
f 666/718/786 667/719/787 678/730/798 677/729/797
f 667/719/787 668/720/788 679/731/799 678/730/798
f 668/720/788 669/721/789 680/732/800 679/731/799
f 669/721/789 670/722/790 681/733/801 680/732/800
f 671/723/792 672/724/791 683/735/802 682/734/803
f 672/724/791 673/725/793 684/736/804 683/735/802
f 673/725/793 674/726/794 685/737/805 684/736/804
f 674/726/794 675/727/795 686/738/806 685/737/805
f 675/727/795 676/728/796 687/739/807 686/738/806
f 676/728/796 677/729/797 688/740/808 687/739/807
f 677/729/797 678/730/798 689/741/809 688/740/808
f 678/730/798 679/731/799 690/742/810 689/741/809
f 679/731/799 680/732/800 691/743/811 690/742/810
f 680/732/800 681/733/801 692/744/812 691/743/811
f 682/734/803 683/735/802 694/746/813 693/745/814
f 683/735/802 684/736/804 695/747/815 694/746/813
f 684/736/804 685/737/805 696/748/816 695/747/815
f 685/737/805 686/738/806 697/749/817 696/748/816
f 686/738/806 687/739/807 698/750/818 697/749/817
f 687/739/807 688/740/808 699/751/819 698/750/818
f 688/740/808 689/741/809 700/752/820 699/751/819
f 689/741/809 690/742/810 701/753/821 700/752/820
f 690/742/810 691/743/811 702/754/822 701/753/821
f 691/743/811 692/744/812 703/755/823 702/754/822
f 693/745/814 694/746/813 705/757/824 704/756/825
f 694/746/813 695/747/815 706/758/826 705/757/824
f 695/747/815 696/748/816 707/759/827 706/758/826
f 696/748/816 697/749/817 708/760/828 707/759/827
f 697/749/817 698/750/818 709/761/829 708/760/828
f 698/750/818 699/751/819 710/762/830 709/761/829
f 699/751/819 700/752/820 711/763/831 710/762/830
f 700/752/820 701/753/821 712/764/832 711/763/831
f 701/753/821 702/754/822 713/765/833 712/764/832
f 702/754/822 703/755/823 714/766/834 713/765/833
f 704/756/825 705/757/824 716/768/835 715/767/836
f 705/757/824 706/758/826 717/769/837 716/768/835
f 706/758/826 707/759/827 718/770/838 717/769/837
f 707/759/827 708/760/828 719/771/839 718/770/838
f 708/760/828 709/761/829 720/772/840 719/771/839
f 709/761/829 710/762/830 721/773/841 720/772/840
f 710/762/830 711/763/831 722/774/842 721/773/841
f 711/763/831 712/764/832 723/775/843 722/774/842
f 712/764/832 713/765/833 724/776/844 723/775/843
f 713/765/833 714/766/834 725/777/845 724/776/844
f 715/767/836 716/768/835 727/779/846 726/778/847
f 716/768/835 717/769/837 728/780/848 727/779/846
f 717/769/837 718/770/838 729/781/849 728/780/848
f 718/770/838 719/771/839 730/782/850 729/781/849
f 719/771/839 720/772/840 731/783/851 730/782/850
f 720/772/840 721/773/841 732/784/852 731/783/851
f 721/773/841 722/774/842 733/785/853 732/784/852
f 722/774/842 723/775/843 734/786/854 733/785/853
f 723/775/843 724/776/844 735/787/855 734/786/854
f 724/776/844 725/777/845 736/788/856 735/787/855
f 726/778/847 727/779/846 738/790/857 737/789/858
f 727/779/846 728/780/848 739/791/859 738/790/857
f 728/780/848 729/781/849 740/792/860 739/791/859
f 729/781/849 730/782/850 741/793/861 740/792/860
f 730/782/850 731/783/851 742/794/862 741/793/861
f 731/783/851 732/784/852 743/795/863 742/794/862
f 732/784/852 733/785/853 744/796/864 743/795/863
f 733/785/853 734/786/854 745/797/865 744/796/864
f 734/786/854 735/787/855 746/798/866 745/797/865
f 735/787/855 736/788/856 747/799/867 746/798/866
f 737/789/858 738/790/857 749/801/868 748/800/869
f 738/790/857 739/791/859 750/802/870 749/801/868
f 739/791/859 740/792/860 751/803/871 750/802/870
f 740/792/860 741/793/861 752/804/872 751/803/871
f 741/793/861 742/794/862 753/805/873 752/804/872
f 742/794/862 743/795/863 754/806/874 753/805/873
f 743/795/863 744/796/864 755/807/875 754/806/874
f 744/796/864 745/797/865 756/808/876 755/807/875
f 745/797/865 746/798/866 757/809/877 756/808/876
f 746/798/866 747/799/867 758/810/878 757/809/877
g default
v 0.300699 0.683489 -4.626138
v 0.300699 0.683489 -3.738931
v 0.300699 0.683489 -2.851724
v 0.300699 0.683489 -1.964517
v 0.300699 0.683489 -1.077311
v 0.300699 0.683489 -0.190104
v 0.300699 0.683489 0.697103
v 0.300699 0.683489 1.584309
v 0.300699 0.683489 2.471516
v 0.300699 0.683489 3.358723
v 0.300699 0.683489 4.245930
v 1.012588 0.684413 -4.626125
v 1.012588 0.684413 -3.738919
v 1.012588 0.684413 -2.851712
v 1.012588 0.684413 -1.964505
v 1.012588 0.684413 -1.077298
v 1.012588 0.684413 -0.190091
v 1.012588 0.684413 0.697116
v 1.012588 0.684413 1.584322
v 1.012588 0.684413 2.471529
v 1.012588 0.684413 3.358736
v 1.012588 0.684413 4.245943
v 1.724476 0.685338 -4.626113
v 1.724476 0.685338 -3.738906
v 1.724476 0.685338 -2.851699
v 1.724476 0.685338 -1.964492
v 1.724476 0.685338 -1.077285
v 1.724476 0.685338 -0.190079
v 1.724476 0.685338 0.697128
v 1.724476 0.685338 1.584335
v 1.724476 0.685338 2.471542
v 1.724476 0.685338 3.358749
v 1.724476 0.685338 4.245955
v 2.436365 0.686262 -4.626100
v 2.436365 0.686262 -3.738893
v 2.436365 0.686262 -2.851687
v 2.436365 0.686262 -1.964480
v 2.436365 0.686262 -1.077273
v 2.436365 0.686262 -0.190066
v 2.436365 0.686262 0.697141
v 2.436365 0.686262 1.584347
v 2.436365 0.686262 2.471554
v 2.436365 0.686262 3.358761
v 2.436365 0.686262 4.245968
v 3.148253 0.687186 -4.626087
v 3.148253 0.687186 -3.738881
v 3.148253 0.687186 -2.851674
v 3.148253 0.687186 -1.964467
v 3.148253 0.687186 -1.077260
v 3.148253 0.687186 -0.190053
v 3.148253 0.687186 0.697154
v 3.148253 0.687186 1.584360
v 3.148253 0.687186 2.471567
v 3.148253 0.687186 3.358774
v 3.148253 0.687186 4.245980
v 3.860142 0.688110 -4.626075
v 3.860142 0.688110 -3.738868
v 3.860142 0.688110 -2.851661
v 3.860142 0.688110 -1.964454
v 3.860142 0.688110 -1.077248
v 3.860142 0.688110 -0.190041
v 3.860142 0.688110 0.697166
v 3.860142 0.688110 1.584373
v 3.860142 0.688110 2.471580
v 3.860142 0.688110 3.358787
v 3.860142 0.688110 4.245993
v 4.572030 0.689035 -4.626062
v 4.572030 0.689035 -3.738855
v 4.572030 0.689035 -2.851649
v 4.572030 0.689035 -1.964442
v 4.572030 0.689035 -1.077235
v 4.572030 0.689035 -0.190028
v 4.572030 0.689035 0.697179
v 4.572030 0.689035 1.584385
v 4.572030 0.689035 2.471592
v 4.572030 0.689035 3.358799
v 4.572030 0.689035 4.246006
v 5.283918 0.689959 -4.626050
v 5.283918 0.689959 -3.738843
v 5.283918 0.689959 -2.851636
v 5.283918 0.689959 -1.964429
v 5.283918 0.689959 -1.077222
v 5.283918 0.689959 -0.190016
v 5.283918 0.689959 0.697191
v 5.283918 0.689959 1.584398
v 5.283918 0.689959 2.471605
v 5.283918 0.689959 3.358812
v 5.283918 0.689959 4.246018
v 5.995807 0.690883 -4.626037
v 5.995807 0.690883 -3.738830
v 5.995807 0.690883 -2.851623
v 5.995807 0.690883 -1.964416
v 5.995807 0.690883 -1.077210
v 5.995807 0.690883 -0.190003
v 5.995807 0.690883 0.697204
v 5.995807 0.690883 1.584411
v 5.995807 0.690883 2.471618
v 5.995807 0.690883 3.358825
v 5.995807 0.690883 4.246031
v 6.707696 0.691808 -4.626024
v 6.707696 0.691808 -3.738818
v 6.707696 0.691808 -2.851611
v 6.707696 0.691808 -1.964404
v 6.707696 0.691808 -1.077197
v 6.707696 0.691808 -0.189990
v 6.707696 0.691808 0.697217
v 6.707696 0.691808 1.584423
v 6.707696 0.691808 2.471630
v 6.707696 0.691808 3.358837
v 6.707696 0.691808 4.246044
v 7.419584 0.692732 -4.626012
v 7.419584 0.692732 -3.738805
v 7.419584 0.692732 -2.851598
v 7.419584 0.692732 -1.964391
v 7.419584 0.692732 -1.077184
v 7.419584 0.692732 -0.189978
v 7.419584 0.692732 0.697229
v 7.419584 0.692732 1.584436
v 7.419584 0.692732 2.471643
v 7.419584 0.692732 3.358850
v 7.419584 0.692732 4.246056
vt 0.000000 0.000000
vt 0.100000 0.000000
vt 0.200000 0.000000
vt 0.300000 0.000000
vt 0.400000 0.000000
vt 0.500000 0.000000
vt 0.600000 0.000000
vt 0.700000 0.000000
vt 0.800000 0.000000
vt 0.900000 0.000000
vt 1.000000 0.000000
vt 0.000000 0.100000
vt 0.100000 0.100000
vt 0.200000 0.100000
vt 0.300000 0.100000
vt 0.400000 0.100000
vt 0.500000 0.100000
vt 0.600000 0.100000
vt 0.700000 0.100000
vt 0.800000 0.100000
vt 0.900000 0.100000
vt 1.000000 0.100000
vt 0.000000 0.200000
vt 0.100000 0.200000
vt 0.200000 0.200000
vt 0.300000 0.200000
vt 0.400000 0.200000
vt 0.500000 0.200000
vt 0.600000 0.200000
vt 0.700000 0.200000
vt 0.800000 0.200000
vt 0.900000 0.200000
vt 1.000000 0.200000
vt 0.000000 0.300000
vt 0.100000 0.300000
vt 0.200000 0.300000
vt 0.300000 0.300000
vt 0.400000 0.300000
vt 0.500000 0.300000
vt 0.600000 0.300000
vt 0.700000 0.300000
vt 0.800000 0.300000
vt 0.900000 0.300000
vt 1.000000 0.300000
vt 0.000000 0.400000
vt 0.100000 0.400000
vt 0.200000 0.400000
vt 0.300000 0.400000
vt 0.400000 0.400000
vt 0.500000 0.400000
vt 0.600000 0.400000
vt 0.700000 0.400000
vt 0.800000 0.400000
vt 0.900000 0.400000
vt 1.000000 0.400000
vt 0.000000 0.500000
vt 0.100000 0.500000
vt 0.200000 0.500000
vt 0.300000 0.500000
vt 0.400000 0.500000
vt 0.500000 0.500000
vt 0.600000 0.500000
vt 0.700000 0.500000
vt 0.800000 0.500000
vt 0.900000 0.500000
vt 1.000000 0.500000
vt 0.000000 0.600000
vt 0.100000 0.600000
vt 0.200000 0.600000
vt 0.300000 0.600000
vt 0.400000 0.600000
vt 0.500000 0.600000
vt 0.600000 0.600000
vt 0.700000 0.600000
vt 0.800000 0.600000
vt 0.900000 0.600000
vt 1.000000 0.600000
vt 0.000000 0.700000
vt 0.100000 0.700000
vt 0.200000 0.700000
vt 0.300000 0.700000
vt 0.400000 0.700000
vt 0.500000 0.700000
vt 0.600000 0.700000
vt 0.700000 0.700000
vt 0.800000 0.700000
vt 0.900000 0.700000
vt 1.000000 0.700000
vt 0.000000 0.800000
vt 0.100000 0.800000
vt 0.200000 0.800000
vt 0.300000 0.800000
vt 0.400000 0.800000
vt 0.500000 0.800000
vt 0.600000 0.800000
vt 0.700000 0.800000
vt 0.800000 0.800000
vt 0.900000 0.800000
vt 1.000000 0.800000
vt 0.000000 0.900000
vt 0.100000 0.900000
vt 0.200000 0.900000
vt 0.300000 0.900000
vt 0.400000 0.900000
vt 0.500000 0.900000
vt 0.600000 0.900000
vt 0.700000 0.900000
vt 0.800000 0.900000
vt 0.900000 0.900000
vt 1.000000 0.900000
vt 0.000000 1.000000
vt 0.100000 1.000000
vt 0.200000 1.000000
vt 0.300000 1.000000
vt 0.400000 1.000000
vt 0.500000 1.000000
vt 0.600000 1.000000
vt 0.700000 1.000000
vt 0.800000 1.000000
vt 0.900000 1.000000
vt 1.000000 1.000000
vn -0.001298 0.999999 0.000000
vn -0.001298 0.999999 0.000000
vn -0.001298 0.999999 0.000000
vn -0.001298 0.999999 0.000000
vn -0.001298 0.999999 0.000000
vn -0.001298 0.999999 0.000000
vn -0.001298 0.999999 0.000000
vn -0.001298 0.999999 0.000000
vn -0.001298 0.999999 0.000000
vn -0.001298 0.999999 0.000000
vn -0.001298 0.999999 0.000000
vn -0.001298 0.999999 0.000000
vn -0.001298 0.999999 0.000000
vn -0.001298 0.999999 0.000000
vn -0.001298 0.999999 0.000000
vn -0.001298 0.999999 0.000000
vn -0.001298 0.999999 0.000000
vn -0.001298 0.999999 0.000000
vn -0.001298 0.999999 0.000000
vn -0.001298 0.999999 0.000000
vn -0.001298 0.999999 0.000000
vn -0.001298 0.999999 0.000000
vn -0.001298 0.999999 0.000000
vn -0.001298 0.999999 0.000000
vn -0.001298 0.999999 0.000000
vn -0.001298 0.999999 0.000000
vn -0.001298 0.999999 0.000000
vn -0.001298 0.999999 0.000000
vn -0.001298 0.999999 0.000000
vn -0.001298 0.999999 0.000000
vn -0.001298 0.999999 0.000000
vn -0.001298 0.999999 0.000000
vn -0.001298 0.999999 0.000000
vn -0.001298 0.999999 0.000000
vn -0.001298 0.999999 0.000000
vn -0.001298 0.999999 0.000000
vn -0.001298 0.999999 0.000000
vn -0.001298 0.999999 0.000000
vn -0.001298 0.999999 0.000000
vn -0.001298 0.999999 0.000000
vn -0.001298 0.999999 0.000000
vn -0.001298 0.999999 0.000000
vn -0.001298 0.999999 0.000000
vn -0.001298 0.999999 0.000000
vn -0.001298 0.999999 0.000000
vn -0.001298 0.999999 0.000000
vn -0.001298 0.999999 0.000000
vn -0.001298 0.999999 0.000000
vn -0.001298 0.999999 0.000000
vn -0.001298 0.999999 0.000000
vn -0.001298 0.999999 0.000000
vn -0.001298 0.999999 0.000000
vn -0.001298 0.999999 0.000000
vn -0.001298 0.999999 0.000000
vn -0.001298 0.999999 0.000000
vn -0.001298 0.999999 0.000000
vn -0.001298 0.999999 0.000000
vn -0.001298 0.999999 0.000000
vn -0.001298 0.999999 0.000000
vn -0.001298 0.999999 0.000000
vn -0.001298 0.999999 0.000000
vn -0.001298 0.999999 0.000000
vn -0.001298 0.999999 0.000000
vn -0.001298 0.999999 0.000000
vn -0.001298 0.999999 0.000000
vn -0.001298 0.999999 0.000000
vn -0.001298 0.999999 0.000000
vn -0.001298 0.999999 0.000000
vn -0.001298 0.999999 0.000000
vn -0.001298 0.999999 0.000000
vn -0.001298 0.999999 0.000000
vn -0.001298 0.999999 0.000000
vn -0.001298 0.999999 0.000000
vn -0.001298 0.999999 0.000000
vn -0.001298 0.999999 0.000000
vn -0.001298 0.999999 0.000000
vn -0.001298 0.999999 0.000000
vn -0.001298 0.999999 0.000000
vn -0.001298 0.999999 0.000000
vn -0.001298 0.999999 0.000000
vn -0.001298 0.999999 0.000000
vn -0.001298 0.999999 0.000000
vn -0.001298 0.999999 0.000000
vn -0.001298 0.999999 0.000000
vn -0.001298 0.999999 0.000000
vn -0.001298 0.999999 0.000000
vn -0.001298 0.999999 0.000000
vn -0.001298 0.999999 0.000000
vn -0.001298 0.999999 0.000000
vn -0.001298 0.999999 0.000000
vn -0.001298 0.999999 0.000000
vn -0.001298 0.999999 0.000000
vn -0.001298 0.999999 0.000000
vn -0.001298 0.999999 0.000000
vn -0.001298 0.999999 0.000000
vn -0.001298 0.999999 0.000000
vn -0.001298 0.999999 0.000000
vn -0.001298 0.999999 0.000000
vn -0.001298 0.999999 0.000000
vn -0.001298 0.999999 0.000000
vn -0.001298 0.999999 0.000000
vn -0.001298 0.999999 0.000000
vn -0.001298 0.999999 0.000000
vn -0.001298 0.999999 0.000000
vn -0.001298 0.999999 0.000000
vn -0.001298 0.999999 0.000000
vn -0.001298 0.999999 0.000000
vn -0.001298 0.999999 0.000000
vn -0.001298 0.999999 0.000000
vn -0.001298 0.999999 0.000000
vn -0.001298 0.999999 0.000000
vn -0.001298 0.999999 0.000000
vn -0.001298 0.999999 0.000000
vn -0.001298 0.999999 0.000000
vn -0.001298 0.999999 0.000000
vn -0.001298 0.999999 0.000000
vn -0.001298 0.999999 0.000000
vn -0.001298 0.999999 0.000000
vn -0.001298 0.999999 0.000000
vn -0.001298 0.999999 0.000000
vn -0.001298 0.999999 0.000000
s 1
g pPlane17 pPlane19
usemtl lambert15SG
f 759/811/879 760/812/880 771/823/881 770/822/882
f 760/812/880 761/813/883 772/824/884 771/823/881
f 761/813/883 762/814/885 773/825/886 772/824/884
f 762/814/885 763/815/887 774/826/888 773/825/886
f 763/815/887 764/816/889 775/827/890 774/826/888
f 764/816/889 765/817/891 776/828/892 775/827/890
f 765/817/891 766/818/893 777/829/894 776/828/892
f 766/818/893 767/819/895 778/830/896 777/829/894
f 767/819/895 768/820/897 779/831/898 778/830/896
f 768/820/897 769/821/899 780/832/900 779/831/898
f 770/822/882 771/823/881 782/834/901 781/833/902
f 771/823/881 772/824/884 783/835/903 782/834/901
f 772/824/884 773/825/886 784/836/904 783/835/903
f 773/825/886 774/826/888 785/837/905 784/836/904
f 774/826/888 775/827/890 786/838/906 785/837/905
f 775/827/890 776/828/892 787/839/907 786/838/906
f 776/828/892 777/829/894 788/840/908 787/839/907
f 777/829/894 778/830/896 789/841/909 788/840/908
f 778/830/896 779/831/898 790/842/910 789/841/909
f 779/831/898 780/832/900 791/843/911 790/842/910
f 781/833/902 782/834/901 793/845/912 792/844/913
f 782/834/901 783/835/903 794/846/914 793/845/912
f 783/835/903 784/836/904 795/847/915 794/846/914
f 784/836/904 785/837/905 796/848/916 795/847/915
f 785/837/905 786/838/906 797/849/917 796/848/916
f 786/838/906 787/839/907 798/850/918 797/849/917
f 787/839/907 788/840/908 799/851/919 798/850/918
f 788/840/908 789/841/909 800/852/920 799/851/919
f 789/841/909 790/842/910 801/853/921 800/852/920
f 790/842/910 791/843/911 802/854/922 801/853/921
f 792/844/913 793/845/912 804/856/923 803/855/924
f 793/845/912 794/846/914 805/857/925 804/856/923
f 794/846/914 795/847/915 806/858/926 805/857/925
f 795/847/915 796/848/916 807/859/927 806/858/926
f 796/848/916 797/849/917 808/860/928 807/859/927
f 797/849/917 798/850/918 809/861/929 808/860/928
f 798/850/918 799/851/919 810/862/930 809/861/929
f 799/851/919 800/852/920 811/863/931 810/862/930
f 800/852/920 801/853/921 812/864/932 811/863/931
f 801/853/921 802/854/922 813/865/933 812/864/932
f 803/855/924 804/856/923 815/867/934 814/866/935
f 804/856/923 805/857/925 816/868/936 815/867/934
f 805/857/925 806/858/926 817/869/937 816/868/936
f 806/858/926 807/859/927 818/870/938 817/869/937
f 807/859/927 808/860/928 819/871/939 818/870/938
f 808/860/928 809/861/929 820/872/940 819/871/939
f 809/861/929 810/862/930 821/873/941 820/872/940
f 810/862/930 811/863/931 822/874/942 821/873/941
f 811/863/931 812/864/932 823/875/943 822/874/942
f 812/864/932 813/865/933 824/876/944 823/875/943
f 814/866/935 815/867/934 826/878/945 825/877/946
f 815/867/934 816/868/936 827/879/947 826/878/945
f 816/868/936 817/869/937 828/880/948 827/879/947
f 817/869/937 818/870/938 829/881/949 828/880/948
f 818/870/938 819/871/939 830/882/950 829/881/949
f 819/871/939 820/872/940 831/883/951 830/882/950
f 820/872/940 821/873/941 832/884/952 831/883/951
f 821/873/941 822/874/942 833/885/953 832/884/952
f 822/874/942 823/875/943 834/886/954 833/885/953
f 823/875/943 824/876/944 835/887/955 834/886/954
f 825/877/946 826/878/945 837/889/956 836/888/957
f 826/878/945 827/879/947 838/890/958 837/889/956
f 827/879/947 828/880/948 839/891/959 838/890/958
f 828/880/948 829/881/949 840/892/960 839/891/959
f 829/881/949 830/882/950 841/893/961 840/892/960
f 830/882/950 831/883/951 842/894/962 841/893/961
f 831/883/951 832/884/952 843/895/963 842/894/962
f 832/884/952 833/885/953 844/896/964 843/895/963
f 833/885/953 834/886/954 845/897/965 844/896/964
f 834/886/954 835/887/955 846/898/966 845/897/965
f 836/888/957 837/889/956 848/900/967 847/899/968
f 837/889/956 838/890/958 849/901/969 848/900/967
f 838/890/958 839/891/959 850/902/970 849/901/969
f 839/891/959 840/892/960 851/903/971 850/902/970
f 840/892/960 841/893/961 852/904/972 851/903/971
f 841/893/961 842/894/962 853/905/973 852/904/972
f 842/894/962 843/895/963 854/906/974 853/905/973
f 843/895/963 844/896/964 855/907/975 854/906/974
f 844/896/964 845/897/965 856/908/976 855/907/975
f 845/897/965 846/898/966 857/909/977 856/908/976
f 847/899/968 848/900/967 859/911/978 858/910/979
f 848/900/967 849/901/969 860/912/980 859/911/978
f 849/901/969 850/902/970 861/913/981 860/912/980
f 850/902/970 851/903/971 862/914/982 861/913/981
f 851/903/971 852/904/972 863/915/983 862/914/982
f 852/904/972 853/905/973 864/916/984 863/915/983
f 853/905/973 854/906/974 865/917/985 864/916/984
f 854/906/974 855/907/975 866/918/986 865/917/985
f 855/907/975 856/908/976 867/919/987 866/918/986
f 856/908/976 857/909/977 868/920/988 867/919/987
f 858/910/979 859/911/978 870/922/989 869/921/990
f 859/911/978 860/912/980 871/923/991 870/922/989
f 860/912/980 861/913/981 872/924/992 871/923/991
f 861/913/981 862/914/982 873/925/993 872/924/992
f 862/914/982 863/915/983 874/926/994 873/925/993
f 863/915/983 864/916/984 875/927/995 874/926/994
f 864/916/984 865/917/985 876/928/996 875/927/995
f 865/917/985 866/918/986 877/929/997 876/928/996
f 866/918/986 867/919/987 878/930/998 877/929/997
f 867/919/987 868/920/988 879/931/999 878/930/998
g default
v 1.922374 0.940129 4.532005
v 2.327526 0.943329 4.532977
v 2.732678 0.946528 4.533949
v 3.137830 0.949728 4.534921
v 3.542982 0.952927 4.535892
v 3.948134 0.956127 4.536864
v 4.353286 0.959326 4.537836
v 4.758438 0.962526 4.538808
v 5.163590 0.965725 4.539780
v 5.568742 0.968925 4.540752
v 5.973894 0.972124 4.541724
v 1.922855 0.939905 4.128865
v 2.328007 0.943105 4.129837
v 2.733159 0.946304 4.130809
v 3.138311 0.949503 4.131781
v 3.543463 0.952703 4.132753
v 3.948615 0.955902 4.133725
v 4.353767 0.959102 4.134697
v 4.758919 0.962301 4.135669
v 5.164071 0.965501 4.136641
v 5.569223 0.968700 4.137612
v 5.974375 0.971900 4.138584
v 1.923336 0.939681 3.725726
v 2.328488 0.942880 3.726698
v 2.733640 0.946080 3.727670
v 3.138792 0.949279 3.728642
v 3.543944 0.952479 3.729614
v 3.949096 0.955678 3.730585
v 4.354248 0.958878 3.731557
v 4.759400 0.962077 3.732529
v 5.164552 0.965277 3.733501
v 5.569704 0.968476 3.734473
v 5.974856 0.971676 3.735445
v 1.923817 0.939456 3.322586
v 2.328969 0.942656 3.323558
v 2.734121 0.945855 3.324530
v 3.139273 0.949055 3.325502
v 3.544425 0.952254 3.326474
v 3.949577 0.955454 3.327446
v 4.354729 0.958653 3.328418
v 4.759881 0.961853 3.329390
v 5.165033 0.965052 3.330361
v 5.570185 0.968252 3.331333
v 5.975337 0.971451 3.332305
v 1.924298 0.939232 2.919447
v 2.329450 0.942431 2.920419
v 2.734602 0.945631 2.921391
v 3.139754 0.948830 2.922363
v 3.544906 0.952030 2.923334
v 3.950058 0.955229 2.924306
v 4.355210 0.958429 2.925278
v 4.760362 0.961628 2.926250
v 5.165514 0.964828 2.927222
v 5.570666 0.968027 2.928194
v 5.975818 0.971227 2.929166
v 1.924779 0.939008 2.516307
v 2.329931 0.942207 2.517279
v 2.735083 0.945407 2.518251
v 3.140235 0.948606 2.519223
v 3.545387 0.951806 2.520195
v 3.950539 0.955005 2.521167
v 4.355691 0.958205 2.522139
v 4.760843 0.961404 2.523111
v 5.165995 0.964604 2.524083
v 5.571147 0.967803 2.525054
v 5.976299 0.971002 2.526026
v 1.925260 0.938783 2.113168
v 2.330412 0.941983 2.114140
v 2.735564 0.945182 2.115112
v 3.140716 0.948382 2.116084
v 3.545868 0.951581 2.117055
v 3.951020 0.954781 2.118027
v 4.356172 0.957980 2.118999
v 4.761324 0.961180 2.119971
v 5.166476 0.964379 2.120943
v 5.571628 0.967579 2.121915
v 5.976779 0.970778 2.122887
v 1.925741 0.938559 1.710029
v 2.330893 0.941758 1.711000
v 2.736045 0.944958 1.711972
v 3.141197 0.948157 1.712944
v 3.546349 0.951357 1.713916
v 3.951501 0.954556 1.714888
v 4.356653 0.957756 1.715860
v 4.761805 0.960955 1.716832
v 5.166957 0.964155 1.717804
v 5.572109 0.967354 1.718775
v 5.977260 0.970554 1.719747
v 1.926222 0.938334 1.306889
v 2.331374 0.941534 1.307861
v 2.736526 0.944733 1.308833
v 3.141678 0.947933 1.309805
v 3.546830 0.951132 1.310776
v 3.951982 0.954332 1.311748
v 4.357134 0.957531 1.312720
v 4.762285 0.960731 1.313692
v 5.167438 0.963930 1.314664
v 5.572590 0.967130 1.315636
v 5.977741 0.970329 1.316608
v 1.926703 0.938110 0.903749
v 2.331855 0.941310 0.904721
v 2.737007 0.944509 0.905693
v 3.142159 0.947709 0.906665
v 3.547311 0.950908 0.907637
v 3.952463 0.954108 0.908609
v 4.357615 0.957307 0.909581
v 4.762766 0.960507 0.910553
v 5.167918 0.963706 0.911524
v 5.573071 0.966906 0.912496
v 5.978222 0.970105 0.913468
v 1.927184 0.937886 0.500610
v 2.332336 0.941085 0.501582
v 2.737488 0.944285 0.502554
v 3.142640 0.947484 0.503526
v 3.547792 0.950684 0.504498
v 3.952944 0.953883 0.505469
v 4.358096 0.957083 0.506441
v 4.763247 0.960282 0.507413
v 5.168399 0.963482 0.508385
v 5.573551 0.966681 0.509357
v 5.978703 0.969881 0.510329
vt 0.999478 1.000521
vt 0.899478 1.000417
vt 0.799479 1.000313
vt 0.699479 1.000208
vt 0.599479 1.000104
vt 0.499479 1.000000
vt 0.399479 0.999895
vt 0.299479 0.999791
vt 0.199479 0.999687
vt 0.099479 0.999583
vt -0.000521 0.999478
vt 0.999583 0.900521
vt 0.899583 0.900417
vt 0.799583 0.900313
vt 0.699583 0.900208
vt 0.599583 0.900104
vt 0.499583 0.900000
vt 0.399583 0.899896
vt 0.299583 0.899791
vt 0.199583 0.899687
vt 0.099583 0.899583
vt -0.000417 0.899478
vt 0.999687 0.800521
vt 0.899687 0.800417
vt 0.799687 0.800313
vt 0.699687 0.800208
vt 0.599687 0.800104
vt 0.499687 0.800000
vt 0.399687 0.799896
vt 0.299687 0.799791
vt 0.199687 0.799687
vt 0.099687 0.799583
vt -0.000313 0.799479
vt 0.999791 0.700521
vt 0.899791 0.700417
vt 0.799791 0.700313
vt 0.699791 0.700208
vt 0.599791 0.700104
vt 0.499792 0.700000
vt 0.399792 0.699896
vt 0.299792 0.699791
vt 0.199792 0.699687
vt 0.099792 0.699583
vt -0.000208 0.699479
vt 0.999895 0.600521
vt 0.899896 0.600417
vt 0.799896 0.600313
vt 0.699896 0.600208
vt 0.599896 0.600104
vt 0.499896 0.600000
vt 0.399896 0.599896
vt 0.299896 0.599791
vt 0.199896 0.599687
vt 0.099896 0.599583
vt -0.000104 0.599479
vt 1.000000 0.500521
vt 0.900000 0.500417
vt 0.800000 0.500313
vt 0.700000 0.500208
vt 0.600000 0.500104
vt 0.500000 0.500000
vt 0.400000 0.499896
vt 0.300000 0.499791
vt 0.200000 0.499687
vt 0.100000 0.499583
vt 0.000000 0.499479
vt 1.000104 0.400521
vt 0.900104 0.400417
vt 0.800104 0.400313
vt 0.700104 0.400209
vt 0.600104 0.400104
vt 0.500104 0.400000
vt 0.400104 0.399896
vt 0.300104 0.399792
vt 0.200104 0.399687
vt 0.100104 0.399583
vt 0.000105 0.399479
vt 1.000208 0.300521
vt 0.900208 0.300417
vt 0.800208 0.300313
vt 0.700208 0.300209
vt 0.600208 0.300104
vt 0.500209 0.300000
vt 0.400209 0.299896
vt 0.300209 0.299792
vt 0.200209 0.299687
vt 0.100209 0.299583
vt 0.000209 0.299479
vt 1.000313 0.200521
vt 0.900313 0.200417
vt 0.800313 0.200313
vt 0.700313 0.200209
vt 0.600313 0.200104
vt 0.500313 0.200000
vt 0.400313 0.199896
vt 0.300313 0.199792
vt 0.200313 0.199687
vt 0.100313 0.199583
vt 0.000313 0.199479
vt 1.000417 0.100521
vt 0.900417 0.100417
vt 0.800417 0.100313
vt 0.700417 0.100209
vt 0.600417 0.100104
vt 0.500417 0.100000
vt 0.400417 0.099896
vt 0.300417 0.099792
vt 0.200417 0.099687
vt 0.100417 0.099583
vt 0.000417 0.099479
vt 1.000521 0.000522
vt 0.900521 0.000417
vt 0.800521 0.000313
vt 0.700521 0.000209
vt 0.600521 0.000105
vt 0.500521 0.000000
vt 0.400521 -0.000104
vt 0.300521 -0.000208
vt 0.200521 -0.000313
vt 0.100521 -0.000417
vt 0.000522 -0.000521
vn -0.007895 0.999969 -0.000566
vn -0.007895 0.999969 -0.000566
vn -0.007895 0.999969 -0.000566
vn -0.007895 0.999969 -0.000566
vn -0.007895 0.999969 -0.000566
vn -0.007895 0.999969 -0.000566
vn -0.007895 0.999969 -0.000566
vn -0.007895 0.999969 -0.000566
vn -0.007895 0.999969 -0.000566
vn -0.007895 0.999969 -0.000566
vn -0.007895 0.999969 -0.000566
vn -0.007895 0.999969 -0.000566
vn -0.007895 0.999969 -0.000566
vn -0.007895 0.999969 -0.000566
vn -0.007895 0.999969 -0.000566
vn -0.007895 0.999969 -0.000566
vn -0.007895 0.999969 -0.000566
vn -0.007895 0.999969 -0.000566
vn -0.007895 0.999969 -0.000566
vn -0.007895 0.999969 -0.000566
vn -0.007895 0.999969 -0.000566
vn -0.007895 0.999969 -0.000566
vn -0.007895 0.999969 -0.000566
vn -0.007895 0.999969 -0.000566
vn -0.007895 0.999969 -0.000566
vn -0.007895 0.999969 -0.000566
vn -0.007895 0.999969 -0.000566
vn -0.007895 0.999969 -0.000566
vn -0.007895 0.999969 -0.000566
vn -0.007895 0.999969 -0.000566
vn -0.007895 0.999969 -0.000566
vn -0.007895 0.999969 -0.000566
vn -0.007895 0.999969 -0.000566
vn -0.007895 0.999969 -0.000566
vn -0.007895 0.999969 -0.000566
vn -0.007895 0.999969 -0.000566
vn -0.007895 0.999969 -0.000566
vn -0.007895 0.999969 -0.000566
vn -0.007895 0.999969 -0.000566
vn -0.007895 0.999969 -0.000566
vn -0.007895 0.999969 -0.000566
vn -0.007895 0.999969 -0.000566
vn -0.007895 0.999969 -0.000566
vn -0.007895 0.999969 -0.000566
vn -0.007895 0.999969 -0.000566
vn -0.007895 0.999969 -0.000566
vn -0.007895 0.999969 -0.000566
vn -0.007895 0.999969 -0.000566
vn -0.007895 0.999969 -0.000566
vn -0.007895 0.999969 -0.000566
vn -0.007895 0.999969 -0.000566
vn -0.007895 0.999969 -0.000566
vn -0.007895 0.999969 -0.000566
vn -0.007895 0.999969 -0.000566
vn -0.007895 0.999969 -0.000566
vn -0.007895 0.999969 -0.000566
vn -0.007895 0.999969 -0.000566
vn -0.007895 0.999969 -0.000566
vn -0.007895 0.999969 -0.000566
vn -0.007895 0.999969 -0.000566
vn -0.007895 0.999969 -0.000566
vn -0.007895 0.999969 -0.000566
vn -0.007895 0.999969 -0.000566
vn -0.007895 0.999969 -0.000566
vn -0.007895 0.999969 -0.000566
vn -0.007895 0.999969 -0.000566
vn -0.007895 0.999969 -0.000566
vn -0.007895 0.999969 -0.000566
vn -0.007895 0.999969 -0.000566
vn -0.007895 0.999969 -0.000566
vn -0.007895 0.999969 -0.000566
vn -0.007895 0.999969 -0.000566
vn -0.007895 0.999969 -0.000566
vn -0.007895 0.999969 -0.000566
vn -0.007895 0.999969 -0.000566
vn -0.007895 0.999969 -0.000566
vn -0.007895 0.999969 -0.000566
vn -0.007895 0.999969 -0.000566
vn -0.007895 0.999969 -0.000566
vn -0.007895 0.999969 -0.000566
vn -0.007895 0.999969 -0.000566
vn -0.007895 0.999969 -0.000566
vn -0.007895 0.999969 -0.000566
vn -0.007895 0.999969 -0.000566
vn -0.007895 0.999969 -0.000566
vn -0.007895 0.999969 -0.000566
vn -0.007895 0.999969 -0.000566
vn -0.007895 0.999969 -0.000566
vn -0.007895 0.999969 -0.000566
vn -0.007895 0.999969 -0.000566
vn -0.007895 0.999969 -0.000566
vn -0.007895 0.999969 -0.000566
vn -0.007895 0.999969 -0.000566
vn -0.007895 0.999969 -0.000566
vn -0.007895 0.999969 -0.000566
vn -0.007895 0.999969 -0.000566
vn -0.007895 0.999969 -0.000566
vn -0.007895 0.999969 -0.000566
vn -0.007895 0.999969 -0.000566
vn -0.007895 0.999969 -0.000566
vn -0.007895 0.999969 -0.000566
vn -0.007895 0.999969 -0.000566
vn -0.007895 0.999969 -0.000566
vn -0.007895 0.999969 -0.000566
vn -0.007895 0.999969 -0.000566
vn -0.007895 0.999969 -0.000566
vn -0.007895 0.999969 -0.000566
vn -0.007895 0.999969 -0.000566
vn -0.007895 0.999969 -0.000566
vn -0.007895 0.999969 -0.000566
vn -0.007895 0.999969 -0.000566
vn -0.007895 0.999969 -0.000566
vn -0.007895 0.999969 -0.000566
vn -0.007895 0.999969 -0.000566
vn -0.007895 0.999969 -0.000566
vn -0.007895 0.999969 -0.000566
vn -0.007895 0.999969 -0.000566
vn -0.007895 0.999969 -0.000566
vn -0.007895 0.999969 -0.000566
vn -0.007895 0.999969 -0.000566
vn -0.007895 0.999969 -0.000566
s 1
g group2 locator1 pPlane10 pPlane1 pCube1 Book_L
usemtl lambert5SG
f 880/932/1000 881/933/1001 892/944/1002 891/943/1003
f 881/933/1001 882/934/1004 893/945/1005 892/944/1002
f 882/934/1004 883/935/1006 894/946/1007 893/945/1005
f 883/935/1006 884/936/1008 895/947/1009 894/946/1007
f 884/936/1008 885/937/1010 896/948/1011 895/947/1009
f 885/937/1010 886/938/1012 897/949/1013 896/948/1011
f 886/938/1012 887/939/1014 898/950/1015 897/949/1013
f 887/939/1014 888/940/1016 899/951/1017 898/950/1015
f 888/940/1016 889/941/1018 900/952/1019 899/951/1017
f 889/941/1018 890/942/1020 901/953/1021 900/952/1019
f 891/943/1003 892/944/1002 903/955/1022 902/954/1023
f 892/944/1002 893/945/1005 904/956/1024 903/955/1022
f 893/945/1005 894/946/1007 905/957/1025 904/956/1024
f 894/946/1007 895/947/1009 906/958/1026 905/957/1025
f 895/947/1009 896/948/1011 907/959/1027 906/958/1026
f 896/948/1011 897/949/1013 908/960/1028 907/959/1027
f 897/949/1013 898/950/1015 909/961/1029 908/960/1028
f 898/950/1015 899/951/1017 910/962/1030 909/961/1029
f 899/951/1017 900/952/1019 911/963/1031 910/962/1030
f 900/952/1019 901/953/1021 912/964/1032 911/963/1031
f 902/954/1023 903/955/1022 914/966/1033 913/965/1034
f 903/955/1022 904/956/1024 915/967/1035 914/966/1033
f 904/956/1024 905/957/1025 916/968/1036 915/967/1035
f 905/957/1025 906/958/1026 917/969/1037 916/968/1036
f 906/958/1026 907/959/1027 918/970/1038 917/969/1037
f 907/959/1027 908/960/1028 919/971/1039 918/970/1038
f 908/960/1028 909/961/1029 920/972/1040 919/971/1039
f 909/961/1029 910/962/1030 921/973/1041 920/972/1040
f 910/962/1030 911/963/1031 922/974/1042 921/973/1041
f 911/963/1031 912/964/1032 923/975/1043 922/974/1042
f 913/965/1034 914/966/1033 925/977/1044 924/976/1045
f 914/966/1033 915/967/1035 926/978/1046 925/977/1044
f 915/967/1035 916/968/1036 927/979/1047 926/978/1046
f 916/968/1036 917/969/1037 928/980/1048 927/979/1047
f 917/969/1037 918/970/1038 929/981/1049 928/980/1048
f 918/970/1038 919/971/1039 930/982/1050 929/981/1049
f 919/971/1039 920/972/1040 931/983/1051 930/982/1050
f 920/972/1040 921/973/1041 932/984/1052 931/983/1051
f 921/973/1041 922/974/1042 933/985/1053 932/984/1052
f 922/974/1042 923/975/1043 934/986/1054 933/985/1053
f 924/976/1045 925/977/1044 936/988/1055 935/987/1056
f 925/977/1044 926/978/1046 937/989/1057 936/988/1055
f 926/978/1046 927/979/1047 938/990/1058 937/989/1057
f 927/979/1047 928/980/1048 939/991/1059 938/990/1058
f 928/980/1048 929/981/1049 940/992/1060 939/991/1059
f 929/981/1049 930/982/1050 941/993/1061 940/992/1060
f 930/982/1050 931/983/1051 942/994/1062 941/993/1061
f 931/983/1051 932/984/1052 943/995/1063 942/994/1062
f 932/984/1052 933/985/1053 944/996/1064 943/995/1063
f 933/985/1053 934/986/1054 945/997/1065 944/996/1064
f 935/987/1056 936/988/1055 947/999/1066 946/998/1067
f 936/988/1055 937/989/1057 948/1000/1068 947/999/1066
f 937/989/1057 938/990/1058 949/1001/1069 948/1000/1068
f 938/990/1058 939/991/1059 950/1002/1070 949/1001/1069
f 939/991/1059 940/992/1060 951/1003/1071 950/1002/1070
f 940/992/1060 941/993/1061 952/1004/1072 951/1003/1071
f 941/993/1061 942/994/1062 953/1005/1073 952/1004/1072
f 942/994/1062 943/995/1063 954/1006/1074 953/1005/1073
f 943/995/1063 944/996/1064 955/1007/1075 954/1006/1074
f 944/996/1064 945/997/1065 956/1008/1076 955/1007/1075
f 946/998/1067 947/999/1066 958/1010/1077 957/1009/1078
f 947/999/1066 948/1000/1068 959/1011/1079 958/1010/1077
f 948/1000/1068 949/1001/1069 960/1012/1080 959/1011/1079
f 949/1001/1069 950/1002/1070 961/1013/1081 960/1012/1080
f 950/1002/1070 951/1003/1071 962/1014/1082 961/1013/1081
f 951/1003/1071 952/1004/1072 963/1015/1083 962/1014/1082
f 952/1004/1072 953/1005/1073 964/1016/1084 963/1015/1083
f 953/1005/1073 954/1006/1074 965/1017/1085 964/1016/1084
f 954/1006/1074 955/1007/1075 966/1018/1086 965/1017/1085
f 955/1007/1075 956/1008/1076 967/1019/1087 966/1018/1086
f 957/1009/1078 958/1010/1077 969/1021/1088 968/1020/1089
f 958/1010/1077 959/1011/1079 970/1022/1090 969/1021/1088
f 959/1011/1079 960/1012/1080 971/1023/1091 970/1022/1090
f 960/1012/1080 961/1013/1081 972/1024/1092 971/1023/1091
f 961/1013/1081 962/1014/1082 973/1025/1093 972/1024/1092
f 962/1014/1082 963/1015/1083 974/1026/1094 973/1025/1093
f 963/1015/1083 964/1016/1084 975/1027/1095 974/1026/1094
f 964/1016/1084 965/1017/1085 976/1028/1096 975/1027/1095
f 965/1017/1085 966/1018/1086 977/1029/1097 976/1028/1096
f 966/1018/1086 967/1019/1087 978/1030/1098 977/1029/1097
f 968/1020/1089 969/1021/1088 980/1032/1099 979/1031/1100
f 969/1021/1088 970/1022/1090 981/1033/1101 980/1032/1099
f 970/1022/1090 971/1023/1091 982/1034/1102 981/1033/1101
f 971/1023/1091 972/1024/1092 983/1035/1103 982/1034/1102
f 972/1024/1092 973/1025/1093 984/1036/1104 983/1035/1103
f 973/1025/1093 974/1026/1094 985/1037/1105 984/1036/1104
f 974/1026/1094 975/1027/1095 986/1038/1106 985/1037/1105
f 975/1027/1095 976/1028/1096 987/1039/1107 986/1038/1106
f 976/1028/1096 977/1029/1097 988/1040/1108 987/1039/1107
f 977/1029/1097 978/1030/1098 989/1041/1109 988/1040/1108
f 979/1031/1100 980/1032/1099 991/1043/1110 990/1042/1111
f 980/1032/1099 981/1033/1101 992/1044/1112 991/1043/1110
f 981/1033/1101 982/1034/1102 993/1045/1113 992/1044/1112
f 982/1034/1102 983/1035/1103 994/1046/1114 993/1045/1113
f 983/1035/1103 984/1036/1104 995/1047/1115 994/1046/1114
f 984/1036/1104 985/1037/1105 996/1048/1116 995/1047/1115
f 985/1037/1105 986/1038/1106 997/1049/1117 996/1048/1116
f 986/1038/1106 987/1039/1107 998/1050/1118 997/1049/1117
f 987/1039/1107 988/1040/1108 999/1051/1119 998/1050/1118
f 988/1040/1108 989/1041/1109 1000/1052/1120 999/1051/1119
g default
v 7.971451 0.706261 4.880406
v 7.171947 0.706261 4.880406
v 6.372443 0.706261 4.880406
v 5.572939 0.706261 4.880406
v 4.773434 0.706261 4.880406
v 3.973931 0.706261 4.880406
v 3.174427 0.706261 4.880406
v 2.374923 0.706261 4.880406
v 1.575419 0.706261 4.880406
v 0.775914 0.706261 4.880406
v -0.023588 0.706261 4.880406
v 7.971451 0.706261 3.868512
v 7.171947 0.706261 3.868512
v 6.372443 0.706261 3.868512
v 5.572939 0.706261 3.868512
v 4.773434 0.706261 3.868512
v 3.973931 0.706261 3.868512
v 3.174427 0.706261 3.868512
v 2.374923 0.706261 3.868512
v 1.575419 0.706261 3.868512
v 0.775914 0.706261 3.868512
v -0.023588 0.706261 3.868512
v 7.971451 0.706261 2.856619
v 7.171947 0.706261 2.856619
v 6.372443 0.706261 2.856619
v 5.572939 0.706261 2.856619
v 4.773434 0.706261 2.856619
v 3.973931 0.706261 2.856619
v 3.174427 0.706261 2.856619
v 2.374923 0.706261 2.856619
v 1.575419 0.706261 2.856619
v 0.775914 0.706261 2.856619
v -0.023588 0.706261 2.856619
v 7.971451 0.706261 1.844725
v 7.171947 0.706261 1.844725
v 6.372443 0.706261 1.844725
v 5.572939 0.706261 1.844725
v 4.773434 0.706261 1.844725
v 3.973931 0.706261 1.844725
v 3.174427 0.706261 1.844725
v 2.374923 0.706261 1.844725
v 1.575419 0.706261 1.844725
v 0.775914 0.706261 1.844725
v -0.023588 0.706261 1.844725
v 7.971451 0.706261 0.832832
v 7.171947 0.706261 0.832832
v 6.372443 0.706261 0.832832
v 5.572939 0.706261 0.832832
v 4.773434 0.706261 0.832832
v 3.973931 0.706261 0.832832
v 3.174427 0.706261 0.832832
v 2.374923 0.706261 0.832832
v 1.575419 0.706261 0.832832
v 0.775914 0.706261 0.832832
v -0.023588 0.706261 0.832832
v 7.971451 0.706261 -0.179061
v 7.171947 0.706261 -0.179061
v 6.372443 0.706261 -0.179061
v 5.572939 0.706261 -0.179061
v 4.773434 0.706261 -0.179061
v 3.973931 0.706261 -0.179061
v 3.174427 0.706261 -0.179061
v 2.374923 0.706261 -0.179061
v 1.575419 0.706261 -0.179061
v 0.775914 0.706261 -0.179061
v -0.023588 0.706261 -0.179061
v 7.971451 0.706261 -1.190955
v 7.171947 0.706261 -1.190955
v 6.372443 0.706261 -1.190955
v 5.572939 0.706261 -1.190955
v 4.773434 0.706261 -1.190955
v 3.973931 0.706261 -1.190955
v 3.174427 0.706261 -1.190955
v 2.374923 0.706261 -1.190955
v 1.575419 0.706261 -1.190955
v 0.775914 0.706261 -1.190955
v -0.023588 0.706261 -1.190955
v 7.971451 0.706261 -2.202848
v 7.171947 0.706261 -2.202848
v 6.372443 0.706261 -2.202848
v 5.572939 0.706261 -2.202848
v 4.773434 0.706261 -2.202848
v 3.973931 0.706261 -2.202848
v 3.174427 0.706261 -2.202848
v 2.374923 0.706261 -2.202848
v 1.575419 0.706261 -2.202848
v 0.775914 0.706261 -2.202848
v -0.023588 0.706261 -2.202848
v 7.971451 0.706261 -3.214742
v 7.171947 0.706261 -3.214742
v 6.372443 0.706261 -3.214742
v 5.572939 0.706261 -3.214742
v 4.773434 0.706261 -3.214742
v 3.973931 0.706261 -3.214742
v 3.174427 0.706261 -3.214742
v 2.374923 0.706261 -3.214742
v 1.575419 0.706261 -3.214742
v 0.775914 0.706261 -3.214742
v -0.023588 0.706261 -3.214742
v 7.971451 0.706261 -4.226635
v 7.171947 0.706261 -4.226635
v 6.372443 0.706261 -4.226635
v 5.572939 0.706261 -4.226635
v 4.773434 0.706261 -4.226635
v 3.973931 0.706261 -4.226635
v 3.174427 0.706261 -4.226635
v 2.374923 0.706261 -4.226635
v 1.575419 0.706261 -4.226635
v 0.775914 0.706261 -4.226635
v -0.023588 0.706261 -4.226635
v 7.971451 0.706261 -5.238528
v 7.171947 0.706261 -5.238528
v 6.372443 0.706261 -5.238528
v 5.572939 0.706261 -5.238528
v 4.773434 0.706261 -5.238528
v 3.973931 0.706261 -5.238528
v 3.174427 0.706261 -5.238528
v 2.374923 0.706261 -5.238528
v 1.575419 0.706261 -5.238528
v 0.775914 0.706261 -5.238528
v -0.023588 0.706261 -5.238528
v 7.971451 0.706027 4.880406
v 7.171947 0.706027 4.880406
v 7.171947 0.706027 3.868512
v 7.971451 0.706027 3.868512
v 6.372443 0.706027 4.880406
v 6.372443 0.706027 3.868512
v 5.572939 0.706027 4.880406
v 5.572939 0.706027 3.868512
v 4.773434 0.706027 4.880406
v 4.773434 0.706027 3.868512
v 3.973931 0.706027 4.880406
v 3.973931 0.706027 3.868512
v 3.174427 0.706027 4.880406
v 3.174427 0.706027 3.868512
v 2.374923 0.706027 4.880406
v 2.374923 0.706027 3.868512
v 1.575419 0.706027 4.880406
v 1.575419 0.706027 3.868512
v 0.775914 0.706027 4.880406
v 0.775914 0.706027 3.868512
v -0.023588 0.706027 4.880406
v -0.023588 0.706027 3.868512
v 7.171947 0.706027 2.856619
v 7.971451 0.706027 2.856619
v 6.372443 0.706027 2.856619
v 5.572939 0.706027 2.856619
v 4.773434 0.706027 2.856619
v 3.973931 0.706027 2.856619
v 3.174427 0.706027 2.856619
v 2.374923 0.706027 2.856619
v 1.575419 0.706027 2.856619
v 0.775914 0.706027 2.856619
v -0.023588 0.706027 2.856619
v 7.171947 0.706027 1.844725
v 7.971451 0.706027 1.844725
v 6.372443 0.706027 1.844725
v 5.572939 0.706027 1.844725
v 4.773434 0.706027 1.844725
v 3.973931 0.706027 1.844725
v 3.174427 0.706027 1.844725
v 2.374923 0.706027 1.844725
v 1.575419 0.706027 1.844725
v 0.775914 0.706027 1.844725
v -0.023588 0.706027 1.844725
v 7.171947 0.706027 0.832832
v 7.971451 0.706027 0.832832
v 6.372443 0.706027 0.832832
v 5.572939 0.706027 0.832832
v 4.773434 0.706027 0.832832
v 3.973931 0.706027 0.832832
v 3.174427 0.706027 0.832832
v 2.374923 0.706027 0.832832
v 1.575419 0.706027 0.832832
v 0.775914 0.706027 0.832832
v -0.023588 0.706027 0.832832
v 7.171947 0.706027 -0.179061
v 7.971451 0.706027 -0.179061
v 6.372443 0.706027 -0.179061
v 5.572939 0.706027 -0.179061
v 4.773434 0.706027 -0.179061
v 3.973931 0.706027 -0.179061
v 3.174427 0.706027 -0.179061
v 2.374923 0.706027 -0.179061
v 1.575419 0.706027 -0.179061
v 0.775914 0.706027 -0.179061
v -0.023588 0.706027 -0.179061
v 7.171947 0.706027 -1.190955
v 7.971451 0.706027 -1.190955
v 6.372443 0.706027 -1.190955
v 5.572939 0.706027 -1.190955
v 4.773434 0.706027 -1.190955
v 3.973931 0.706027 -1.190955
v 3.174427 0.706027 -1.190955
v 2.374923 0.706027 -1.190955
v 1.575419 0.706027 -1.190955
v 0.775914 0.706027 -1.190955
v -0.023588 0.706027 -1.190955
v 7.171947 0.706027 -2.202848
v 7.971451 0.706027 -2.202848
v 6.372443 0.706027 -2.202848
v 5.572939 0.706027 -2.202848
v 4.773434 0.706027 -2.202848
v 3.973931 0.706027 -2.202848
v 3.174427 0.706027 -2.202848
v 2.374923 0.706027 -2.202848
v 1.575419 0.706027 -2.202848
v 0.775914 0.706027 -2.202848
v -0.023588 0.706027 -2.202848
v 7.171947 0.706027 -3.214742
v 7.971451 0.706027 -3.214742
v 6.372443 0.706027 -3.214742
v 5.572939 0.706027 -3.214742
v 4.773434 0.706027 -3.214742
v 3.973931 0.706027 -3.214742
v 3.174427 0.706027 -3.214742
v 2.374923 0.706027 -3.214742
v 1.575419 0.706027 -3.214742
v 0.775914 0.706027 -3.214742
v -0.023588 0.706027 -3.214742
v 7.171947 0.706027 -4.226635
v 7.971451 0.706027 -4.226635
v 6.372443 0.706027 -4.226635
v 5.572939 0.706027 -4.226635
v 4.773434 0.706027 -4.226635
v 3.973931 0.706027 -4.226635
v 3.174427 0.706027 -4.226635
v 2.374923 0.706027 -4.226635
v 1.575419 0.706027 -4.226635
v 0.775914 0.706027 -4.226635
v -0.023588 0.706027 -4.226635
v 7.171947 0.706027 -5.238528
v 7.971451 0.706027 -5.238528
v 6.372443 0.706027 -5.238528
v 5.572939 0.706027 -5.238528
v 4.773434 0.706027 -5.238528
v 3.973931 0.706027 -5.238528
v 3.174427 0.706027 -5.238528
v 2.374923 0.706027 -5.238528
v 1.575419 0.706027 -5.238528
v 0.775914 0.706027 -5.238528
v -0.023588 0.706027 -5.238528
vt 0.000000 0.000000
vt 0.100000 0.000000
vt 0.200000 0.000000
vt 0.300000 0.000000
vt 0.400000 0.000000
vt 0.500000 0.000000
vt 0.600000 0.000000
vt 0.700000 0.000000
vt 0.800000 0.000000
vt 0.900000 0.000000
vt 1.000000 0.000000
vt 0.000000 0.100000
vt 0.100000 0.100000
vt 0.200000 0.100000
vt 0.300000 0.100000
vt 0.400000 0.100000
vt 0.500000 0.100000
vt 0.600000 0.100000
vt 0.700000 0.100000
vt 0.800000 0.100000
vt 0.900000 0.100000
vt 1.000000 0.100000
vt 0.000000 0.200000
vt 0.100000 0.200000
vt 0.200000 0.200000
vt 0.300000 0.200000
vt 0.400000 0.200000
vt 0.500000 0.200000
vt 0.600000 0.200000
vt 0.700000 0.200000
vt 0.800000 0.200000
vt 0.900000 0.200000
vt 1.000000 0.200000
vt 0.000000 0.300000
vt 0.100000 0.300000
vt 0.200000 0.300000
vt 0.300000 0.300000
vt 0.400000 0.300000
vt 0.500000 0.300000
vt 0.600000 0.300000
vt 0.700000 0.300000
vt 0.800000 0.300000
vt 0.900000 0.300000
vt 1.000000 0.300000
vt 0.000000 0.400000
vt 0.100000 0.400000
vt 0.200000 0.400000
vt 0.300000 0.400000
vt 0.400000 0.400000
vt 0.500000 0.400000
vt 0.600000 0.400000
vt 0.700000 0.400000
vt 0.800000 0.400000
vt 0.900000 0.400000
vt 1.000000 0.400000
vt 0.000000 0.500000
vt 0.100000 0.500000
vt 0.200000 0.500000
vt 0.300000 0.500000
vt 0.400000 0.500000
vt 0.500000 0.500000
vt 0.600000 0.500000
vt 0.700000 0.500000
vt 0.800000 0.500000
vt 0.900000 0.500000
vt 1.000000 0.500000
vt 0.000000 0.600000
vt 0.100000 0.600000
vt 0.200000 0.600000
vt 0.300000 0.600000
vt 0.400000 0.600000
vt 0.500000 0.600000
vt 0.600000 0.600000
vt 0.700000 0.600000
vt 0.800000 0.600000
vt 0.900000 0.600000
vt 1.000000 0.600000
vt 0.000000 0.700000
vt 0.100000 0.700000
vt 0.200000 0.700000
vt 0.300000 0.700000
vt 0.400000 0.700000
vt 0.500000 0.700000
vt 0.600000 0.700000
vt 0.700000 0.700000
vt 0.800000 0.700000
vt 0.900000 0.700000
vt 1.000000 0.700000
vt 0.000000 0.800000
vt 0.100000 0.800000
vt 0.200000 0.800000
vt 0.300000 0.800000
vt 0.400000 0.800000
vt 0.500000 0.800000
vt 0.600000 0.800000
vt 0.700000 0.800000
vt 0.800000 0.800000
vt 0.900000 0.800000
vt 1.000000 0.800000
vt 0.000000 0.900000
vt 0.100000 0.900000
vt 0.200000 0.900000
vt 0.300000 0.900000
vt 0.400000 0.900000
vt 0.500000 0.900000
vt 0.600000 0.900000
vt 0.700000 0.900000
vt 0.800000 0.900000
vt 0.900000 0.900000
vt 1.000000 0.900000
vt 0.000000 1.000000
vt 0.100000 1.000000
vt 0.200000 1.000000
vt 0.300000 1.000000
vt 0.400000 1.000000
vt 0.500000 1.000000
vt 0.600000 1.000000
vt 0.700000 1.000000
vt 0.800000 1.000000
vt 0.900000 1.000000
vt 1.000000 1.000000
vt 0.000000 0.000000
vt 0.100000 0.000000
vt 0.100000 0.100000
vt 0.000000 0.100000
vt 0.200000 0.000000
vt 0.200000 0.100000
vt 0.300000 0.000000
vt 0.300000 0.100000
vt 0.400000 0.000000
vt 0.400000 0.100000
vt 0.500000 0.000000
vt 0.500000 0.100000
vt 0.600000 0.000000
vt 0.600000 0.100000
vt 0.700000 0.000000
vt 0.700000 0.100000
vt 0.800000 0.000000
vt 0.800000 0.100000
vt 0.900000 0.000000
vt 0.900000 0.100000
vt 1.000000 0.000000
vt 1.000000 0.100000
vt 0.100000 0.200000
vt 0.000000 0.200000
vt 0.200000 0.200000
vt 0.300000 0.200000
vt 0.400000 0.200000
vt 0.500000 0.200000
vt 0.600000 0.200000
vt 0.700000 0.200000
vt 0.800000 0.200000
vt 0.900000 0.200000
vt 1.000000 0.200000
vt 0.100000 0.300000
vt 0.000000 0.300000
vt 0.200000 0.300000
vt 0.300000 0.300000
vt 0.400000 0.300000
vt 0.500000 0.300000
vt 0.600000 0.300000
vt 0.700000 0.300000
vt 0.800000 0.300000
vt 0.900000 0.300000
vt 1.000000 0.300000
vt 0.100000 0.400000
vt 0.000000 0.400000
vt 0.200000 0.400000
vt 0.300000 0.400000
vt 0.400000 0.400000
vt 0.500000 0.400000
vt 0.600000 0.400000
vt 0.700000 0.400000
vt 0.800000 0.400000
vt 0.900000 0.400000
vt 1.000000 0.400000
vt 0.100000 0.500000
vt 0.000000 0.500000
vt 0.200000 0.500000
vt 0.300000 0.500000
vt 0.400000 0.500000
vt 0.500000 0.500000
vt 0.600000 0.500000
vt 0.700000 0.500000
vt 0.800000 0.500000
vt 0.900000 0.500000
vt 1.000000 0.500000
vt 0.100000 0.600000
vt 0.000000 0.600000
vt 0.200000 0.600000
vt 0.300000 0.600000
vt 0.400000 0.600000
vt 0.500000 0.600000
vt 0.600000 0.600000
vt 0.700000 0.600000
vt 0.800000 0.600000
vt 0.900000 0.600000
vt 1.000000 0.600000
vt 0.100000 0.700000
vt 0.000000 0.700000
vt 0.200000 0.700000
vt 0.300000 0.700000
vt 0.400000 0.700000
vt 0.500000 0.700000
vt 0.600000 0.700000
vt 0.700000 0.700000
vt 0.800000 0.700000
vt 0.900000 0.700000
vt 1.000000 0.700000
vt 0.100000 0.800000
vt 0.000000 0.800000
vt 0.200000 0.800000
vt 0.300000 0.800000
vt 0.400000 0.800000
vt 0.500000 0.800000
vt 0.600000 0.800000
vt 0.700000 0.800000
vt 0.800000 0.800000
vt 0.900000 0.800000
vt 1.000000 0.800000
vt 0.100000 0.900000
vt 0.000000 0.900000
vt 0.200000 0.900000
vt 0.300000 0.900000
vt 0.400000 0.900000
vt 0.500000 0.900000
vt 0.600000 0.900000
vt 0.700000 0.900000
vt 0.800000 0.900000
vt 0.900000 0.900000
vt 1.000000 0.900000
vt 0.100000 1.000000
vt 0.000000 1.000000
vt 0.200000 1.000000
vt 0.300000 1.000000
vt 0.400000 1.000000
vt 0.500000 1.000000
vt 0.600000 1.000000
vt 0.700000 1.000000
vt 0.800000 1.000000
vt 0.900000 1.000000
vt 1.000000 1.000000
vt 0.000000 0.000000
vt 0.100000 0.000000
vt 0.000000 0.100000
vt 0.200000 0.000000
vt 0.300000 0.000000
vt 0.400000 0.000000
vt 0.500000 0.000000
vt 0.600000 0.000000
vt 0.700000 0.000000
vt 0.800000 0.000000
vt 0.900000 0.000000
vt 1.000000 0.000000
vt 1.000000 0.100000
vt 0.000000 0.200000
vt 1.000000 0.200000
vt 0.000000 0.300000
vt 1.000000 0.300000
vt 0.000000 0.400000
vt 1.000000 0.400000
vt 0.000000 0.500000
vt 1.000000 0.500000
vt 0.000000 0.600000
vt 1.000000 0.600000
vt 0.000000 0.700000
vt 1.000000 0.700000
vt 0.000000 0.800000
vt 1.000000 0.800000
vt 0.000000 0.900000
vt 1.000000 0.900000
vt 0.100000 1.000000
vt 0.000000 1.000000
vt 0.200000 1.000000
vt 0.300000 1.000000
vt 0.400000 1.000000
vt 0.500000 1.000000
vt 0.600000 1.000000
vt 0.700000 1.000000
vt 0.800000 1.000000
vt 0.900000 1.000000
vt 1.000000 1.000000
vn 0.000000 -1.000000 0.000000
vn 0.000000 -1.000000 0.000000
vn 0.000000 -1.000000 0.000000
vn 0.000000 -1.000000 0.000000
vn 0.000000 -1.000000 0.000000
vn 0.000000 -1.000000 0.000000
vn 0.000000 -1.000000 0.000000
vn 0.000000 -1.000000 0.000000
vn 0.000000 -1.000000 0.000000
vn 0.000000 -1.000000 0.000000
vn 0.000000 -1.000000 0.000000
vn 0.000000 -1.000000 0.000000
vn 0.000000 -1.000000 0.000000
vn 0.000000 -1.000000 0.000000
vn 0.000000 -1.000000 0.000000
vn 0.000000 -1.000000 0.000000
vn 0.000000 -1.000000 0.000000
vn 0.000000 -1.000000 0.000000
vn 0.000000 -1.000000 0.000000
vn 0.000000 -1.000000 0.000000
vn 0.000000 -1.000000 0.000000
vn 0.000000 -1.000000 0.000000
vn 0.000000 -1.000000 0.000000
vn 0.000000 -1.000000 0.000000
vn 0.000000 -1.000000 0.000000
vn 0.000000 -1.000000 0.000000
vn 0.000000 -1.000000 0.000000
vn 0.000000 -1.000000 0.000000
vn 0.000000 -1.000000 0.000000
vn 0.000000 -1.000000 0.000000
vn 0.000000 -1.000000 0.000000
vn 0.000000 -1.000000 0.000000
vn 0.000000 -1.000000 0.000000
vn 0.000000 -1.000000 0.000000
vn 0.000000 -1.000000 0.000000
vn 0.000000 -1.000000 0.000000
vn 0.000000 -1.000000 0.000000
vn 0.000000 -1.000000 0.000000
vn 0.000000 -1.000000 0.000000
vn 0.000000 -1.000000 0.000000
vn 0.000000 -1.000000 0.000000
vn 0.000000 -1.000000 0.000000
vn 0.000000 -1.000000 0.000000
vn 0.000000 -1.000000 0.000000
vn 0.000000 -1.000000 0.000000
vn 0.000000 -1.000000 0.000000
vn 0.000000 -1.000000 0.000000
vn 0.000000 -1.000000 0.000000
vn 0.000000 -1.000000 0.000000
vn 0.000000 -1.000000 0.000000
vn 0.000000 -1.000000 0.000000
vn 0.000000 -1.000000 0.000000
vn 0.000000 -1.000000 0.000000
vn 0.000000 -1.000000 0.000000
vn 0.000000 -1.000000 0.000000
vn 0.000000 -1.000000 0.000000
vn 0.000000 -1.000000 0.000000
vn 0.000000 -1.000000 0.000000
vn 0.000000 -1.000000 0.000000
vn 0.000000 -1.000000 0.000000
vn 0.000000 -1.000000 0.000000
vn 0.000000 -1.000000 0.000000
vn 0.000000 -1.000000 0.000000
vn 0.000000 -1.000000 0.000000
vn 0.000000 -1.000000 0.000000
vn 0.000000 -1.000000 0.000000
vn 0.000000 -1.000000 0.000000
vn 0.000000 -1.000000 0.000000
vn 0.000000 -1.000000 0.000000
vn 0.000000 -1.000000 0.000000
vn 0.000000 -1.000000 0.000000
vn 0.000000 -1.000000 0.000000
vn 0.000000 -1.000000 0.000000
vn 0.000000 -1.000000 0.000000
vn 0.000000 -1.000000 0.000000
vn 0.000000 -1.000000 0.000000
vn 0.000000 -1.000000 0.000000
vn 0.000000 -1.000000 0.000000
vn 0.000000 -1.000000 0.000000
vn 0.000000 -1.000000 0.000000
vn 0.000000 -1.000000 0.000000
vn 0.000000 -1.000000 0.000000
vn 0.000000 -1.000000 0.000000
vn 0.000000 -1.000000 0.000000
vn 0.000000 -1.000000 0.000000
vn 0.000000 -1.000000 0.000000
vn 0.000000 -1.000000 0.000000
vn 0.000000 -1.000000 0.000000
vn 0.000000 -1.000000 0.000000
vn 0.000000 -1.000000 0.000000
vn 0.000000 -1.000000 0.000000
vn 0.000000 -1.000000 0.000000
vn 0.000000 -1.000000 0.000000
vn 0.000000 -1.000000 0.000000
vn 0.000000 -1.000000 0.000000
vn 0.000000 -1.000000 0.000000
vn 0.000000 -1.000000 0.000000
vn 0.000000 -1.000000 0.000000
vn 0.000000 -1.000000 0.000000
vn 0.000000 -1.000000 0.000000
vn 0.000000 -1.000000 0.000000
vn 0.000000 -1.000000 0.000000
vn 0.000000 -1.000000 0.000000
vn 0.000000 -1.000000 0.000000
vn 0.000000 -1.000000 0.000000
vn 0.000000 -1.000000 0.000000
vn 0.000000 -1.000000 0.000000
vn 0.000000 -1.000000 0.000000
vn 0.000000 -1.000000 0.000000
vn 0.000000 -1.000000 0.000000
vn 0.000000 -1.000000 0.000000
vn 0.000000 -1.000000 0.000000
vn 0.000000 -1.000000 0.000000
vn 0.000000 -1.000000 0.000000
vn 0.000000 -1.000000 0.000000
vn 0.000000 -1.000000 0.000000
vn 0.000000 -1.000000 0.000000
vn 0.000000 -1.000000 0.000000
vn 0.000000 -1.000000 0.000000
vn 0.000000 -1.000000 0.000000
vn 0.000000 -1.000000 0.000000
vn -0.000000 1.000000 0.000000
vn -0.000000 1.000000 0.000000
vn -0.000000 1.000000 0.000000
vn -0.000000 1.000000 0.000000
vn -0.000000 1.000000 0.000000
vn -0.000000 1.000000 0.000000
vn -0.000000 1.000000 0.000000
vn -0.000000 1.000000 0.000000
vn -0.000000 1.000000 0.000000
vn -0.000000 1.000000 0.000000
vn -0.000000 1.000000 0.000000
vn -0.000000 1.000000 0.000000
vn -0.000000 1.000000 0.000000
vn -0.000000 1.000000 0.000000
vn -0.000000 1.000000 0.000000
vn -0.000000 1.000000 0.000000
vn -0.000000 1.000000 0.000000
vn -0.000000 1.000000 0.000000
vn -0.000000 1.000000 0.000000
vn -0.000000 1.000000 0.000000
vn -0.000000 1.000000 0.000000
vn -0.000000 1.000000 0.000000
vn -0.000000 1.000000 0.000000
vn -0.000000 1.000000 0.000000
vn -0.000000 1.000000 0.000000
vn -0.000000 1.000000 0.000000
vn -0.000000 1.000000 0.000000
vn -0.000000 1.000000 0.000000
vn -0.000000 1.000000 0.000000
vn -0.000000 1.000000 0.000000
vn -0.000000 1.000000 0.000000
vn -0.000000 1.000000 0.000000
vn -0.000000 1.000000 0.000000
vn -0.000000 1.000000 0.000000
vn -0.000000 1.000000 0.000000
vn -0.000000 1.000000 0.000000
vn -0.000000 1.000000 0.000000
vn -0.000000 1.000000 0.000000
vn -0.000000 1.000000 0.000000
vn -0.000000 1.000000 0.000000
vn -0.000000 1.000000 0.000000
vn -0.000000 1.000000 0.000000
vn -0.000000 1.000000 0.000000
vn -0.000000 1.000000 0.000000
vn -0.000000 1.000000 0.000000
vn -0.000000 1.000000 0.000000
vn -0.000000 1.000000 0.000000
vn -0.000000 1.000000 0.000000
vn -0.000000 1.000000 0.000000
vn -0.000000 1.000000 0.000000
vn -0.000000 1.000000 0.000000
vn -0.000000 1.000000 0.000000
vn -0.000000 1.000000 0.000000
vn -0.000000 1.000000 0.000000
vn -0.000000 1.000000 0.000000
vn -0.000000 1.000000 0.000000
vn -0.000000 1.000000 0.000000
vn -0.000000 1.000000 0.000000
vn -0.000000 1.000000 0.000000
vn -0.000000 1.000000 0.000000
vn -0.000000 1.000000 0.000000
vn -0.000000 1.000000 0.000000
vn -0.000000 1.000000 0.000000
vn -0.000000 1.000000 0.000000
vn -0.000000 1.000000 0.000000
vn -0.000000 1.000000 0.000000
vn -0.000000 1.000000 0.000000
vn -0.000000 1.000000 0.000000
vn -0.000000 1.000000 0.000000
vn -0.000000 1.000000 0.000000
vn -0.000000 1.000000 0.000000
vn -0.000000 1.000000 0.000000
vn -0.000000 1.000000 0.000000
vn -0.000000 1.000000 0.000000
vn -0.000000 1.000000 0.000000
vn -0.000000 1.000000 0.000000
vn -0.000000 1.000000 0.000000
vn -0.000000 1.000000 0.000000
vn -0.000000 1.000000 0.000000
vn -0.000000 1.000000 0.000000
vn -0.000000 1.000000 0.000000
vn -0.000000 1.000000 0.000000
vn -0.000000 1.000000 0.000000
vn -0.000000 1.000000 0.000000
vn -0.000000 1.000000 0.000000
vn -0.000000 1.000000 0.000000
vn -0.000000 1.000000 0.000000
vn -0.000000 1.000000 0.000000
vn -0.000000 1.000000 0.000000
vn -0.000000 1.000000 0.000000
vn -0.000000 1.000000 0.000000
vn -0.000000 1.000000 0.000000
vn -0.000000 1.000000 0.000000
vn -0.000000 1.000000 0.000000
vn -0.000000 1.000000 0.000000
vn -0.000000 1.000000 0.000000
vn -0.000000 1.000000 0.000000
vn -0.000000 1.000000 0.000000
vn -0.000000 1.000000 0.000000
vn -0.000000 1.000000 0.000000
vn -0.000000 1.000000 0.000000
vn -0.000000 1.000000 0.000000
vn -0.000000 1.000000 0.000000
vn -0.000000 1.000000 0.000000
vn -0.000000 1.000000 0.000000
vn -0.000000 1.000000 0.000000
vn -0.000000 1.000000 0.000000
vn -0.000000 1.000000 0.000000
vn -0.000000 1.000000 0.000000
vn -0.000000 1.000000 0.000000
vn -0.000000 1.000000 0.000000
vn -0.000000 1.000000 0.000000
vn -0.000000 1.000000 0.000000
vn -0.000000 1.000000 0.000000
vn -0.000000 1.000000 0.000000
vn -0.000000 1.000000 0.000000
vn -0.000000 1.000000 0.000000
vn -0.000000 1.000000 0.000000
vn -0.000000 1.000000 0.000000
vn -0.000000 1.000000 0.000000
vn -0.000000 1.000000 0.000000
vn 0.000000 0.000000 1.000000
vn 0.000000 0.000000 1.000000
vn 0.000000 0.000000 1.000000
vn 0.000000 0.000000 1.000000
vn 1.000000 0.000000 0.000000
vn 1.000000 0.000000 0.000000
vn 1.000000 0.000000 0.000000
vn 1.000000 0.000000 0.000000
vn 0.000000 0.000000 1.000000
vn 0.000000 0.000000 1.000000
vn 0.000000 0.000000 1.000000
vn 0.000000 0.000000 1.000000
vn 0.000000 0.000000 1.000000
vn 0.000000 0.000000 1.000000
vn 0.000000 0.000000 1.000000
vn 0.000000 0.000000 1.000000
vn 0.000000 0.000000 1.000000
vn 0.000000 0.000000 1.000000
vn 0.000000 0.000000 1.000000
vn 0.000000 0.000000 1.000000
vn 0.000000 0.000000 1.000000
vn 0.000000 0.000000 1.000000
vn 0.000000 0.000000 1.000000
vn 0.000000 0.000000 1.000000
vn 0.000000 0.000000 1.000000
vn 0.000000 0.000000 1.000000
vn -1.000000 -0.000000 0.000000
vn -1.000000 -0.000000 0.000000
vn -1.000000 -0.000000 0.000000
vn -1.000000 -0.000000 0.000000
vn 1.000000 0.000000 0.000000
vn 1.000000 0.000000 0.000000
vn -1.000000 -0.000000 0.000000
vn -1.000000 -0.000000 0.000000
vn 1.000000 0.000000 0.000000
vn 1.000000 0.000000 0.000000
vn -1.000000 -0.000000 0.000000
vn -1.000000 -0.000000 0.000000
vn 1.000000 0.000000 0.000000
vn 1.000000 0.000000 0.000000
vn -1.000000 -0.000000 0.000000
vn -1.000000 -0.000000 0.000000
vn 1.000000 0.000000 0.000000
vn 1.000000 0.000000 0.000000
vn -1.000000 -0.000000 0.000000
vn -1.000000 -0.000000 0.000000
vn 1.000000 0.000000 0.000000
vn 1.000000 0.000000 0.000000
vn -1.000000 -0.000000 0.000000
vn -1.000000 -0.000000 0.000000
vn 1.000000 0.000000 0.000000
vn 1.000000 0.000000 0.000000
vn -1.000000 -0.000000 0.000000
vn -1.000000 -0.000000 0.000000
vn 1.000000 0.000000 0.000000
vn 1.000000 0.000000 0.000000
vn -1.000000 -0.000000 0.000000
vn -1.000000 -0.000000 0.000000
vn 1.000000 0.000000 0.000000
vn 1.000000 0.000000 0.000000
vn -1.000000 -0.000000 0.000000
vn -1.000000 -0.000000 0.000000
vn 0.000000 -0.000000 -1.000000
vn 0.000000 -0.000000 -1.000000
vn 0.000000 -0.000000 -1.000000
vn 0.000000 -0.000000 -1.000000
vn 1.000000 0.000000 0.000000
vn 1.000000 0.000000 0.000000
vn 0.000000 -0.000000 -1.000000
vn 0.000000 -0.000000 -1.000000
vn 0.000000 -0.000000 -1.000000
vn 0.000000 -0.000000 -1.000000
vn 0.000000 -0.000000 -1.000000
vn 0.000000 -0.000000 -1.000000
vn 0.000000 -0.000000 -1.000000
vn 0.000000 -0.000000 -1.000000
vn 0.000000 -0.000000 -1.000000
vn 0.000000 -0.000000 -1.000000
vn 0.000000 -0.000000 -1.000000
vn 0.000000 -0.000000 -1.000000
vn 0.000000 -0.000000 -1.000000
vn 0.000000 -0.000000 -1.000000
vn 0.000000 -0.000000 -1.000000
vn 0.000000 -0.000000 -1.000000
vn -1.000000 -0.000000 0.000000
vn -1.000000 -0.000000 0.000000
vn 0.000000 -0.000000 -1.000000
vn 0.000000 -0.000000 -1.000000
s 1
g pPlane17
usemtl initialShadingGroup
f 1122/1295/1121 1123/1296/1122 1124/1065/1123 1125/1297/1124
f 1123/1296/1122 1126/1298/1125 1127/1066/1126 1124/1065/1123
f 1126/1298/1125 1128/1299/1127 1129/1067/1128 1127/1066/1126
f 1128/1299/1127 1130/1300/1129 1131/1068/1130 1129/1067/1128
f 1130/1300/1129 1132/1301/1131 1133/1069/1132 1131/1068/1130
f 1132/1301/1131 1134/1302/1133 1135/1070/1134 1133/1069/1132
f 1134/1302/1133 1136/1303/1135 1137/1071/1136 1135/1070/1134
f 1136/1303/1135 1138/1304/1137 1139/1072/1138 1137/1071/1136
f 1138/1304/1137 1140/1305/1139 1141/1073/1140 1139/1072/1138
f 1140/1305/1139 1142/1306/1141 1143/1307/1142 1141/1073/1140
f 1125/1297/1124 1124/1065/1123 1144/1076/1143 1145/1308/1144
f 1124/1065/1123 1127/1066/1126 1146/1077/1145 1144/1076/1143
f 1127/1066/1126 1129/1067/1128 1147/1078/1146 1146/1077/1145
f 1129/1067/1128 1131/1068/1130 1148/1079/1147 1147/1078/1146
f 1131/1068/1130 1133/1069/1132 1149/1080/1148 1148/1079/1147
f 1133/1069/1132 1135/1070/1134 1150/1081/1149 1149/1080/1148
f 1135/1070/1134 1137/1071/1136 1151/1082/1150 1150/1081/1149
f 1137/1071/1136 1139/1072/1138 1152/1083/1151 1151/1082/1150
f 1139/1072/1138 1141/1073/1140 1153/1084/1152 1152/1083/1151
f 1141/1073/1140 1143/1307/1142 1154/1309/1153 1153/1084/1152
f 1145/1308/1144 1144/1076/1143 1155/1087/1154 1156/1310/1155
f 1144/1076/1143 1146/1077/1145 1157/1088/1156 1155/1087/1154
f 1146/1077/1145 1147/1078/1146 1158/1089/1157 1157/1088/1156
f 1147/1078/1146 1148/1079/1147 1159/1090/1158 1158/1089/1157
f 1148/1079/1147 1149/1080/1148 1160/1091/1159 1159/1090/1158
f 1149/1080/1148 1150/1081/1149 1161/1092/1160 1160/1091/1159
f 1150/1081/1149 1151/1082/1150 1162/1093/1161 1161/1092/1160
f 1151/1082/1150 1152/1083/1151 1163/1094/1162 1162/1093/1161
f 1152/1083/1151 1153/1084/1152 1164/1095/1163 1163/1094/1162
f 1153/1084/1152 1154/1309/1153 1165/1311/1164 1164/1095/1163
f 1156/1310/1155 1155/1087/1154 1166/1098/1165 1167/1312/1166
f 1155/1087/1154 1157/1088/1156 1168/1099/1167 1166/1098/1165
f 1157/1088/1156 1158/1089/1157 1169/1100/1168 1168/1099/1167
f 1158/1089/1157 1159/1090/1158 1170/1101/1169 1169/1100/1168
f 1159/1090/1158 1160/1091/1159 1171/1102/1170 1170/1101/1169
f 1160/1091/1159 1161/1092/1160 1172/1103/1171 1171/1102/1170
f 1161/1092/1160 1162/1093/1161 1173/1104/1172 1172/1103/1171
f 1162/1093/1161 1163/1094/1162 1174/1105/1173 1173/1104/1172
f 1163/1094/1162 1164/1095/1163 1175/1106/1174 1174/1105/1173
f 1164/1095/1163 1165/1311/1164 1176/1313/1175 1175/1106/1174
f 1167/1312/1166 1166/1098/1165 1177/1109/1176 1178/1314/1177
f 1166/1098/1165 1168/1099/1167 1179/1110/1178 1177/1109/1176
f 1168/1099/1167 1169/1100/1168 1180/1111/1179 1179/1110/1178
f 1169/1100/1168 1170/1101/1169 1181/1112/1180 1180/1111/1179
f 1170/1101/1169 1171/1102/1170 1182/1113/1181 1181/1112/1180
f 1171/1102/1170 1172/1103/1171 1183/1114/1182 1182/1113/1181
f 1172/1103/1171 1173/1104/1172 1184/1115/1183 1183/1114/1182
f 1173/1104/1172 1174/1105/1173 1185/1116/1184 1184/1115/1183
f 1174/1105/1173 1175/1106/1174 1186/1117/1185 1185/1116/1184
f 1175/1106/1174 1176/1313/1175 1187/1315/1186 1186/1117/1185
f 1178/1314/1177 1177/1109/1176 1188/1120/1187 1189/1316/1188
f 1177/1109/1176 1179/1110/1178 1190/1121/1189 1188/1120/1187
f 1179/1110/1178 1180/1111/1179 1191/1122/1190 1190/1121/1189
f 1180/1111/1179 1181/1112/1180 1192/1123/1191 1191/1122/1190
f 1181/1112/1180 1182/1113/1181 1193/1124/1192 1192/1123/1191
f 1182/1113/1181 1183/1114/1182 1194/1125/1193 1193/1124/1192
f 1183/1114/1182 1184/1115/1183 1195/1126/1194 1194/1125/1193
f 1184/1115/1183 1185/1116/1184 1196/1127/1195 1195/1126/1194
f 1185/1116/1184 1186/1117/1185 1197/1128/1196 1196/1127/1195
f 1186/1117/1185 1187/1315/1186 1198/1317/1197 1197/1128/1196
f 1189/1316/1188 1188/1120/1187 1199/1131/1198 1200/1318/1199
f 1188/1120/1187 1190/1121/1189 1201/1132/1200 1199/1131/1198
f 1190/1121/1189 1191/1122/1190 1202/1133/1201 1201/1132/1200
f 1191/1122/1190 1192/1123/1191 1203/1134/1202 1202/1133/1201
f 1192/1123/1191 1193/1124/1192 1204/1135/1203 1203/1134/1202
f 1193/1124/1192 1194/1125/1193 1205/1136/1204 1204/1135/1203
f 1194/1125/1193 1195/1126/1194 1206/1137/1205 1205/1136/1204
f 1195/1126/1194 1196/1127/1195 1207/1138/1206 1206/1137/1205
f 1196/1127/1195 1197/1128/1196 1208/1139/1207 1207/1138/1206
f 1197/1128/1196 1198/1317/1197 1209/1319/1208 1208/1139/1207
f 1200/1318/1199 1199/1131/1198 1210/1142/1209 1211/1320/1210
f 1199/1131/1198 1201/1132/1200 1212/1143/1211 1210/1142/1209
f 1201/1132/1200 1202/1133/1201 1213/1144/1212 1212/1143/1211
f 1202/1133/1201 1203/1134/1202 1214/1145/1213 1213/1144/1212
f 1203/1134/1202 1204/1135/1203 1215/1146/1214 1214/1145/1213
f 1204/1135/1203 1205/1136/1204 1216/1147/1215 1215/1146/1214
f 1205/1136/1204 1206/1137/1205 1217/1148/1216 1216/1147/1215
f 1206/1137/1205 1207/1138/1206 1218/1149/1217 1217/1148/1216
f 1207/1138/1206 1208/1139/1207 1219/1150/1218 1218/1149/1217
f 1208/1139/1207 1209/1319/1208 1220/1321/1219 1219/1150/1218
f 1211/1320/1210 1210/1142/1209 1221/1153/1220 1222/1322/1221
f 1210/1142/1209 1212/1143/1211 1223/1154/1222 1221/1153/1220
f 1212/1143/1211 1213/1144/1212 1224/1155/1223 1223/1154/1222
f 1213/1144/1212 1214/1145/1213 1225/1156/1224 1224/1155/1223
f 1214/1145/1213 1215/1146/1214 1226/1157/1225 1225/1156/1224
f 1215/1146/1214 1216/1147/1215 1227/1158/1226 1226/1157/1225
f 1216/1147/1215 1217/1148/1216 1228/1159/1227 1227/1158/1226
f 1217/1148/1216 1218/1149/1217 1229/1160/1228 1228/1159/1227
f 1218/1149/1217 1219/1150/1218 1230/1161/1229 1229/1160/1228
f 1219/1150/1218 1220/1321/1219 1231/1323/1230 1230/1161/1229
f 1222/1322/1221 1221/1153/1220 1232/1324/1231 1233/1325/1232
f 1221/1153/1220 1223/1154/1222 1234/1326/1233 1232/1324/1231
f 1223/1154/1222 1224/1155/1223 1235/1327/1234 1234/1326/1233
f 1224/1155/1223 1225/1156/1224 1236/1328/1235 1235/1327/1234
f 1225/1156/1224 1226/1157/1225 1237/1329/1236 1236/1328/1235
f 1226/1157/1225 1227/1158/1226 1238/1330/1237 1237/1329/1236
f 1227/1158/1226 1228/1159/1227 1239/1331/1238 1238/1330/1237
f 1228/1159/1227 1229/1160/1228 1240/1332/1239 1239/1331/1238
f 1229/1160/1228 1230/1161/1229 1241/1333/1240 1240/1332/1239
f 1230/1161/1229 1231/1323/1230 1242/1334/1241 1241/1333/1240
s 2
f 1001/1174/1242 1012/1177/1243 1013/1176/1244 1002/1175/1245
f 1002/1175/1245 1013/1176/1244 1014/1179/1246 1003/1178/1247
f 1003/1178/1247 1014/1179/1246 1015/1181/1248 1004/1180/1249
f 1004/1180/1249 1015/1181/1248 1016/1183/1250 1005/1182/1251
f 1005/1182/1251 1016/1183/1250 1017/1185/1252 1006/1184/1253
f 1006/1184/1253 1017/1185/1252 1018/1187/1254 1007/1186/1255
f 1007/1186/1255 1018/1187/1254 1019/1189/1256 1008/1188/1257
f 1008/1188/1257 1019/1189/1256 1020/1191/1258 1009/1190/1259
f 1009/1190/1259 1020/1191/1258 1021/1193/1260 1010/1192/1261
f 1010/1192/1261 1021/1193/1260 1022/1195/1262 1011/1194/1263
f 1012/1177/1243 1023/1197/1264 1024/1196/1265 1013/1176/1244
f 1013/1176/1244 1024/1196/1265 1025/1198/1266 1014/1179/1246
f 1014/1179/1246 1025/1198/1266 1026/1199/1267 1015/1181/1248
f 1015/1181/1248 1026/1199/1267 1027/1200/1268 1016/1183/1250
f 1016/1183/1250 1027/1200/1268 1028/1201/1269 1017/1185/1252
f 1017/1185/1252 1028/1201/1269 1029/1202/1270 1018/1187/1254
f 1018/1187/1254 1029/1202/1270 1030/1203/1271 1019/1189/1256
f 1019/1189/1256 1030/1203/1271 1031/1204/1272 1020/1191/1258
f 1020/1191/1258 1031/1204/1272 1032/1205/1273 1021/1193/1260
f 1021/1193/1260 1032/1205/1273 1033/1206/1274 1022/1195/1262
f 1023/1197/1264 1034/1208/1275 1035/1207/1276 1024/1196/1265
f 1024/1196/1265 1035/1207/1276 1036/1209/1277 1025/1198/1266
f 1025/1198/1266 1036/1209/1277 1037/1210/1278 1026/1199/1267
f 1026/1199/1267 1037/1210/1278 1038/1211/1279 1027/1200/1268
f 1027/1200/1268 1038/1211/1279 1039/1212/1280 1028/1201/1269
f 1028/1201/1269 1039/1212/1280 1040/1213/1281 1029/1202/1270
f 1029/1202/1270 1040/1213/1281 1041/1214/1282 1030/1203/1271
f 1030/1203/1271 1041/1214/1282 1042/1215/1283 1031/1204/1272
f 1031/1204/1272 1042/1215/1283 1043/1216/1284 1032/1205/1273
f 1032/1205/1273 1043/1216/1284 1044/1217/1285 1033/1206/1274
f 1034/1208/1275 1045/1219/1286 1046/1218/1287 1035/1207/1276
f 1035/1207/1276 1046/1218/1287 1047/1220/1288 1036/1209/1277
f 1036/1209/1277 1047/1220/1288 1048/1221/1289 1037/1210/1278
f 1037/1210/1278 1048/1221/1289 1049/1222/1290 1038/1211/1279
f 1038/1211/1279 1049/1222/1290 1050/1223/1291 1039/1212/1280
f 1039/1212/1280 1050/1223/1291 1051/1224/1292 1040/1213/1281
f 1040/1213/1281 1051/1224/1292 1052/1225/1293 1041/1214/1282
f 1041/1214/1282 1052/1225/1293 1053/1226/1294 1042/1215/1283
f 1042/1215/1283 1053/1226/1294 1054/1227/1295 1043/1216/1284
f 1043/1216/1284 1054/1227/1295 1055/1228/1296 1044/1217/1285
f 1045/1219/1286 1056/1230/1297 1057/1229/1298 1046/1218/1287
f 1046/1218/1287 1057/1229/1298 1058/1231/1299 1047/1220/1288
f 1047/1220/1288 1058/1231/1299 1059/1232/1300 1048/1221/1289
f 1048/1221/1289 1059/1232/1300 1060/1233/1301 1049/1222/1290
f 1049/1222/1290 1060/1233/1301 1061/1234/1302 1050/1223/1291
f 1050/1223/1291 1061/1234/1302 1062/1235/1303 1051/1224/1292
f 1051/1224/1292 1062/1235/1303 1063/1236/1304 1052/1225/1293
f 1052/1225/1293 1063/1236/1304 1064/1237/1305 1053/1226/1294
f 1053/1226/1294 1064/1237/1305 1065/1238/1306 1054/1227/1295
f 1054/1227/1295 1065/1238/1306 1066/1239/1307 1055/1228/1296
f 1056/1230/1297 1067/1241/1308 1068/1240/1309 1057/1229/1298
f 1057/1229/1298 1068/1240/1309 1069/1242/1310 1058/1231/1299
f 1058/1231/1299 1069/1242/1310 1070/1243/1311 1059/1232/1300
f 1059/1232/1300 1070/1243/1311 1071/1244/1312 1060/1233/1301
f 1060/1233/1301 1071/1244/1312 1072/1245/1313 1061/1234/1302
f 1061/1234/1302 1072/1245/1313 1073/1246/1314 1062/1235/1303
f 1062/1235/1303 1073/1246/1314 1074/1247/1315 1063/1236/1304
f 1063/1236/1304 1074/1247/1315 1075/1248/1316 1064/1237/1305
f 1064/1237/1305 1075/1248/1316 1076/1249/1317 1065/1238/1306
f 1065/1238/1306 1076/1249/1317 1077/1250/1318 1066/1239/1307
f 1067/1241/1308 1078/1252/1319 1079/1251/1320 1068/1240/1309
f 1068/1240/1309 1079/1251/1320 1080/1253/1321 1069/1242/1310
f 1069/1242/1310 1080/1253/1321 1081/1254/1322 1070/1243/1311
f 1070/1243/1311 1081/1254/1322 1082/1255/1323 1071/1244/1312
f 1071/1244/1312 1082/1255/1323 1083/1256/1324 1072/1245/1313
f 1072/1245/1313 1083/1256/1324 1084/1257/1325 1073/1246/1314
f 1073/1246/1314 1084/1257/1325 1085/1258/1326 1074/1247/1315
f 1074/1247/1315 1085/1258/1326 1086/1259/1327 1075/1248/1316
f 1075/1248/1316 1086/1259/1327 1087/1260/1328 1076/1249/1317
f 1076/1249/1317 1087/1260/1328 1088/1261/1329 1077/1250/1318
f 1078/1252/1319 1089/1263/1330 1090/1262/1331 1079/1251/1320
f 1079/1251/1320 1090/1262/1331 1091/1264/1332 1080/1253/1321
f 1080/1253/1321 1091/1264/1332 1092/1265/1333 1081/1254/1322
f 1081/1254/1322 1092/1265/1333 1093/1266/1334 1082/1255/1323
f 1082/1255/1323 1093/1266/1334 1094/1267/1335 1083/1256/1324
f 1083/1256/1324 1094/1267/1335 1095/1268/1336 1084/1257/1325
f 1084/1257/1325 1095/1268/1336 1096/1269/1337 1085/1258/1326
f 1085/1258/1326 1096/1269/1337 1097/1270/1338 1086/1259/1327
f 1086/1259/1327 1097/1270/1338 1098/1271/1339 1087/1260/1328
f 1087/1260/1328 1098/1271/1339 1099/1272/1340 1088/1261/1329
f 1089/1263/1330 1100/1274/1341 1101/1273/1342 1090/1262/1331
f 1090/1262/1331 1101/1273/1342 1102/1275/1343 1091/1264/1332
f 1091/1264/1332 1102/1275/1343 1103/1276/1344 1092/1265/1333
f 1092/1265/1333 1103/1276/1344 1104/1277/1345 1093/1266/1334
f 1093/1266/1334 1104/1277/1345 1105/1278/1346 1094/1267/1335
f 1094/1267/1335 1105/1278/1346 1106/1279/1347 1095/1268/1336
f 1095/1268/1336 1106/1279/1347 1107/1280/1348 1096/1269/1337
f 1096/1269/1337 1107/1280/1348 1108/1281/1349 1097/1270/1338
f 1097/1270/1338 1108/1281/1349 1109/1282/1350 1098/1271/1339
f 1098/1271/1339 1109/1282/1350 1110/1283/1351 1099/1272/1340
f 1100/1274/1341 1111/1285/1352 1112/1284/1353 1101/1273/1342
f 1101/1273/1342 1112/1284/1353 1113/1286/1354 1102/1275/1343
f 1102/1275/1343 1113/1286/1354 1114/1287/1355 1103/1276/1344
f 1103/1276/1344 1114/1287/1355 1115/1288/1356 1104/1277/1345
f 1104/1277/1345 1115/1288/1356 1116/1289/1357 1105/1278/1346
f 1105/1278/1346 1116/1289/1357 1117/1290/1358 1106/1279/1347
f 1106/1279/1347 1117/1290/1358 1118/1291/1359 1107/1280/1348
f 1107/1280/1348 1118/1291/1359 1119/1292/1360 1108/1281/1349
f 1108/1281/1349 1119/1292/1360 1120/1293/1361 1109/1282/1350
f 1109/1282/1350 1120/1293/1361 1121/1294/1362 1110/1283/1351
s 3
f 1001/1053/1363 1002/1054/1364 1123/1296/1365 1122/1295/1366
s 4
f 1012/1064/1367 1001/1053/1368 1122/1295/1369 1125/1297/1370
s 3
f 1002/1054/1364 1003/1055/1371 1126/1298/1372 1123/1296/1365
f 1003/1055/1371 1004/1056/1373 1128/1299/1374 1126/1298/1372
f 1004/1056/1373 1005/1057/1375 1130/1300/1376 1128/1299/1374
f 1005/1057/1375 1006/1058/1377 1132/1301/1378 1130/1300/1376
f 1006/1058/1377 1007/1059/1379 1134/1302/1380 1132/1301/1378
f 1007/1059/1379 1008/1060/1381 1136/1303/1382 1134/1302/1380
f 1008/1060/1381 1009/1061/1383 1138/1304/1384 1136/1303/1382
f 1009/1061/1383 1010/1062/1385 1140/1305/1386 1138/1304/1384
f 1010/1062/1385 1011/1063/1387 1142/1306/1388 1140/1305/1386
s 5
f 1011/1063/1389 1022/1074/1390 1143/1307/1391 1142/1306/1392
s 4
f 1023/1075/1393 1012/1064/1367 1125/1297/1370 1145/1308/1394
s 5
f 1022/1074/1390 1033/1085/1395 1154/1309/1396 1143/1307/1391
s 4
f 1034/1086/1397 1023/1075/1393 1145/1308/1394 1156/1310/1398
s 5
f 1033/1085/1395 1044/1096/1399 1165/1311/1400 1154/1309/1396
s 4
f 1045/1097/1401 1034/1086/1397 1156/1310/1398 1167/1312/1402
s 5
f 1044/1096/1399 1055/1107/1403 1176/1313/1404 1165/1311/1400
s 4
f 1056/1108/1405 1045/1097/1401 1167/1312/1402 1178/1314/1406
s 5
f 1055/1107/1403 1066/1118/1407 1187/1315/1408 1176/1313/1404
s 4
f 1067/1119/1409 1056/1108/1405 1178/1314/1406 1189/1316/1410
s 5
f 1066/1118/1407 1077/1129/1411 1198/1317/1412 1187/1315/1408
s 4
f 1078/1130/1413 1067/1119/1409 1189/1316/1410 1200/1318/1414
s 5
f 1077/1129/1411 1088/1140/1415 1209/1319/1416 1198/1317/1412
s 4
f 1089/1141/1417 1078/1130/1413 1200/1318/1414 1211/1320/1418
s 5
f 1088/1140/1415 1099/1151/1419 1220/1321/1420 1209/1319/1416
s 4
f 1100/1152/1421 1089/1141/1417 1211/1320/1418 1222/1322/1422
s 5
f 1099/1151/1419 1110/1162/1423 1231/1323/1424 1220/1321/1420
s 6
f 1112/1164/1425 1111/1163/1426 1233/1325/1427 1232/1324/1428
s 4
f 1111/1163/1429 1100/1152/1421 1222/1322/1422 1233/1325/1430
s 6
f 1113/1165/1431 1112/1164/1425 1232/1324/1428 1234/1326/1432
f 1114/1166/1433 1113/1165/1431 1234/1326/1432 1235/1327/1434
f 1115/1167/1435 1114/1166/1433 1235/1327/1434 1236/1328/1436
f 1116/1168/1437 1115/1167/1435 1236/1328/1436 1237/1329/1438
f 1117/1169/1439 1116/1168/1437 1237/1329/1438 1238/1330/1440
f 1118/1170/1441 1117/1169/1439 1238/1330/1440 1239/1331/1442
f 1119/1171/1443 1118/1170/1441 1239/1331/1442 1240/1332/1444
f 1120/1172/1445 1119/1171/1443 1240/1332/1444 1241/1333/1446
s 5
f 1110/1162/1423 1121/1173/1447 1242/1334/1448 1231/1323/1424
s 6
f 1121/1173/1449 1120/1172/1445 1241/1333/1446 1242/1334/1450
g default
v 0.766681 0.670171 4.216920
v 0.766681 0.670171 3.329713
v 0.766681 0.670171 2.442507
v 0.766681 0.670171 1.555300
v 0.766681 0.670171 0.668093
v 0.766681 0.670171 -0.219114
v 0.766681 0.670171 -1.106321
v 0.766681 0.670171 -1.993527
v 0.766681 0.670171 -2.880734
v 0.766681 0.670171 -3.767941
v 0.766681 0.670171 -4.655148
v 1.478569 0.670970 4.216907
v 1.478569 0.670970 3.329701
v 1.478569 0.670970 2.442494
v 1.478569 0.670970 1.555287
v 1.478569 0.670970 0.668080
v 1.478569 0.670970 -0.219127
v 1.478569 0.670970 -1.106334
v 1.478569 0.670970 -1.993540
v 1.478569 0.670970 -2.880747
v 1.478569 0.670970 -3.767954
v 1.478569 0.670970 -4.655160
v 2.190458 0.671769 4.216895
v 2.190458 0.671769 3.329688
v 2.190458 0.671769 2.442481
v 2.190458 0.671769 1.555274
v 2.190458 0.671769 0.668068
v 2.190458 0.671769 -0.219139
v 2.190458 0.671769 -1.106346
v 2.190458 0.671769 -1.993553
v 2.190458 0.671769 -2.880760
v 2.190458 0.671769 -3.767967
v 2.190458 0.671769 -4.655173
v 2.902347 0.672568 4.216882
v 2.902347 0.672568 3.329675
v 2.902347 0.672568 2.442469
v 2.902347 0.672568 1.555262
v 2.902347 0.672568 0.668055
v 2.902347 0.672568 -0.219152
v 2.902347 0.672568 -1.106359
v 2.902347 0.672568 -1.993565
v 2.902347 0.672568 -2.880772
v 2.902347 0.672568 -3.767979
v 2.902347 0.672568 -4.655186
v 3.614235 0.673367 4.216870
v 3.614235 0.673367 3.329663
v 3.614235 0.673367 2.442456
v 3.614235 0.673367 1.555249
v 3.614235 0.673367 0.668042
v 3.614235 0.673367 -0.219164
v 3.614235 0.673367 -1.106371
v 3.614235 0.673367 -1.993578
v 3.614235 0.673367 -2.880785
v 3.614235 0.673367 -3.767992
v 3.614235 0.673367 -4.655198
v 4.326124 0.674166 4.216857
v 4.326124 0.674166 3.329650
v 4.326124 0.674166 2.442443
v 4.326124 0.674166 1.555236
v 4.326124 0.674166 0.668030
v 4.326124 0.674166 -0.219177
v 4.326124 0.674166 -1.106384
v 4.326124 0.674166 -1.993590
v 4.326124 0.674166 -2.880797
v 4.326124 0.674166 -3.768004
v 4.326124 0.674166 -4.655211
v 5.038013 0.674966 4.216844
v 5.038013 0.674966 3.329638
v 5.038013 0.674966 2.442431
v 5.038013 0.674966 1.555224
v 5.038013 0.674966 0.668017
v 5.038013 0.674966 -0.219190
v 5.038013 0.674966 -1.106397
v 5.038013 0.674966 -1.993603
v 5.038013 0.674966 -2.880810
v 5.038013 0.674966 -3.768017
v 5.038013 0.674966 -4.655224
v 5.749901 0.675765 4.216832
v 5.749901 0.675765 3.329625
v 5.749901 0.675765 2.442418
v 5.749901 0.675765 1.555211
v 5.749901 0.675765 0.668004
v 5.749901 0.675765 -0.219202
v 5.749901 0.675765 -1.106409
v 5.749901 0.675765 -1.993616
v 5.749901 0.675765 -2.880823
v 5.749901 0.675765 -3.768030
v 5.749901 0.675765 -4.655236
v 6.461790 0.676564 4.216819
v 6.461790 0.676564 3.329612
v 6.461790 0.676564 2.442406
v 6.461790 0.676564 1.555199
v 6.461790 0.676564 0.667992
v 6.461790 0.676564 -0.219215
v 6.461790 0.676564 -1.106422
v 6.461790 0.676564 -1.993628
v 6.461790 0.676564 -2.880835
v 6.461790 0.676564 -3.768042
v 6.461790 0.676564 -4.655249
v 7.173679 0.677363 4.216806
v 7.173679 0.677363 3.329600
v 7.173679 0.677363 2.442393
v 7.173679 0.677363 1.555186
v 7.173679 0.677363 0.667979
v 7.173679 0.677363 -0.219228
v 7.173679 0.677363 -1.106435
v 7.173679 0.677363 -1.993641
v 7.173679 0.677363 -2.880848
v 7.173679 0.677363 -3.768055
v 7.173679 0.677363 -4.655261
v 7.885567 0.678162 4.216794
v 7.885567 0.678162 3.329587
v 7.885567 0.678162 2.442380
v 7.885567 0.678162 1.555173
v 7.885567 0.678162 0.667967
v 7.885567 0.678162 -0.219240
v 7.885567 0.678162 -1.106447
v 7.885567 0.678162 -1.993654
v 7.885567 0.678162 -2.880861
v 7.885567 0.678162 -3.768068
v 7.885567 0.678162 -4.655274
vt 0.000000 0.000000
vt 0.100000 0.000000
vt 0.200000 0.000000
vt 0.300000 0.000000
vt 0.400000 0.000000
vt 0.500000 0.000000
vt 0.600000 0.000000
vt 0.700000 0.000000
vt 0.800000 0.000000
vt 0.900000 0.000000
vt 1.000000 0.000000
vt 0.000000 0.100000
vt 0.100000 0.100000
vt 0.200000 0.100000
vt 0.300000 0.100000
vt 0.400000 0.100000
vt 0.500000 0.100000
vt 0.600000 0.100000
vt 0.700000 0.100000
vt 0.800000 0.100000
vt 0.900000 0.100000
vt 1.000000 0.100000
vt 0.000000 0.200000
vt 0.100000 0.200000
vt 0.200000 0.200000
vt 0.300000 0.200000
vt 0.400000 0.200000
vt 0.500000 0.200000
vt 0.600000 0.200000
vt 0.700000 0.200000
vt 0.800000 0.200000
vt 0.900000 0.200000
vt 1.000000 0.200000
vt 0.000000 0.300000
vt 0.100000 0.300000
vt 0.200000 0.300000
vt 0.300000 0.300000
vt 0.400000 0.300000
vt 0.500000 0.300000
vt 0.600000 0.300000
vt 0.700000 0.300000
vt 0.800000 0.300000
vt 0.900000 0.300000
vt 1.000000 0.300000
vt 0.000000 0.400000
vt 0.100000 0.400000
vt 0.200000 0.400000
vt 0.300000 0.400000
vt 0.400000 0.400000
vt 0.500000 0.400000
vt 0.600000 0.400000
vt 0.700000 0.400000
vt 0.800000 0.400000
vt 0.900000 0.400000
vt 1.000000 0.400000
vt 0.000000 0.500000
vt 0.100000 0.500000
vt 0.200000 0.500000
vt 0.300000 0.500000
vt 0.400000 0.500000
vt 0.500000 0.500000
vt 0.600000 0.500000
vt 0.700000 0.500000
vt 0.800000 0.500000
vt 0.900000 0.500000
vt 1.000000 0.500000
vt 0.000000 0.600000
vt 0.100000 0.600000
vt 0.200000 0.600000
vt 0.300000 0.600000
vt 0.400000 0.600000
vt 0.500000 0.600000
vt 0.600000 0.600000
vt 0.700000 0.600000
vt 0.800000 0.600000
vt 0.900000 0.600000
vt 1.000000 0.600000
vt 0.000000 0.700000
vt 0.100000 0.700000
vt 0.200000 0.700000
vt 0.300000 0.700000
vt 0.400000 0.700000
vt 0.500000 0.700000
vt 0.600000 0.700000
vt 0.700000 0.700000
vt 0.800000 0.700000
vt 0.900000 0.700000
vt 1.000000 0.700000
vt 0.000000 0.800000
vt 0.100000 0.800000
vt 0.200000 0.800000
vt 0.300000 0.800000
vt 0.400000 0.800000
vt 0.500000 0.800000
vt 0.600000 0.800000
vt 0.700000 0.800000
vt 0.800000 0.800000
vt 0.900000 0.800000
vt 1.000000 0.800000
vt 0.000000 0.900000
vt 0.100000 0.900000
vt 0.200000 0.900000
vt 0.300000 0.900000
vt 0.400000 0.900000
vt 0.500000 0.900000
vt 0.600000 0.900000
vt 0.700000 0.900000
vt 0.800000 0.900000
vt 0.900000 0.900000
vt 1.000000 0.900000
vt 0.000000 1.000000
vt 0.100000 1.000000
vt 0.200000 1.000000
vt 0.300000 1.000000
vt 0.400000 1.000000
vt 0.500000 1.000000
vt 0.600000 1.000000
vt 0.700000 1.000000
vt 0.800000 1.000000
vt 0.900000 1.000000
vt 1.000000 1.000000
vn 0.001122 -0.999999 0.000000
vn 0.001122 -0.999999 0.000000
vn 0.001122 -0.999999 0.000000
vn 0.001122 -0.999999 0.000000
vn 0.001122 -0.999999 0.000000
vn 0.001122 -0.999999 0.000000
vn 0.001122 -0.999999 0.000000
vn 0.001122 -0.999999 0.000000
vn 0.001122 -0.999999 0.000000
vn 0.001122 -0.999999 0.000000
vn 0.001122 -0.999999 0.000000
vn 0.001122 -0.999999 0.000000
vn 0.001122 -0.999999 0.000000
vn 0.001122 -0.999999 0.000000
vn 0.001122 -0.999999 0.000000
vn 0.001122 -0.999999 0.000000
vn 0.001122 -0.999999 0.000000
vn 0.001122 -0.999999 0.000000
vn 0.001122 -0.999999 0.000000
vn 0.001122 -0.999999 0.000000
vn 0.001122 -0.999999 0.000000
vn 0.001122 -0.999999 0.000000
vn 0.001122 -0.999999 0.000000
vn 0.001122 -0.999999 0.000000
vn 0.001122 -0.999999 0.000000
vn 0.001122 -0.999999 0.000000
vn 0.001122 -0.999999 0.000000
vn 0.001122 -0.999999 0.000000
vn 0.001122 -0.999999 0.000000
vn 0.001122 -0.999999 0.000000
vn 0.001122 -0.999999 0.000000
vn 0.001122 -0.999999 0.000000
vn 0.001122 -0.999999 0.000000
vn 0.001122 -0.999999 0.000000
vn 0.001122 -0.999999 0.000000
vn 0.001122 -0.999999 0.000000
vn 0.001122 -0.999999 0.000000
vn 0.001122 -0.999999 0.000000
vn 0.001122 -0.999999 0.000000
vn 0.001122 -0.999999 0.000000
vn 0.001122 -0.999999 0.000000
vn 0.001122 -0.999999 0.000000
vn 0.001122 -0.999999 0.000000
vn 0.001122 -0.999999 0.000000
vn 0.001122 -0.999999 0.000000
vn 0.001122 -0.999999 0.000000
vn 0.001122 -0.999999 0.000000
vn 0.001122 -0.999999 0.000000
vn 0.001122 -0.999999 0.000000
vn 0.001122 -0.999999 0.000000
vn 0.001122 -0.999999 0.000000
vn 0.001122 -0.999999 0.000000
vn 0.001122 -0.999999 0.000000
vn 0.001122 -0.999999 0.000000
vn 0.001122 -0.999999 0.000000
vn 0.001122 -0.999999 0.000000
vn 0.001122 -0.999999 0.000000
vn 0.001122 -0.999999 0.000000
vn 0.001122 -0.999999 0.000000
vn 0.001122 -0.999999 0.000000
vn 0.001122 -0.999999 0.000000
vn 0.001122 -0.999999 0.000000
vn 0.001122 -0.999999 0.000000
vn 0.001122 -0.999999 0.000000
vn 0.001122 -0.999999 0.000000
vn 0.001122 -0.999999 0.000000
vn 0.001122 -0.999999 0.000000
vn 0.001122 -0.999999 0.000000
vn 0.001122 -0.999999 0.000000
vn 0.001122 -0.999999 0.000000
vn 0.001122 -0.999999 0.000000
vn 0.001122 -0.999999 0.000000
vn 0.001122 -0.999999 0.000000
vn 0.001122 -0.999999 0.000000
vn 0.001122 -0.999999 0.000000
vn 0.001122 -0.999999 0.000000
vn 0.001122 -0.999999 0.000000
vn 0.001122 -0.999999 0.000000
vn 0.001122 -0.999999 0.000000
vn 0.001122 -0.999999 0.000000
vn 0.001122 -0.999999 0.000000
vn 0.001122 -0.999999 0.000000
vn 0.001122 -0.999999 0.000000
vn 0.001122 -0.999999 0.000000
vn 0.001122 -0.999999 0.000000
vn 0.001122 -0.999999 0.000000
vn 0.001122 -0.999999 0.000000
vn 0.001122 -0.999999 0.000000
vn 0.001122 -0.999999 0.000000
vn 0.001122 -0.999999 0.000000
vn 0.001122 -0.999999 0.000000
vn 0.001122 -0.999999 0.000000
vn 0.001122 -0.999999 0.000000
vn 0.001122 -0.999999 0.000000
vn 0.001122 -0.999999 0.000000
vn 0.001122 -0.999999 0.000000
vn 0.001122 -0.999999 0.000000
vn 0.001122 -0.999999 0.000000
vn 0.001122 -0.999999 0.000000
vn 0.001122 -0.999999 0.000000
vn 0.001122 -0.999999 0.000000
vn 0.001122 -0.999999 0.000000
vn 0.001122 -0.999999 0.000000
vn 0.001122 -0.999999 0.000000
vn 0.001122 -0.999999 0.000000
vn 0.001122 -0.999999 0.000000
vn 0.001122 -0.999999 0.000000
vn 0.001122 -0.999999 0.000000
vn 0.001122 -0.999999 0.000000
vn 0.001122 -0.999999 0.000000
vn 0.001122 -0.999999 0.000000
vn 0.001122 -0.999999 0.000000
vn 0.001122 -0.999999 0.000000
vn 0.001122 -0.999999 0.000000
vn 0.001122 -0.999999 0.000000
vn 0.001122 -0.999999 0.000000
vn 0.001122 -0.999999 0.000000
vn 0.001122 -0.999999 0.000000
vn 0.001122 -0.999999 0.000000
vn 0.001122 -0.999999 0.000000
vn 0.001122 -0.999999 0.000000
s 1
g pPlane17 pPlane16
usemtl lambert15SG
f 1243/1335/1451 1244/1336/1452 1255/1347/1453 1254/1346/1454
f 1244/1336/1452 1245/1337/1455 1256/1348/1456 1255/1347/1453
f 1245/1337/1455 1246/1338/1457 1257/1349/1458 1256/1348/1456
f 1246/1338/1457 1247/1339/1459 1258/1350/1460 1257/1349/1458
f 1247/1339/1459 1248/1340/1461 1259/1351/1462 1258/1350/1460
f 1248/1340/1461 1249/1341/1463 1260/1352/1464 1259/1351/1462
f 1249/1341/1463 1250/1342/1465 1261/1353/1466 1260/1352/1464
f 1250/1342/1465 1251/1343/1467 1262/1354/1468 1261/1353/1466
f 1251/1343/1467 1252/1344/1469 1263/1355/1470 1262/1354/1468
f 1252/1344/1469 1253/1345/1471 1264/1356/1472 1263/1355/1470
f 1254/1346/1454 1255/1347/1453 1266/1358/1473 1265/1357/1474
f 1255/1347/1453 1256/1348/1456 1267/1359/1475 1266/1358/1473
f 1256/1348/1456 1257/1349/1458 1268/1360/1476 1267/1359/1475
f 1257/1349/1458 1258/1350/1460 1269/1361/1477 1268/1360/1476
f 1258/1350/1460 1259/1351/1462 1270/1362/1478 1269/1361/1477
f 1259/1351/1462 1260/1352/1464 1271/1363/1479 1270/1362/1478
f 1260/1352/1464 1261/1353/1466 1272/1364/1480 1271/1363/1479
f 1261/1353/1466 1262/1354/1468 1273/1365/1481 1272/1364/1480
f 1262/1354/1468 1263/1355/1470 1274/1366/1482 1273/1365/1481
f 1263/1355/1470 1264/1356/1472 1275/1367/1483 1274/1366/1482
f 1265/1357/1474 1266/1358/1473 1277/1369/1484 1276/1368/1485
f 1266/1358/1473 1267/1359/1475 1278/1370/1486 1277/1369/1484
f 1267/1359/1475 1268/1360/1476 1279/1371/1487 1278/1370/1486
f 1268/1360/1476 1269/1361/1477 1280/1372/1488 1279/1371/1487
f 1269/1361/1477 1270/1362/1478 1281/1373/1489 1280/1372/1488
f 1270/1362/1478 1271/1363/1479 1282/1374/1490 1281/1373/1489
f 1271/1363/1479 1272/1364/1480 1283/1375/1491 1282/1374/1490
f 1272/1364/1480 1273/1365/1481 1284/1376/1492 1283/1375/1491
f 1273/1365/1481 1274/1366/1482 1285/1377/1493 1284/1376/1492
f 1274/1366/1482 1275/1367/1483 1286/1378/1494 1285/1377/1493
f 1276/1368/1485 1277/1369/1484 1288/1380/1495 1287/1379/1496
f 1277/1369/1484 1278/1370/1486 1289/1381/1497 1288/1380/1495
f 1278/1370/1486 1279/1371/1487 1290/1382/1498 1289/1381/1497
f 1279/1371/1487 1280/1372/1488 1291/1383/1499 1290/1382/1498
f 1280/1372/1488 1281/1373/1489 1292/1384/1500 1291/1383/1499
f 1281/1373/1489 1282/1374/1490 1293/1385/1501 1292/1384/1500
f 1282/1374/1490 1283/1375/1491 1294/1386/1502 1293/1385/1501
f 1283/1375/1491 1284/1376/1492 1295/1387/1503 1294/1386/1502
f 1284/1376/1492 1285/1377/1493 1296/1388/1504 1295/1387/1503
f 1285/1377/1493 1286/1378/1494 1297/1389/1505 1296/1388/1504
f 1287/1379/1496 1288/1380/1495 1299/1391/1506 1298/1390/1507
f 1288/1380/1495 1289/1381/1497 1300/1392/1508 1299/1391/1506
f 1289/1381/1497 1290/1382/1498 1301/1393/1509 1300/1392/1508
f 1290/1382/1498 1291/1383/1499 1302/1394/1510 1301/1393/1509
f 1291/1383/1499 1292/1384/1500 1303/1395/1511 1302/1394/1510
f 1292/1384/1500 1293/1385/1501 1304/1396/1512 1303/1395/1511
f 1293/1385/1501 1294/1386/1502 1305/1397/1513 1304/1396/1512
f 1294/1386/1502 1295/1387/1503 1306/1398/1514 1305/1397/1513
f 1295/1387/1503 1296/1388/1504 1307/1399/1515 1306/1398/1514
f 1296/1388/1504 1297/1389/1505 1308/1400/1516 1307/1399/1515
f 1298/1390/1507 1299/1391/1506 1310/1402/1517 1309/1401/1518
f 1299/1391/1506 1300/1392/1508 1311/1403/1519 1310/1402/1517
f 1300/1392/1508 1301/1393/1509 1312/1404/1520 1311/1403/1519
f 1301/1393/1509 1302/1394/1510 1313/1405/1521 1312/1404/1520
f 1302/1394/1510 1303/1395/1511 1314/1406/1522 1313/1405/1521
f 1303/1395/1511 1304/1396/1512 1315/1407/1523 1314/1406/1522
f 1304/1396/1512 1305/1397/1513 1316/1408/1524 1315/1407/1523
f 1305/1397/1513 1306/1398/1514 1317/1409/1525 1316/1408/1524
f 1306/1398/1514 1307/1399/1515 1318/1410/1526 1317/1409/1525
f 1307/1399/1515 1308/1400/1516 1319/1411/1527 1318/1410/1526
f 1309/1401/1518 1310/1402/1517 1321/1413/1528 1320/1412/1529
f 1310/1402/1517 1311/1403/1519 1322/1414/1530 1321/1413/1528
f 1311/1403/1519 1312/1404/1520 1323/1415/1531 1322/1414/1530
f 1312/1404/1520 1313/1405/1521 1324/1416/1532 1323/1415/1531
f 1313/1405/1521 1314/1406/1522 1325/1417/1533 1324/1416/1532
f 1314/1406/1522 1315/1407/1523 1326/1418/1534 1325/1417/1533
f 1315/1407/1523 1316/1408/1524 1327/1419/1535 1326/1418/1534
f 1316/1408/1524 1317/1409/1525 1328/1420/1536 1327/1419/1535
f 1317/1409/1525 1318/1410/1526 1329/1421/1537 1328/1420/1536
f 1318/1410/1526 1319/1411/1527 1330/1422/1538 1329/1421/1537
f 1320/1412/1529 1321/1413/1528 1332/1424/1539 1331/1423/1540
f 1321/1413/1528 1322/1414/1530 1333/1425/1541 1332/1424/1539
f 1322/1414/1530 1323/1415/1531 1334/1426/1542 1333/1425/1541
f 1323/1415/1531 1324/1416/1532 1335/1427/1543 1334/1426/1542
f 1324/1416/1532 1325/1417/1533 1336/1428/1544 1335/1427/1543
f 1325/1417/1533 1326/1418/1534 1337/1429/1545 1336/1428/1544
f 1326/1418/1534 1327/1419/1535 1338/1430/1546 1337/1429/1545
f 1327/1419/1535 1328/1420/1536 1339/1431/1547 1338/1430/1546
f 1328/1420/1536 1329/1421/1537 1340/1432/1548 1339/1431/1547
f 1329/1421/1537 1330/1422/1538 1341/1433/1549 1340/1432/1548
f 1331/1423/1540 1332/1424/1539 1343/1435/1550 1342/1434/1551
f 1332/1424/1539 1333/1425/1541 1344/1436/1552 1343/1435/1550
f 1333/1425/1541 1334/1426/1542 1345/1437/1553 1344/1436/1552
f 1334/1426/1542 1335/1427/1543 1346/1438/1554 1345/1437/1553
f 1335/1427/1543 1336/1428/1544 1347/1439/1555 1346/1438/1554
f 1336/1428/1544 1337/1429/1545 1348/1440/1556 1347/1439/1555
f 1337/1429/1545 1338/1430/1546 1349/1441/1557 1348/1440/1556
f 1338/1430/1546 1339/1431/1547 1350/1442/1558 1349/1441/1557
f 1339/1431/1547 1340/1432/1548 1351/1443/1559 1350/1442/1558
f 1340/1432/1548 1341/1433/1549 1352/1444/1560 1351/1443/1559
f 1342/1434/1551 1343/1435/1550 1354/1446/1561 1353/1445/1562
f 1343/1435/1550 1344/1436/1552 1355/1447/1563 1354/1446/1561
f 1344/1436/1552 1345/1437/1553 1356/1448/1564 1355/1447/1563
f 1345/1437/1553 1346/1438/1554 1357/1449/1565 1356/1448/1564
f 1346/1438/1554 1347/1439/1555 1358/1450/1566 1357/1449/1565
f 1347/1439/1555 1348/1440/1556 1359/1451/1567 1358/1450/1566
f 1348/1440/1556 1349/1441/1557 1360/1452/1568 1359/1451/1567
f 1349/1441/1557 1350/1442/1558 1361/1453/1569 1360/1452/1568
f 1350/1442/1558 1351/1443/1559 1362/1454/1570 1361/1453/1569
f 1351/1443/1559 1352/1444/1560 1363/1455/1571 1362/1454/1570
g default
v 2.643494 0.689555 4.093536
v 2.643494 0.689555 3.580739
v 2.643494 0.689555 3.067943
v 2.643494 0.689555 2.555147
v 2.643494 0.689555 2.042351
v 2.643494 0.689555 1.529554
v 2.643494 0.689555 1.016758
v 2.643494 0.689555 0.503962
v 2.643494 0.689555 -0.008834
v 2.643494 0.689555 -0.521631
v 2.643494 0.689555 -1.034427
v 2.980036 0.689933 4.093529
v 2.980036 0.689933 3.580733
v 2.980036 0.689933 3.067937
v 2.980036 0.689933 2.555141
v 2.980036 0.689933 2.042344
v 2.980036 0.689933 1.529548
v 2.980036 0.689933 1.016752
v 2.980036 0.689933 0.503956
v 2.980036 0.689933 -0.008840
v 2.980036 0.689933 -0.521637
v 2.980036 0.689933 -1.034433
v 3.316578 0.690311 4.093523
v 3.316578 0.690311 3.580727
v 3.316578 0.690311 3.067931
v 3.316578 0.690311 2.555134
v 3.316578 0.690311 2.042338
v 3.316578 0.690311 1.529542
v 3.316578 0.690311 1.016746
v 3.316578 0.690311 0.503950
v 3.316578 0.690311 -0.008847
v 3.316578 0.690311 -0.521643
v 3.316578 0.690311 -1.034439
v 3.653120 0.690689 4.093517
v 3.653120 0.690689 3.580721
v 3.653120 0.690689 3.067925
v 3.653120 0.690689 2.555128
v 3.653120 0.690689 2.042332
v 3.653120 0.690689 1.529536
v 3.653120 0.690689 1.016739
v 3.653120 0.690689 0.503943
v 3.653120 0.690689 -0.008853
v 3.653120 0.690689 -0.521649
v 3.653120 0.690689 -1.034445
v 3.989662 0.691066 4.093511
v 3.989662 0.691066 3.580714
v 3.989662 0.691066 3.067918
v 3.989662 0.691066 2.555122
v 3.989662 0.691066 2.042326
v 3.989662 0.691066 1.529530
v 3.989662 0.691066 1.016733
v 3.989662 0.691066 0.503937
v 3.989662 0.691066 -0.008859
v 3.989662 0.691066 -0.521656
v 3.989662 0.691066 -1.034452
v 4.326204 0.691444 4.093504
v 4.326204 0.691444 3.580708
v 4.326204 0.691444 3.067912
v 4.326204 0.691444 2.555116
v 4.326204 0.691444 2.042320
v 4.326204 0.691444 1.529523
v 4.326204 0.691444 1.016727
v 4.326204 0.691444 0.503931
v 4.326204 0.691444 -0.008865
v 4.326204 0.691444 -0.521662
v 4.326204 0.691444 -1.034458
v 4.662747 0.691822 4.093498
v 4.662747 0.691822 3.580702
v 4.662747 0.691822 3.067906
v 4.662747 0.691822 2.555109
v 4.662747 0.691822 2.042313
v 4.662747 0.691822 1.529517
v 4.662747 0.691822 1.016721
v 4.662747 0.691822 0.503925
v 4.662747 0.691822 -0.008872
v 4.662747 0.691822 -0.521668
v 4.662747 0.691822 -1.034464
v 4.999289 0.692200 4.093492
v 4.999289 0.692200 3.580696
v 4.999289 0.692200 3.067900
v 4.999289 0.692200 2.555103
v 4.999289 0.692200 2.042307
v 4.999289 0.692200 1.529511
v 4.999289 0.692200 1.016715
v 4.999289 0.692200 0.503918
v 4.999289 0.692200 -0.008878
v 4.999289 0.692200 -0.521674
v 4.999289 0.692200 -1.034470
v 5.335831 0.692578 4.093486
v 5.335831 0.692578 3.580690
v 5.335831 0.692578 3.067893
v 5.335831 0.692578 2.555097
v 5.335831 0.692578 2.042301
v 5.335831 0.692578 1.529505
v 5.335831 0.692578 1.016708
v 5.335831 0.692578 0.503912
v 5.335831 0.692578 -0.008884
v 5.335831 0.692578 -0.521680
v 5.335831 0.692578 -1.034476
v 5.672373 0.692955 4.093479
v 5.672373 0.692955 3.580683
v 5.672373 0.692955 3.067887
v 5.672373 0.692955 2.555091
v 5.672373 0.692955 2.042295
v 5.672373 0.692955 1.529498
v 5.672373 0.692955 1.016702
v 5.672373 0.692955 0.503906
v 5.672373 0.692955 -0.008890
v 5.672373 0.692955 -0.521687
v 5.672373 0.692955 -1.034483
v 6.008915 0.693333 4.093473
v 6.008915 0.693333 3.580677
v 6.008915 0.693333 3.067881
v 6.008915 0.693333 2.555085
v 6.008915 0.693333 2.042288
v 6.008915 0.693333 1.529492
v 6.008915 0.693333 1.016696
v 6.008915 0.693333 0.503900
v 6.008915 0.693333 -0.008897
v 6.008915 0.693333 -0.521693
v 6.008915 0.693333 -1.034489
vt 0.000000 0.000000
vt 0.100000 0.000000
vt 0.200000 0.000000
vt 0.300000 0.000000
vt 0.400000 0.000000
vt 0.500000 0.000000
vt 0.600000 0.000000
vt 0.700000 0.000000
vt 0.800000 0.000000
vt 0.900000 0.000000
vt 1.000000 0.000000
vt 0.000000 0.100000
vt 0.100000 0.100000
vt 0.200000 0.100000
vt 0.300000 0.100000
vt 0.400000 0.100000
vt 0.500000 0.100000
vt 0.600000 0.100000
vt 0.700000 0.100000
vt 0.800000 0.100000
vt 0.900000 0.100000
vt 1.000000 0.100000
vt 0.000000 0.200000
vt 0.100000 0.200000
vt 0.200000 0.200000
vt 0.300000 0.200000
vt 0.400000 0.200000
vt 0.500000 0.200000
vt 0.600000 0.200000
vt 0.700000 0.200000
vt 0.800000 0.200000
vt 0.900000 0.200000
vt 1.000000 0.200000
vt 0.000000 0.300000
vt 0.100000 0.300000
vt 0.200000 0.300000
vt 0.300000 0.300000
vt 0.400000 0.300000
vt 0.500000 0.300000
vt 0.600000 0.300000
vt 0.700000 0.300000
vt 0.800000 0.300000
vt 0.900000 0.300000
vt 1.000000 0.300000
vt 0.000000 0.400000
vt 0.100000 0.400000
vt 0.200000 0.400000
vt 0.300000 0.400000
vt 0.400000 0.400000
vt 0.500000 0.400000
vt 0.600000 0.400000
vt 0.700000 0.400000
vt 0.800000 0.400000
vt 0.900000 0.400000
vt 1.000000 0.400000
vt 0.000000 0.500000
vt 0.100000 0.500000
vt 0.200000 0.500000
vt 0.300000 0.500000
vt 0.400000 0.500000
vt 0.500000 0.500000
vt 0.600000 0.500000
vt 0.700000 0.500000
vt 0.800000 0.500000
vt 0.900000 0.500000
vt 1.000000 0.500000
vt 0.000000 0.600000
vt 0.100000 0.600000
vt 0.200000 0.600000
vt 0.300000 0.600000
vt 0.400000 0.600000
vt 0.500000 0.600000
vt 0.600000 0.600000
vt 0.700000 0.600000
vt 0.800000 0.600000
vt 0.900000 0.600000
vt 1.000000 0.600000
vt 0.000000 0.700000
vt 0.100000 0.700000
vt 0.200000 0.700000
vt 0.300000 0.700000
vt 0.400000 0.700000
vt 0.500000 0.700000
vt 0.600000 0.700000
vt 0.700000 0.700000
vt 0.800000 0.700000
vt 0.900000 0.700000
vt 1.000000 0.700000
vt 0.000000 0.800000
vt 0.100000 0.800000
vt 0.200000 0.800000
vt 0.300000 0.800000
vt 0.400000 0.800000
vt 0.500000 0.800000
vt 0.600000 0.800000
vt 0.700000 0.800000
vt 0.800000 0.800000
vt 0.900000 0.800000
vt 1.000000 0.800000
vt 0.000000 0.900000
vt 0.100000 0.900000
vt 0.200000 0.900000
vt 0.300000 0.900000
vt 0.400000 0.900000
vt 0.500000 0.900000
vt 0.600000 0.900000
vt 0.700000 0.900000
vt 0.800000 0.900000
vt 0.900000 0.900000
vt 1.000000 0.900000
vt 0.000000 1.000000
vt 0.100000 1.000000
vt 0.200000 1.000000
vt 0.300000 1.000000
vt 0.400000 1.000000
vt 0.500000 1.000000
vt 0.600000 1.000000
vt 0.700000 1.000000
vt 0.800000 1.000000
vt 0.900000 1.000000
vt 1.000000 1.000000
vn 0.001122 -0.999999 0.000000
vn 0.001122 -0.999999 0.000000
vn 0.001122 -0.999999 0.000000
vn 0.001122 -0.999999 0.000000
vn 0.001122 -0.999999 0.000000
vn 0.001122 -0.999999 0.000000
vn 0.001122 -0.999999 0.000000
vn 0.001122 -0.999999 0.000000
vn 0.001122 -0.999999 0.000000
vn 0.001122 -0.999999 0.000000
vn 0.001122 -0.999999 0.000000
vn 0.001122 -0.999999 0.000000
vn 0.001122 -0.999999 0.000000
vn 0.001122 -0.999999 0.000000
vn 0.001122 -0.999999 0.000000
vn 0.001122 -0.999999 0.000000
vn 0.001122 -0.999999 0.000000
vn 0.001122 -0.999999 0.000000
vn 0.001122 -0.999999 0.000000
vn 0.001122 -0.999999 0.000000
vn 0.001122 -0.999999 0.000000
vn 0.001122 -0.999999 0.000000
vn 0.001122 -0.999999 0.000000
vn 0.001122 -0.999999 0.000000
vn 0.001122 -0.999999 0.000000
vn 0.001122 -0.999999 0.000000
vn 0.001122 -0.999999 0.000000
vn 0.001122 -0.999999 0.000000
vn 0.001122 -0.999999 0.000000
vn 0.001122 -0.999999 0.000000
vn 0.001122 -0.999999 0.000000
vn 0.001122 -0.999999 0.000000
vn 0.001122 -0.999999 0.000000
vn 0.001122 -0.999999 0.000000
vn 0.001122 -0.999999 0.000000
vn 0.001122 -0.999999 0.000000
vn 0.001122 -0.999999 0.000000
vn 0.001122 -0.999999 0.000000
vn 0.001122 -0.999999 0.000000
vn 0.001122 -0.999999 0.000000
vn 0.001122 -0.999999 0.000000
vn 0.001122 -0.999999 0.000000
vn 0.001122 -0.999999 0.000000
vn 0.001122 -0.999999 0.000000
vn 0.001122 -0.999999 0.000000
vn 0.001122 -0.999999 0.000000
vn 0.001122 -0.999999 0.000000
vn 0.001122 -0.999999 0.000000
vn 0.001122 -0.999999 0.000000
vn 0.001122 -0.999999 0.000000
vn 0.001122 -0.999999 0.000000
vn 0.001122 -0.999999 0.000000
vn 0.001122 -0.999999 0.000000
vn 0.001122 -0.999999 0.000000
vn 0.001122 -0.999999 0.000000
vn 0.001122 -0.999999 0.000000
vn 0.001122 -0.999999 0.000000
vn 0.001122 -0.999999 0.000000
vn 0.001122 -0.999999 0.000000
vn 0.001122 -0.999999 0.000000
vn 0.001122 -0.999999 0.000000
vn 0.001122 -0.999999 0.000000
vn 0.001122 -0.999999 0.000000
vn 0.001122 -0.999999 0.000000
vn 0.001122 -0.999999 0.000000
vn 0.001122 -0.999999 0.000000
vn 0.001122 -0.999999 0.000000
vn 0.001122 -0.999999 0.000000
vn 0.001122 -0.999999 0.000000
vn 0.001122 -0.999999 0.000000
vn 0.001122 -0.999999 0.000000
vn 0.001122 -0.999999 0.000000
vn 0.001122 -0.999999 0.000000
vn 0.001122 -0.999999 0.000000
vn 0.001122 -0.999999 0.000000
vn 0.001122 -0.999999 0.000000
vn 0.001122 -0.999999 0.000000
vn 0.001122 -0.999999 0.000000
vn 0.001122 -0.999999 0.000000
vn 0.001122 -0.999999 0.000000
vn 0.001122 -0.999999 0.000000
vn 0.001122 -0.999999 0.000000
vn 0.001122 -0.999999 0.000000
vn 0.001122 -0.999999 0.000000
vn 0.001122 -0.999999 0.000000
vn 0.001122 -0.999999 0.000000
vn 0.001122 -0.999999 0.000000
vn 0.001122 -0.999999 0.000000
vn 0.001122 -0.999999 0.000000
vn 0.001122 -0.999999 0.000000
vn 0.001122 -0.999999 0.000000
vn 0.001122 -0.999999 0.000000
vn 0.001122 -0.999999 0.000000
vn 0.001122 -0.999999 0.000000
vn 0.001122 -0.999999 0.000000
vn 0.001122 -0.999999 0.000000
vn 0.001122 -0.999999 0.000000
vn 0.001122 -0.999999 0.000000
vn 0.001122 -0.999999 0.000000
vn 0.001122 -0.999999 0.000000
vn 0.001122 -0.999999 0.000000
vn 0.001122 -0.999999 0.000000
vn 0.001122 -0.999999 0.000000
vn 0.001122 -0.999999 0.000000
vn 0.001122 -0.999999 0.000000
vn 0.001122 -0.999999 0.000000
vn 0.001122 -0.999999 0.000000
vn 0.001122 -0.999999 0.000000
vn 0.001122 -0.999999 0.000000
vn 0.001122 -0.999999 0.000000
vn 0.001122 -0.999999 0.000000
vn 0.001122 -0.999999 0.000000
vn 0.001122 -0.999999 0.000000
vn 0.001122 -0.999999 0.000000
vn 0.001122 -0.999999 0.000000
vn 0.001122 -0.999999 0.000000
vn 0.001122 -0.999999 0.000000
vn 0.001122 -0.999999 0.000000
vn 0.001122 -0.999999 0.000000
vn 0.001122 -0.999999 0.000000
vn 0.001122 -0.999999 0.000000
s 1
g pPlane17 pPlane14
usemtl lambert13SG
f 1364/1456/1572 1365/1457/1573 1376/1468/1574 1375/1467/1575
f 1365/1457/1573 1366/1458/1576 1377/1469/1577 1376/1468/1574
f 1366/1458/1576 1367/1459/1578 1378/1470/1579 1377/1469/1577
f 1367/1459/1578 1368/1460/1580 1379/1471/1581 1378/1470/1579
f 1368/1460/1580 1369/1461/1582 1380/1472/1583 1379/1471/1581
f 1369/1461/1582 1370/1462/1584 1381/1473/1585 1380/1472/1583
f 1370/1462/1584 1371/1463/1586 1382/1474/1587 1381/1473/1585
f 1371/1463/1586 1372/1464/1588 1383/1475/1589 1382/1474/1587
f 1372/1464/1588 1373/1465/1590 1384/1476/1591 1383/1475/1589
f 1373/1465/1590 1374/1466/1592 1385/1477/1593 1384/1476/1591
f 1375/1467/1575 1376/1468/1574 1387/1479/1594 1386/1478/1595
f 1376/1468/1574 1377/1469/1577 1388/1480/1596 1387/1479/1594
f 1377/1469/1577 1378/1470/1579 1389/1481/1597 1388/1480/1596
f 1378/1470/1579 1379/1471/1581 1390/1482/1598 1389/1481/1597
f 1379/1471/1581 1380/1472/1583 1391/1483/1599 1390/1482/1598
f 1380/1472/1583 1381/1473/1585 1392/1484/1600 1391/1483/1599
f 1381/1473/1585 1382/1474/1587 1393/1485/1601 1392/1484/1600
f 1382/1474/1587 1383/1475/1589 1394/1486/1602 1393/1485/1601
f 1383/1475/1589 1384/1476/1591 1395/1487/1603 1394/1486/1602
f 1384/1476/1591 1385/1477/1593 1396/1488/1604 1395/1487/1603
f 1386/1478/1595 1387/1479/1594 1398/1490/1605 1397/1489/1606
f 1387/1479/1594 1388/1480/1596 1399/1491/1607 1398/1490/1605
f 1388/1480/1596 1389/1481/1597 1400/1492/1608 1399/1491/1607
f 1389/1481/1597 1390/1482/1598 1401/1493/1609 1400/1492/1608
f 1390/1482/1598 1391/1483/1599 1402/1494/1610 1401/1493/1609
f 1391/1483/1599 1392/1484/1600 1403/1495/1611 1402/1494/1610
f 1392/1484/1600 1393/1485/1601 1404/1496/1612 1403/1495/1611
f 1393/1485/1601 1394/1486/1602 1405/1497/1613 1404/1496/1612
f 1394/1486/1602 1395/1487/1603 1406/1498/1614 1405/1497/1613
f 1395/1487/1603 1396/1488/1604 1407/1499/1615 1406/1498/1614
f 1397/1489/1606 1398/1490/1605 1409/1501/1616 1408/1500/1617
f 1398/1490/1605 1399/1491/1607 1410/1502/1618 1409/1501/1616
f 1399/1491/1607 1400/1492/1608 1411/1503/1619 1410/1502/1618
f 1400/1492/1608 1401/1493/1609 1412/1504/1620 1411/1503/1619
f 1401/1493/1609 1402/1494/1610 1413/1505/1621 1412/1504/1620
f 1402/1494/1610 1403/1495/1611 1414/1506/1622 1413/1505/1621
f 1403/1495/1611 1404/1496/1612 1415/1507/1623 1414/1506/1622
f 1404/1496/1612 1405/1497/1613 1416/1508/1624 1415/1507/1623
f 1405/1497/1613 1406/1498/1614 1417/1509/1625 1416/1508/1624
f 1406/1498/1614 1407/1499/1615 1418/1510/1626 1417/1509/1625
f 1408/1500/1617 1409/1501/1616 1420/1512/1627 1419/1511/1628
f 1409/1501/1616 1410/1502/1618 1421/1513/1629 1420/1512/1627
f 1410/1502/1618 1411/1503/1619 1422/1514/1630 1421/1513/1629
f 1411/1503/1619 1412/1504/1620 1423/1515/1631 1422/1514/1630
f 1412/1504/1620 1413/1505/1621 1424/1516/1632 1423/1515/1631
f 1413/1505/1621 1414/1506/1622 1425/1517/1633 1424/1516/1632
f 1414/1506/1622 1415/1507/1623 1426/1518/1634 1425/1517/1633
f 1415/1507/1623 1416/1508/1624 1427/1519/1635 1426/1518/1634
f 1416/1508/1624 1417/1509/1625 1428/1520/1636 1427/1519/1635
f 1417/1509/1625 1418/1510/1626 1429/1521/1637 1428/1520/1636
f 1419/1511/1628 1420/1512/1627 1431/1523/1638 1430/1522/1639
f 1420/1512/1627 1421/1513/1629 1432/1524/1640 1431/1523/1638
f 1421/1513/1629 1422/1514/1630 1433/1525/1641 1432/1524/1640
f 1422/1514/1630 1423/1515/1631 1434/1526/1642 1433/1525/1641
f 1423/1515/1631 1424/1516/1632 1435/1527/1643 1434/1526/1642
f 1424/1516/1632 1425/1517/1633 1436/1528/1644 1435/1527/1643
f 1425/1517/1633 1426/1518/1634 1437/1529/1645 1436/1528/1644
f 1426/1518/1634 1427/1519/1635 1438/1530/1646 1437/1529/1645
f 1427/1519/1635 1428/1520/1636 1439/1531/1647 1438/1530/1646
f 1428/1520/1636 1429/1521/1637 1440/1532/1648 1439/1531/1647
f 1430/1522/1639 1431/1523/1638 1442/1534/1649 1441/1533/1650
f 1431/1523/1638 1432/1524/1640 1443/1535/1651 1442/1534/1649
f 1432/1524/1640 1433/1525/1641 1444/1536/1652 1443/1535/1651
f 1433/1525/1641 1434/1526/1642 1445/1537/1653 1444/1536/1652
f 1434/1526/1642 1435/1527/1643 1446/1538/1654 1445/1537/1653
f 1435/1527/1643 1436/1528/1644 1447/1539/1655 1446/1538/1654
f 1436/1528/1644 1437/1529/1645 1448/1540/1656 1447/1539/1655
f 1437/1529/1645 1438/1530/1646 1449/1541/1657 1448/1540/1656
f 1438/1530/1646 1439/1531/1647 1450/1542/1658 1449/1541/1657
f 1439/1531/1647 1440/1532/1648 1451/1543/1659 1450/1542/1658
f 1441/1533/1650 1442/1534/1649 1453/1545/1660 1452/1544/1661
f 1442/1534/1649 1443/1535/1651 1454/1546/1662 1453/1545/1660
f 1443/1535/1651 1444/1536/1652 1455/1547/1663 1454/1546/1662
f 1444/1536/1652 1445/1537/1653 1456/1548/1664 1455/1547/1663
f 1445/1537/1653 1446/1538/1654 1457/1549/1665 1456/1548/1664
f 1446/1538/1654 1447/1539/1655 1458/1550/1666 1457/1549/1665
f 1447/1539/1655 1448/1540/1656 1459/1551/1667 1458/1550/1666
f 1448/1540/1656 1449/1541/1657 1460/1552/1668 1459/1551/1667
f 1449/1541/1657 1450/1542/1658 1461/1553/1669 1460/1552/1668
f 1450/1542/1658 1451/1543/1659 1462/1554/1670 1461/1553/1669
f 1452/1544/1661 1453/1545/1660 1464/1556/1671 1463/1555/1672
f 1453/1545/1660 1454/1546/1662 1465/1557/1673 1464/1556/1671
f 1454/1546/1662 1455/1547/1663 1466/1558/1674 1465/1557/1673
f 1455/1547/1663 1456/1548/1664 1467/1559/1675 1466/1558/1674
f 1456/1548/1664 1457/1549/1665 1468/1560/1676 1467/1559/1675
f 1457/1549/1665 1458/1550/1666 1469/1561/1677 1468/1560/1676
f 1458/1550/1666 1459/1551/1667 1470/1562/1678 1469/1561/1677
f 1459/1551/1667 1460/1552/1668 1471/1563/1679 1470/1562/1678
f 1460/1552/1668 1461/1553/1669 1472/1564/1680 1471/1563/1679
f 1461/1553/1669 1462/1554/1670 1473/1565/1681 1472/1564/1680
f 1463/1555/1672 1464/1556/1671 1475/1567/1682 1474/1566/1683
f 1464/1556/1671 1465/1557/1673 1476/1568/1684 1475/1567/1682
f 1465/1557/1673 1466/1558/1674 1477/1569/1685 1476/1568/1684
f 1466/1558/1674 1467/1559/1675 1478/1570/1686 1477/1569/1685
f 1467/1559/1675 1468/1560/1676 1479/1571/1687 1478/1570/1686
f 1468/1560/1676 1469/1561/1677 1480/1572/1688 1479/1571/1687
f 1469/1561/1677 1470/1562/1678 1481/1573/1689 1480/1572/1688
f 1470/1562/1678 1471/1563/1679 1482/1574/1690 1481/1573/1689
f 1471/1563/1679 1472/1564/1680 1483/1575/1691 1482/1574/1690
f 1472/1564/1680 1473/1565/1681 1484/1576/1692 1483/1575/1691
g default
v 1.702507 0.672773 -0.998845
v 1.702507 0.672773 -0.486049
v 1.702507 0.672773 0.026747
v 1.702507 0.672773 0.539543
v 1.702507 0.672773 1.052340
v 1.702507 0.672773 1.565136
v 1.702507 0.672773 2.077932
v 1.702507 0.672773 2.590728
v 1.702507 0.672773 3.103524
v 1.702507 0.672773 3.616321
v 1.702507 0.672773 4.129117
v 2.039049 0.672395 -0.998839
v 2.039049 0.672395 -0.486043
v 2.039049 0.672395 0.026753
v 2.039049 0.672395 0.539550
v 2.039049 0.672395 1.052346
v 2.039049 0.672395 1.565142
v 2.039049 0.672395 2.077938
v 2.039049 0.672395 2.590734
v 2.039049 0.672395 3.103531
v 2.039049 0.672395 3.616327
v 2.039049 0.672395 4.129123
v 2.375591 0.672017 -0.998833
v 2.375591 0.672017 -0.486037
v 2.375591 0.672017 0.026759
v 2.375591 0.672017 0.539556
v 2.375591 0.672017 1.052352
v 2.375591 0.672017 1.565148
v 2.375591 0.672017 2.077945
v 2.375591 0.672017 2.590741
v 2.375591 0.672017 3.103537
v 2.375591 0.672017 3.616333
v 2.375591 0.672017 4.129129
v 2.712133 0.671639 -0.998827
v 2.712133 0.671639 -0.486030
v 2.712133 0.671639 0.026766
v 2.712133 0.671639 0.539562
v 2.712133 0.671639 1.052358
v 2.712133 0.671639 1.565154
v 2.712133 0.671639 2.077951
v 2.712133 0.671639 2.590747
v 2.712133 0.671639 3.103543
v 2.712133 0.671639 3.616340
v 2.712133 0.671639 4.129136
v 3.048675 0.671262 -0.998820
v 3.048675 0.671262 -0.486024
v 3.048675 0.671262 0.026772
v 3.048675 0.671262 0.539568
v 3.048675 0.671262 1.052364
v 3.048675 0.671262 1.565161
v 3.048675 0.671262 2.077957
v 3.048675 0.671262 2.590753
v 3.048675 0.671262 3.103549
v 3.048675 0.671262 3.616346
v 3.048675 0.671262 4.129142
v 3.385217 0.670884 -0.998814
v 3.385217 0.670884 -0.486018
v 3.385217 0.670884 0.026778
v 3.385217 0.670884 0.539575
v 3.385217 0.670884 1.052371
v 3.385217 0.670884 1.565167
v 3.385217 0.670884 2.077963
v 3.385217 0.670884 2.590759
v 3.385217 0.670884 3.103556
v 3.385217 0.670884 3.616352
v 3.385217 0.670884 4.129148
v 3.721759 0.670506 -0.998808
v 3.721759 0.670506 -0.486012
v 3.721759 0.670506 0.026784
v 3.721759 0.670506 0.539581
v 3.721759 0.670506 1.052377
v 3.721759 0.670506 1.565173
v 3.721759 0.670506 2.077969
v 3.721759 0.670506 2.590766
v 3.721759 0.670506 3.103562
v 3.721759 0.670506 3.616358
v 3.721759 0.670506 4.129154
v 4.058301 0.670128 -0.998802
v 4.058301 0.670128 -0.486006
v 4.058301 0.670128 0.026791
v 4.058301 0.670128 0.539587
v 4.058301 0.670128 1.052383
v 4.058301 0.670128 1.565179
v 4.058301 0.670128 2.077976
v 4.058301 0.670128 2.590772
v 4.058301 0.670128 3.103568
v 4.058301 0.670128 3.616364
v 4.058301 0.670128 4.129160
v 4.394844 0.669751 -0.998795
v 4.394844 0.669751 -0.485999
v 4.394844 0.669751 0.026797
v 4.394844 0.669751 0.539593
v 4.394844 0.669751 1.052389
v 4.394844 0.669751 1.565186
v 4.394844 0.669751 2.077982
v 4.394844 0.669751 2.590778
v 4.394844 0.669751 3.103574
v 4.394844 0.669751 3.616371
v 4.394844 0.669751 4.129167
v 4.731386 0.669373 -0.998789
v 4.731386 0.669373 -0.485993
v 4.731386 0.669373 0.026803
v 4.731386 0.669373 0.539599
v 4.731386 0.669373 1.052396
v 4.731386 0.669373 1.565192
v 4.731386 0.669373 2.077988
v 4.731386 0.669373 2.590784
v 4.731386 0.669373 3.103581
v 4.731386 0.669373 3.616377
v 4.731386 0.669373 4.129173
v 5.067928 0.668995 -0.998783
v 5.067928 0.668995 -0.485987
v 5.067928 0.668995 0.026809
v 5.067928 0.668995 0.539606
v 5.067928 0.668995 1.052402
v 5.067928 0.668995 1.565198
v 5.067928 0.668995 2.077994
v 5.067928 0.668995 2.590790
v 5.067928 0.668995 3.103587
v 5.067928 0.668995 3.616383
v 5.067928 0.668995 4.129179
vt 0.000000 0.000000
vt 0.100000 0.000000
vt 0.200000 0.000000
vt 0.300000 0.000000
vt 0.400000 0.000000
vt 0.500000 0.000000
vt 0.600000 0.000000
vt 0.700000 0.000000
vt 0.800000 0.000000
vt 0.900000 0.000000
vt 1.000000 0.000000
vt 0.000000 0.100000
vt 0.100000 0.100000
vt 0.200000 0.100000
vt 0.300000 0.100000
vt 0.400000 0.100000
vt 0.500000 0.100000
vt 0.600000 0.100000
vt 0.700000 0.100000
vt 0.800000 0.100000
vt 0.900000 0.100000
vt 1.000000 0.100000
vt 0.000000 0.200000
vt 0.100000 0.200000
vt 0.200000 0.200000
vt 0.300000 0.200000
vt 0.400000 0.200000
vt 0.500000 0.200000
vt 0.600000 0.200000
vt 0.700000 0.200000
vt 0.800000 0.200000
vt 0.900000 0.200000
vt 1.000000 0.200000
vt 0.000000 0.300000
vt 0.100000 0.300000
vt 0.200000 0.300000
vt 0.300000 0.300000
vt 0.400000 0.300000
vt 0.500000 0.300000
vt 0.600000 0.300000
vt 0.700000 0.300000
vt 0.800000 0.300000
vt 0.900000 0.300000
vt 1.000000 0.300000
vt 0.000000 0.400000
vt 0.100000 0.400000
vt 0.200000 0.400000
vt 0.300000 0.400000
vt 0.400000 0.400000
vt 0.500000 0.400000
vt 0.600000 0.400000
vt 0.700000 0.400000
vt 0.800000 0.400000
vt 0.900000 0.400000
vt 1.000000 0.400000
vt 0.000000 0.500000
vt 0.100000 0.500000
vt 0.200000 0.500000
vt 0.300000 0.500000
vt 0.400000 0.500000
vt 0.500000 0.500000
vt 0.600000 0.500000
vt 0.700000 0.500000
vt 0.800000 0.500000
vt 0.900000 0.500000
vt 1.000000 0.500000
vt 0.000000 0.600000
vt 0.100000 0.600000
vt 0.200000 0.600000
vt 0.300000 0.600000
vt 0.400000 0.600000
vt 0.500000 0.600000
vt 0.600000 0.600000
vt 0.700000 0.600000
vt 0.800000 0.600000
vt 0.900000 0.600000
vt 1.000000 0.600000
vt 0.000000 0.700000
vt 0.100000 0.700000
vt 0.200000 0.700000
vt 0.300000 0.700000
vt 0.400000 0.700000
vt 0.500000 0.700000
vt 0.600000 0.700000
vt 0.700000 0.700000
vt 0.800000 0.700000
vt 0.900000 0.700000
vt 1.000000 0.700000
vt 0.000000 0.800000
vt 0.100000 0.800000
vt 0.200000 0.800000
vt 0.300000 0.800000
vt 0.400000 0.800000
vt 0.500000 0.800000
vt 0.600000 0.800000
vt 0.700000 0.800000
vt 0.800000 0.800000
vt 0.900000 0.800000
vt 1.000000 0.800000
vt 0.000000 0.900000
vt 0.100000 0.900000
vt 0.200000 0.900000
vt 0.300000 0.900000
vt 0.400000 0.900000
vt 0.500000 0.900000
vt 0.600000 0.900000
vt 0.700000 0.900000
vt 0.800000 0.900000
vt 0.900000 0.900000
vt 1.000000 0.900000
vt 0.000000 1.000000
vt 0.100000 1.000000
vt 0.200000 1.000000
vt 0.300000 1.000000
vt 0.400000 1.000000
vt 0.500000 1.000000
vt 0.600000 1.000000
vt 0.700000 1.000000
vt 0.800000 1.000000
vt 0.900000 1.000000
vt 1.000000 1.000000
vn 0.001122 0.999999 0.000000
vn 0.001122 0.999999 0.000000
vn 0.001122 0.999999 0.000000
vn 0.001122 0.999999 0.000000
vn 0.001122 0.999999 0.000000
vn 0.001122 0.999999 0.000000
vn 0.001122 0.999999 0.000000
vn 0.001122 0.999999 0.000000
vn 0.001122 0.999999 0.000000
vn 0.001122 0.999999 0.000000
vn 0.001122 0.999999 0.000000
vn 0.001122 0.999999 0.000000
vn 0.001122 0.999999 0.000000
vn 0.001122 0.999999 0.000000
vn 0.001122 0.999999 0.000000
vn 0.001122 0.999999 0.000000
vn 0.001122 0.999999 0.000000
vn 0.001122 0.999999 0.000000
vn 0.001122 0.999999 0.000000
vn 0.001122 0.999999 0.000000
vn 0.001122 0.999999 0.000000
vn 0.001122 0.999999 0.000000
vn 0.001122 0.999999 0.000000
vn 0.001122 0.999999 0.000000
vn 0.001122 0.999999 0.000000
vn 0.001122 0.999999 0.000000
vn 0.001122 0.999999 0.000000
vn 0.001122 0.999999 0.000000
vn 0.001122 0.999999 0.000000
vn 0.001122 0.999999 0.000000
vn 0.001122 0.999999 0.000000
vn 0.001122 0.999999 0.000000
vn 0.001122 0.999999 0.000000
vn 0.001122 0.999999 0.000000
vn 0.001122 0.999999 0.000000
vn 0.001122 0.999999 0.000000
vn 0.001122 0.999999 0.000000
vn 0.001122 0.999999 0.000000
vn 0.001122 0.999999 0.000000
vn 0.001122 0.999999 0.000000
vn 0.001122 0.999999 0.000000
vn 0.001122 0.999999 0.000000
vn 0.001122 0.999999 0.000000
vn 0.001122 0.999999 0.000000
vn 0.001122 0.999999 0.000000
vn 0.001122 0.999999 0.000000
vn 0.001122 0.999999 0.000000
vn 0.001122 0.999999 0.000000
vn 0.001122 0.999999 0.000000
vn 0.001122 0.999999 0.000000
vn 0.001122 0.999999 0.000000
vn 0.001122 0.999999 0.000000
vn 0.001122 0.999999 0.000000
vn 0.001122 0.999999 0.000000
vn 0.001122 0.999999 0.000000
vn 0.001122 0.999999 0.000000
vn 0.001122 0.999999 0.000000
vn 0.001122 0.999999 0.000000
vn 0.001122 0.999999 0.000000
vn 0.001122 0.999999 0.000000
vn 0.001122 0.999999 0.000000
vn 0.001122 0.999999 0.000000
vn 0.001122 0.999999 0.000000
vn 0.001122 0.999999 0.000000
vn 0.001122 0.999999 0.000000
vn 0.001122 0.999999 0.000000
vn 0.001122 0.999999 0.000000
vn 0.001122 0.999999 0.000000
vn 0.001122 0.999999 0.000000
vn 0.001122 0.999999 0.000000
vn 0.001122 0.999999 0.000000
vn 0.001122 0.999999 0.000000
vn 0.001122 0.999999 0.000000
vn 0.001122 0.999999 0.000000
vn 0.001122 0.999999 0.000000
vn 0.001122 0.999999 0.000000
vn 0.001122 0.999999 0.000000
vn 0.001122 0.999999 0.000000
vn 0.001122 0.999999 0.000000
vn 0.001122 0.999999 0.000000
vn 0.001122 0.999999 0.000000
vn 0.001122 0.999999 0.000000
vn 0.001122 0.999999 0.000000
vn 0.001122 0.999999 0.000000
vn 0.001122 0.999999 0.000000
vn 0.001122 0.999999 0.000000
vn 0.001122 0.999999 0.000000
vn 0.001122 0.999999 0.000000
vn 0.001122 0.999999 0.000000
vn 0.001122 0.999999 0.000000
vn 0.001122 0.999999 0.000000
vn 0.001122 0.999999 0.000000
vn 0.001122 0.999999 0.000000
vn 0.001122 0.999999 0.000000
vn 0.001122 0.999999 0.000000
vn 0.001122 0.999999 0.000000
vn 0.001122 0.999999 0.000000
vn 0.001122 0.999999 0.000000
vn 0.001122 0.999999 0.000000
vn 0.001122 0.999999 0.000000
vn 0.001122 0.999999 0.000000
vn 0.001122 0.999999 0.000000
vn 0.001122 0.999999 0.000000
vn 0.001122 0.999999 0.000000
vn 0.001122 0.999999 0.000000
vn 0.001122 0.999999 0.000000
vn 0.001122 0.999999 0.000000
vn 0.001122 0.999999 0.000000
vn 0.001122 0.999999 0.000000
vn 0.001122 0.999999 0.000000
vn 0.001122 0.999999 0.000000
vn 0.001122 0.999999 0.000000
vn 0.001122 0.999999 0.000000
vn 0.001122 0.999999 0.000000
vn 0.001122 0.999999 0.000000
vn 0.001122 0.999999 0.000000
vn 0.001122 0.999999 0.000000
vn 0.001122 0.999999 0.000000
vn 0.001122 0.999999 0.000000
vn 0.001122 0.999999 0.000000
vn 0.001122 0.999999 0.000000
s 1
g pPlane17 pPlane18
usemtl lambert13SG
f 1485/1577/1693 1486/1578/1694 1497/1589/1695 1496/1588/1696
f 1486/1578/1694 1487/1579/1697 1498/1590/1698 1497/1589/1695
f 1487/1579/1697 1488/1580/1699 1499/1591/1700 1498/1590/1698
f 1488/1580/1699 1489/1581/1701 1500/1592/1702 1499/1591/1700
f 1489/1581/1701 1490/1582/1703 1501/1593/1704 1500/1592/1702
f 1490/1582/1703 1491/1583/1705 1502/1594/1706 1501/1593/1704
f 1491/1583/1705 1492/1584/1707 1503/1595/1708 1502/1594/1706
f 1492/1584/1707 1493/1585/1709 1504/1596/1710 1503/1595/1708
f 1493/1585/1709 1494/1586/1711 1505/1597/1712 1504/1596/1710
f 1494/1586/1711 1495/1587/1713 1506/1598/1714 1505/1597/1712
f 1496/1588/1696 1497/1589/1695 1508/1600/1715 1507/1599/1716
f 1497/1589/1695 1498/1590/1698 1509/1601/1717 1508/1600/1715
f 1498/1590/1698 1499/1591/1700 1510/1602/1718 1509/1601/1717
f 1499/1591/1700 1500/1592/1702 1511/1603/1719 1510/1602/1718
f 1500/1592/1702 1501/1593/1704 1512/1604/1720 1511/1603/1719
f 1501/1593/1704 1502/1594/1706 1513/1605/1721 1512/1604/1720
f 1502/1594/1706 1503/1595/1708 1514/1606/1722 1513/1605/1721
f 1503/1595/1708 1504/1596/1710 1515/1607/1723 1514/1606/1722
f 1504/1596/1710 1505/1597/1712 1516/1608/1724 1515/1607/1723
f 1505/1597/1712 1506/1598/1714 1517/1609/1725 1516/1608/1724
f 1507/1599/1716 1508/1600/1715 1519/1611/1726 1518/1610/1727
f 1508/1600/1715 1509/1601/1717 1520/1612/1728 1519/1611/1726
f 1509/1601/1717 1510/1602/1718 1521/1613/1729 1520/1612/1728
f 1510/1602/1718 1511/1603/1719 1522/1614/1730 1521/1613/1729
f 1511/1603/1719 1512/1604/1720 1523/1615/1731 1522/1614/1730
f 1512/1604/1720 1513/1605/1721 1524/1616/1732 1523/1615/1731
f 1513/1605/1721 1514/1606/1722 1525/1617/1733 1524/1616/1732
f 1514/1606/1722 1515/1607/1723 1526/1618/1734 1525/1617/1733
f 1515/1607/1723 1516/1608/1724 1527/1619/1735 1526/1618/1734
f 1516/1608/1724 1517/1609/1725 1528/1620/1736 1527/1619/1735
f 1518/1610/1727 1519/1611/1726 1530/1622/1737 1529/1621/1738
f 1519/1611/1726 1520/1612/1728 1531/1623/1739 1530/1622/1737
f 1520/1612/1728 1521/1613/1729 1532/1624/1740 1531/1623/1739
f 1521/1613/1729 1522/1614/1730 1533/1625/1741 1532/1624/1740
f 1522/1614/1730 1523/1615/1731 1534/1626/1742 1533/1625/1741
f 1523/1615/1731 1524/1616/1732 1535/1627/1743 1534/1626/1742
f 1524/1616/1732 1525/1617/1733 1536/1628/1744 1535/1627/1743
f 1525/1617/1733 1526/1618/1734 1537/1629/1745 1536/1628/1744
f 1526/1618/1734 1527/1619/1735 1538/1630/1746 1537/1629/1745
f 1527/1619/1735 1528/1620/1736 1539/1631/1747 1538/1630/1746
f 1529/1621/1738 1530/1622/1737 1541/1633/1748 1540/1632/1749
f 1530/1622/1737 1531/1623/1739 1542/1634/1750 1541/1633/1748
f 1531/1623/1739 1532/1624/1740 1543/1635/1751 1542/1634/1750
f 1532/1624/1740 1533/1625/1741 1544/1636/1752 1543/1635/1751
f 1533/1625/1741 1534/1626/1742 1545/1637/1753 1544/1636/1752
f 1534/1626/1742 1535/1627/1743 1546/1638/1754 1545/1637/1753
f 1535/1627/1743 1536/1628/1744 1547/1639/1755 1546/1638/1754
f 1536/1628/1744 1537/1629/1745 1548/1640/1756 1547/1639/1755
f 1537/1629/1745 1538/1630/1746 1549/1641/1757 1548/1640/1756
f 1538/1630/1746 1539/1631/1747 1550/1642/1758 1549/1641/1757
f 1540/1632/1749 1541/1633/1748 1552/1644/1759 1551/1643/1760
f 1541/1633/1748 1542/1634/1750 1553/1645/1761 1552/1644/1759
f 1542/1634/1750 1543/1635/1751 1554/1646/1762 1553/1645/1761
f 1543/1635/1751 1544/1636/1752 1555/1647/1763 1554/1646/1762
f 1544/1636/1752 1545/1637/1753 1556/1648/1764 1555/1647/1763
f 1545/1637/1753 1546/1638/1754 1557/1649/1765 1556/1648/1764
f 1546/1638/1754 1547/1639/1755 1558/1650/1766 1557/1649/1765
f 1547/1639/1755 1548/1640/1756 1559/1651/1767 1558/1650/1766
f 1548/1640/1756 1549/1641/1757 1560/1652/1768 1559/1651/1767
f 1549/1641/1757 1550/1642/1758 1561/1653/1769 1560/1652/1768
f 1551/1643/1760 1552/1644/1759 1563/1655/1770 1562/1654/1771
f 1552/1644/1759 1553/1645/1761 1564/1656/1772 1563/1655/1770
f 1553/1645/1761 1554/1646/1762 1565/1657/1773 1564/1656/1772
f 1554/1646/1762 1555/1647/1763 1566/1658/1774 1565/1657/1773
f 1555/1647/1763 1556/1648/1764 1567/1659/1775 1566/1658/1774
f 1556/1648/1764 1557/1649/1765 1568/1660/1776 1567/1659/1775
f 1557/1649/1765 1558/1650/1766 1569/1661/1777 1568/1660/1776
f 1558/1650/1766 1559/1651/1767 1570/1662/1778 1569/1661/1777
f 1559/1651/1767 1560/1652/1768 1571/1663/1779 1570/1662/1778
f 1560/1652/1768 1561/1653/1769 1572/1664/1780 1571/1663/1779
f 1562/1654/1771 1563/1655/1770 1574/1666/1781 1573/1665/1782
f 1563/1655/1770 1564/1656/1772 1575/1667/1783 1574/1666/1781
f 1564/1656/1772 1565/1657/1773 1576/1668/1784 1575/1667/1783
f 1565/1657/1773 1566/1658/1774 1577/1669/1785 1576/1668/1784
f 1566/1658/1774 1567/1659/1775 1578/1670/1786 1577/1669/1785
f 1567/1659/1775 1568/1660/1776 1579/1671/1787 1578/1670/1786
f 1568/1660/1776 1569/1661/1777 1580/1672/1788 1579/1671/1787
f 1569/1661/1777 1570/1662/1778 1581/1673/1789 1580/1672/1788
f 1570/1662/1778 1571/1663/1779 1582/1674/1790 1581/1673/1789
f 1571/1663/1779 1572/1664/1780 1583/1675/1791 1582/1674/1790
f 1573/1665/1782 1574/1666/1781 1585/1677/1792 1584/1676/1793
f 1574/1666/1781 1575/1667/1783 1586/1678/1794 1585/1677/1792
f 1575/1667/1783 1576/1668/1784 1587/1679/1795 1586/1678/1794
f 1576/1668/1784 1577/1669/1785 1588/1680/1796 1587/1679/1795
f 1577/1669/1785 1578/1670/1786 1589/1681/1797 1588/1680/1796
f 1578/1670/1786 1579/1671/1787 1590/1682/1798 1589/1681/1797
f 1579/1671/1787 1580/1672/1788 1591/1683/1799 1590/1682/1798
f 1580/1672/1788 1581/1673/1789 1592/1684/1800 1591/1683/1799
f 1581/1673/1789 1582/1674/1790 1593/1685/1801 1592/1684/1800
f 1582/1674/1790 1583/1675/1791 1594/1686/1802 1593/1685/1801
f 1584/1676/1793 1585/1677/1792 1596/1688/1803 1595/1687/1804
f 1585/1677/1792 1586/1678/1794 1597/1689/1805 1596/1688/1803
f 1586/1678/1794 1587/1679/1795 1598/1690/1806 1597/1689/1805
f 1587/1679/1795 1588/1680/1796 1599/1691/1807 1598/1690/1806
f 1588/1680/1796 1589/1681/1797 1600/1692/1808 1599/1691/1807
f 1589/1681/1797 1590/1682/1798 1601/1693/1809 1600/1692/1808
f 1590/1682/1798 1591/1683/1799 1602/1694/1810 1601/1693/1809
f 1591/1683/1799 1592/1684/1800 1603/1695/1811 1602/1694/1810
f 1592/1684/1800 1593/1685/1801 1604/1696/1812 1603/1695/1811
f 1593/1685/1801 1594/1686/1802 1605/1697/1813 1604/1696/1812
g default
v 0.300699 0.683489 -4.626138
v 0.300699 0.683489 -3.738931
v 0.300699 0.683489 -2.851724
v 0.300699 0.683489 -1.964517
v 0.300699 0.683489 -1.077311
v 0.300699 0.683489 -0.190104
v 0.300699 0.683489 0.697103
v 0.300699 0.683489 1.584309
v 0.300699 0.683489 2.471516
v 0.300699 0.683489 3.358723
v 0.300699 0.683489 4.245930
v 1.012588 0.684413 -4.626125
v 1.012588 0.684413 -3.738919
v 1.012588 0.684413 -2.851712
v 1.012588 0.684413 -1.964505
v 1.012588 0.684413 -1.077298
v 1.012588 0.684413 -0.190091
v 1.012588 0.684413 0.697116
v 1.012588 0.684413 1.584322
v 1.012588 0.684413 2.471529
v 1.012588 0.684413 3.358736
v 1.012588 0.684413 4.245943
v 1.724476 0.685338 -4.626113
v 1.724476 0.685338 -3.738906
v 1.724476 0.685338 -2.851699
v 1.724476 0.685338 -1.964492
v 1.724476 0.685338 -1.077285
v 1.724476 0.685338 -0.190079
v 1.724476 0.685338 0.697128
v 1.724476 0.685338 1.584335
v 1.724476 0.685338 2.471542
v 1.724476 0.685338 3.358749
v 1.724476 0.685338 4.245955
v 2.436365 0.686262 -4.626100
v 2.436365 0.686262 -3.738893
v 2.436365 0.686262 -2.851687
v 2.436365 0.686262 -1.964480
v 2.436365 0.686262 -1.077273
v 2.436365 0.686262 -0.190066
v 2.436365 0.686262 0.697141
v 2.436365 0.686262 1.584347
v 2.436365 0.686262 2.471554
v 2.436365 0.686262 3.358761
v 2.436365 0.686262 4.245968
v 3.148253 0.687186 -4.626087
v 3.148253 0.687186 -3.738881
v 3.148253 0.687186 -2.851674
v 3.148253 0.687186 -1.964467
v 3.148253 0.687186 -1.077260
v 3.148253 0.687186 -0.190053
v 3.148253 0.687186 0.697154
v 3.148253 0.687186 1.584360
v 3.148253 0.687186 2.471567
v 3.148253 0.687186 3.358774
v 3.148253 0.687186 4.245980
v 3.860142 0.688110 -4.626075
v 3.860142 0.688110 -3.738868
v 3.860142 0.688110 -2.851661
v 3.860142 0.688110 -1.964454
v 3.860142 0.688110 -1.077248
v 3.860142 0.688110 -0.190041
v 3.860142 0.688110 0.697166
v 3.860142 0.688110 1.584373
v 3.860142 0.688110 2.471580
v 3.860142 0.688110 3.358787
v 3.860142 0.688110 4.245993
v 4.572030 0.689035 -4.626062
v 4.572030 0.689035 -3.738855
v 4.572030 0.689035 -2.851649
v 4.572030 0.689035 -1.964442
v 4.572030 0.689035 -1.077235
v 4.572030 0.689035 -0.190028
v 4.572030 0.689035 0.697179
v 4.572030 0.689035 1.584385
v 4.572030 0.689035 2.471592
v 4.572030 0.689035 3.358799
v 4.572030 0.689035 4.246006
v 5.283918 0.689959 -4.626050
v 5.283918 0.689959 -3.738843
v 5.283918 0.689959 -2.851636
v 5.283918 0.689959 -1.964429
v 5.283918 0.689959 -1.077222
v 5.283918 0.689959 -0.190016
v 5.283918 0.689959 0.697191
v 5.283918 0.689959 1.584398
v 5.283918 0.689959 2.471605
v 5.283918 0.689959 3.358812
v 5.283918 0.689959 4.246018
v 5.995807 0.690883 -4.626037
v 5.995807 0.690883 -3.738830
v 5.995807 0.690883 -2.851623
v 5.995807 0.690883 -1.964416
v 5.995807 0.690883 -1.077210
v 5.995807 0.690883 -0.190003
v 5.995807 0.690883 0.697204
v 5.995807 0.690883 1.584411
v 5.995807 0.690883 2.471618
v 5.995807 0.690883 3.358825
v 5.995807 0.690883 4.246031
v 6.707696 0.691808 -4.626024
v 6.707696 0.691808 -3.738818
v 6.707696 0.691808 -2.851611
v 6.707696 0.691808 -1.964404
v 6.707696 0.691808 -1.077197
v 6.707696 0.691808 -0.189990
v 6.707696 0.691808 0.697217
v 6.707696 0.691808 1.584423
v 6.707696 0.691808 2.471630
v 6.707696 0.691808 3.358837
v 6.707696 0.691808 4.246044
v 7.419584 0.692732 -4.626012
v 7.419584 0.692732 -3.738805
v 7.419584 0.692732 -2.851598
v 7.419584 0.692732 -1.964391
v 7.419584 0.692732 -1.077184
v 7.419584 0.692732 -0.189978
v 7.419584 0.692732 0.697229
v 7.419584 0.692732 1.584436
v 7.419584 0.692732 2.471643
v 7.419584 0.692732 3.358850
v 7.419584 0.692732 4.246056
vt 0.000000 0.000000
vt 0.100000 0.000000
vt 0.200000 0.000000
vt 0.300000 0.000000
vt 0.400000 0.000000
vt 0.500000 0.000000
vt 0.600000 0.000000
vt 0.700000 0.000000
vt 0.800000 0.000000
vt 0.900000 0.000000
vt 1.000000 0.000000
vt 0.000000 0.100000
vt 0.100000 0.100000
vt 0.200000 0.100000
vt 0.300000 0.100000
vt 0.400000 0.100000
vt 0.500000 0.100000
vt 0.600000 0.100000
vt 0.700000 0.100000
vt 0.800000 0.100000
vt 0.900000 0.100000
vt 1.000000 0.100000
vt 0.000000 0.200000
vt 0.100000 0.200000
vt 0.200000 0.200000
vt 0.300000 0.200000
vt 0.400000 0.200000
vt 0.500000 0.200000
vt 0.600000 0.200000
vt 0.700000 0.200000
vt 0.800000 0.200000
vt 0.900000 0.200000
vt 1.000000 0.200000
vt 0.000000 0.300000
vt 0.100000 0.300000
vt 0.200000 0.300000
vt 0.300000 0.300000
vt 0.400000 0.300000
vt 0.500000 0.300000
vt 0.600000 0.300000
vt 0.700000 0.300000
vt 0.800000 0.300000
vt 0.900000 0.300000
vt 1.000000 0.300000
vt 0.000000 0.400000
vt 0.100000 0.400000
vt 0.200000 0.400000
vt 0.300000 0.400000
vt 0.400000 0.400000
vt 0.500000 0.400000
vt 0.600000 0.400000
vt 0.700000 0.400000
vt 0.800000 0.400000
vt 0.900000 0.400000
vt 1.000000 0.400000
vt 0.000000 0.500000
vt 0.100000 0.500000
vt 0.200000 0.500000
vt 0.300000 0.500000
vt 0.400000 0.500000
vt 0.500000 0.500000
vt 0.600000 0.500000
vt 0.700000 0.500000
vt 0.800000 0.500000
vt 0.900000 0.500000
vt 1.000000 0.500000
vt 0.000000 0.600000
vt 0.100000 0.600000
vt 0.200000 0.600000
vt 0.300000 0.600000
vt 0.400000 0.600000
vt 0.500000 0.600000
vt 0.600000 0.600000
vt 0.700000 0.600000
vt 0.800000 0.600000
vt 0.900000 0.600000
vt 1.000000 0.600000
vt 0.000000 0.700000
vt 0.100000 0.700000
vt 0.200000 0.700000
vt 0.300000 0.700000
vt 0.400000 0.700000
vt 0.500000 0.700000
vt 0.600000 0.700000
vt 0.700000 0.700000
vt 0.800000 0.700000
vt 0.900000 0.700000
vt 1.000000 0.700000
vt 0.000000 0.800000
vt 0.100000 0.800000
vt 0.200000 0.800000
vt 0.300000 0.800000
vt 0.400000 0.800000
vt 0.500000 0.800000
vt 0.600000 0.800000
vt 0.700000 0.800000
vt 0.800000 0.800000
vt 0.900000 0.800000
vt 1.000000 0.800000
vt 0.000000 0.900000
vt 0.100000 0.900000
vt 0.200000 0.900000
vt 0.300000 0.900000
vt 0.400000 0.900000
vt 0.500000 0.900000
vt 0.600000 0.900000
vt 0.700000 0.900000
vt 0.800000 0.900000
vt 0.900000 0.900000
vt 1.000000 0.900000
vt 0.000000 1.000000
vt 0.100000 1.000000
vt 0.200000 1.000000
vt 0.300000 1.000000
vt 0.400000 1.000000
vt 0.500000 1.000000
vt 0.600000 1.000000
vt 0.700000 1.000000
vt 0.800000 1.000000
vt 0.900000 1.000000
vt 1.000000 1.000000
vn -0.001298 0.999999 0.000000
vn -0.001298 0.999999 0.000000
vn -0.001298 0.999999 0.000000
vn -0.001298 0.999999 0.000000
vn -0.001298 0.999999 0.000000
vn -0.001298 0.999999 0.000000
vn -0.001298 0.999999 0.000000
vn -0.001298 0.999999 0.000000
vn -0.001298 0.999999 0.000000
vn -0.001298 0.999999 0.000000
vn -0.001298 0.999999 0.000000
vn -0.001298 0.999999 0.000000
vn -0.001298 0.999999 0.000000
vn -0.001298 0.999999 0.000000
vn -0.001298 0.999999 0.000000
vn -0.001298 0.999999 0.000000
vn -0.001298 0.999999 0.000000
vn -0.001298 0.999999 0.000000
vn -0.001298 0.999999 0.000000
vn -0.001298 0.999999 0.000000
vn -0.001298 0.999999 0.000000
vn -0.001298 0.999999 0.000000
vn -0.001298 0.999999 0.000000
vn -0.001298 0.999999 0.000000
vn -0.001298 0.999999 0.000000
vn -0.001298 0.999999 0.000000
vn -0.001298 0.999999 0.000000
vn -0.001298 0.999999 0.000000
vn -0.001298 0.999999 0.000000
vn -0.001298 0.999999 0.000000
vn -0.001298 0.999999 0.000000
vn -0.001298 0.999999 0.000000
vn -0.001298 0.999999 0.000000
vn -0.001298 0.999999 0.000000
vn -0.001298 0.999999 0.000000
vn -0.001298 0.999999 0.000000
vn -0.001298 0.999999 0.000000
vn -0.001298 0.999999 0.000000
vn -0.001298 0.999999 0.000000
vn -0.001298 0.999999 0.000000
vn -0.001298 0.999999 0.000000
vn -0.001298 0.999999 0.000000
vn -0.001298 0.999999 0.000000
vn -0.001298 0.999999 0.000000
vn -0.001298 0.999999 0.000000
vn -0.001298 0.999999 0.000000
vn -0.001298 0.999999 0.000000
vn -0.001298 0.999999 0.000000
vn -0.001298 0.999999 0.000000
vn -0.001298 0.999999 0.000000
vn -0.001298 0.999999 0.000000
vn -0.001298 0.999999 0.000000
vn -0.001298 0.999999 0.000000
vn -0.001298 0.999999 0.000000
vn -0.001298 0.999999 0.000000
vn -0.001298 0.999999 0.000000
vn -0.001298 0.999999 0.000000
vn -0.001298 0.999999 0.000000
vn -0.001298 0.999999 0.000000
vn -0.001298 0.999999 0.000000
vn -0.001298 0.999999 0.000000
vn -0.001298 0.999999 0.000000
vn -0.001298 0.999999 0.000000
vn -0.001298 0.999999 0.000000
vn -0.001298 0.999999 0.000000
vn -0.001298 0.999999 0.000000
vn -0.001298 0.999999 0.000000
vn -0.001298 0.999999 0.000000
vn -0.001298 0.999999 0.000000
vn -0.001298 0.999999 0.000000
vn -0.001298 0.999999 0.000000
vn -0.001298 0.999999 0.000000
vn -0.001298 0.999999 0.000000
vn -0.001298 0.999999 0.000000
vn -0.001298 0.999999 0.000000
vn -0.001298 0.999999 0.000000
vn -0.001298 0.999999 0.000000
vn -0.001298 0.999999 0.000000
vn -0.001298 0.999999 0.000000
vn -0.001298 0.999999 0.000000
vn -0.001298 0.999999 0.000000
vn -0.001298 0.999999 0.000000
vn -0.001298 0.999999 0.000000
vn -0.001298 0.999999 0.000000
vn -0.001298 0.999999 0.000000
vn -0.001298 0.999999 0.000000
vn -0.001298 0.999999 0.000000
vn -0.001298 0.999999 0.000000
vn -0.001298 0.999999 0.000000
vn -0.001298 0.999999 0.000000
vn -0.001298 0.999999 0.000000
vn -0.001298 0.999999 0.000000
vn -0.001298 0.999999 0.000000
vn -0.001298 0.999999 0.000000
vn -0.001298 0.999999 0.000000
vn -0.001298 0.999999 0.000000
vn -0.001298 0.999999 0.000000
vn -0.001298 0.999999 0.000000
vn -0.001298 0.999999 0.000000
vn -0.001298 0.999999 0.000000
vn -0.001298 0.999999 0.000000
vn -0.001298 0.999999 0.000000
vn -0.001298 0.999999 0.000000
vn -0.001298 0.999999 0.000000
vn -0.001298 0.999999 0.000000
vn -0.001298 0.999999 0.000000
vn -0.001298 0.999999 0.000000
vn -0.001298 0.999999 0.000000
vn -0.001298 0.999999 0.000000
vn -0.001298 0.999999 0.000000
vn -0.001298 0.999999 0.000000
vn -0.001298 0.999999 0.000000
vn -0.001298 0.999999 0.000000
vn -0.001298 0.999999 0.000000
vn -0.001298 0.999999 0.000000
vn -0.001298 0.999999 0.000000
vn -0.001298 0.999999 0.000000
vn -0.001298 0.999999 0.000000
vn -0.001298 0.999999 0.000000
vn -0.001298 0.999999 0.000000
vn -0.001298 0.999999 0.000000
s 1
g pPlane17 pPlane19
f 1606/1698/1814 1607/1699/1815 1618/1710/1816 1617/1709/1817
f 1607/1699/1815 1608/1700/1818 1619/1711/1819 1618/1710/1816
f 1608/1700/1818 1609/1701/1820 1620/1712/1821 1619/1711/1819
f 1609/1701/1820 1610/1702/1822 1621/1713/1823 1620/1712/1821
f 1610/1702/1822 1611/1703/1824 1622/1714/1825 1621/1713/1823
f 1611/1703/1824 1612/1704/1826 1623/1715/1827 1622/1714/1825
f 1612/1704/1826 1613/1705/1828 1624/1716/1829 1623/1715/1827
f 1613/1705/1828 1614/1706/1830 1625/1717/1831 1624/1716/1829
f 1614/1706/1830 1615/1707/1832 1626/1718/1833 1625/1717/1831
f 1615/1707/1832 1616/1708/1834 1627/1719/1835 1626/1718/1833
f 1617/1709/1817 1618/1710/1816 1629/1721/1836 1628/1720/1837
f 1618/1710/1816 1619/1711/1819 1630/1722/1838 1629/1721/1836
f 1619/1711/1819 1620/1712/1821 1631/1723/1839 1630/1722/1838
f 1620/1712/1821 1621/1713/1823 1632/1724/1840 1631/1723/1839
f 1621/1713/1823 1622/1714/1825 1633/1725/1841 1632/1724/1840
f 1622/1714/1825 1623/1715/1827 1634/1726/1842 1633/1725/1841
f 1623/1715/1827 1624/1716/1829 1635/1727/1843 1634/1726/1842
f 1624/1716/1829 1625/1717/1831 1636/1728/1844 1635/1727/1843
f 1625/1717/1831 1626/1718/1833 1637/1729/1845 1636/1728/1844
f 1626/1718/1833 1627/1719/1835 1638/1730/1846 1637/1729/1845
f 1628/1720/1837 1629/1721/1836 1640/1732/1847 1639/1731/1848
f 1629/1721/1836 1630/1722/1838 1641/1733/1849 1640/1732/1847
f 1630/1722/1838 1631/1723/1839 1642/1734/1850 1641/1733/1849
f 1631/1723/1839 1632/1724/1840 1643/1735/1851 1642/1734/1850
f 1632/1724/1840 1633/1725/1841 1644/1736/1852 1643/1735/1851
f 1633/1725/1841 1634/1726/1842 1645/1737/1853 1644/1736/1852
f 1634/1726/1842 1635/1727/1843 1646/1738/1854 1645/1737/1853
f 1635/1727/1843 1636/1728/1844 1647/1739/1855 1646/1738/1854
f 1636/1728/1844 1637/1729/1845 1648/1740/1856 1647/1739/1855
f 1637/1729/1845 1638/1730/1846 1649/1741/1857 1648/1740/1856
f 1639/1731/1848 1640/1732/1847 1651/1743/1858 1650/1742/1859
f 1640/1732/1847 1641/1733/1849 1652/1744/1860 1651/1743/1858
f 1641/1733/1849 1642/1734/1850 1653/1745/1861 1652/1744/1860
f 1642/1734/1850 1643/1735/1851 1654/1746/1862 1653/1745/1861
f 1643/1735/1851 1644/1736/1852 1655/1747/1863 1654/1746/1862
f 1644/1736/1852 1645/1737/1853 1656/1748/1864 1655/1747/1863
f 1645/1737/1853 1646/1738/1854 1657/1749/1865 1656/1748/1864
f 1646/1738/1854 1647/1739/1855 1658/1750/1866 1657/1749/1865
f 1647/1739/1855 1648/1740/1856 1659/1751/1867 1658/1750/1866
f 1648/1740/1856 1649/1741/1857 1660/1752/1868 1659/1751/1867
f 1650/1742/1859 1651/1743/1858 1662/1754/1869 1661/1753/1870
f 1651/1743/1858 1652/1744/1860 1663/1755/1871 1662/1754/1869
f 1652/1744/1860 1653/1745/1861 1664/1756/1872 1663/1755/1871
f 1653/1745/1861 1654/1746/1862 1665/1757/1873 1664/1756/1872
f 1654/1746/1862 1655/1747/1863 1666/1758/1874 1665/1757/1873
f 1655/1747/1863 1656/1748/1864 1667/1759/1875 1666/1758/1874
f 1656/1748/1864 1657/1749/1865 1668/1760/1876 1667/1759/1875
f 1657/1749/1865 1658/1750/1866 1669/1761/1877 1668/1760/1876
f 1658/1750/1866 1659/1751/1867 1670/1762/1878 1669/1761/1877
f 1659/1751/1867 1660/1752/1868 1671/1763/1879 1670/1762/1878
f 1661/1753/1870 1662/1754/1869 1673/1765/1880 1672/1764/1881
f 1662/1754/1869 1663/1755/1871 1674/1766/1882 1673/1765/1880
f 1663/1755/1871 1664/1756/1872 1675/1767/1883 1674/1766/1882
f 1664/1756/1872 1665/1757/1873 1676/1768/1884 1675/1767/1883
f 1665/1757/1873 1666/1758/1874 1677/1769/1885 1676/1768/1884
f 1666/1758/1874 1667/1759/1875 1678/1770/1886 1677/1769/1885
f 1667/1759/1875 1668/1760/1876 1679/1771/1887 1678/1770/1886
f 1668/1760/1876 1669/1761/1877 1680/1772/1888 1679/1771/1887
f 1669/1761/1877 1670/1762/1878 1681/1773/1889 1680/1772/1888
f 1670/1762/1878 1671/1763/1879 1682/1774/1890 1681/1773/1889
f 1672/1764/1881 1673/1765/1880 1684/1776/1891 1683/1775/1892
f 1673/1765/1880 1674/1766/1882 1685/1777/1893 1684/1776/1891
f 1674/1766/1882 1675/1767/1883 1686/1778/1894 1685/1777/1893
f 1675/1767/1883 1676/1768/1884 1687/1779/1895 1686/1778/1894
f 1676/1768/1884 1677/1769/1885 1688/1780/1896 1687/1779/1895
f 1677/1769/1885 1678/1770/1886 1689/1781/1897 1688/1780/1896
f 1678/1770/1886 1679/1771/1887 1690/1782/1898 1689/1781/1897
f 1679/1771/1887 1680/1772/1888 1691/1783/1899 1690/1782/1898
f 1680/1772/1888 1681/1773/1889 1692/1784/1900 1691/1783/1899
f 1681/1773/1889 1682/1774/1890 1693/1785/1901 1692/1784/1900
f 1683/1775/1892 1684/1776/1891 1695/1787/1902 1694/1786/1903
f 1684/1776/1891 1685/1777/1893 1696/1788/1904 1695/1787/1902
f 1685/1777/1893 1686/1778/1894 1697/1789/1905 1696/1788/1904
f 1686/1778/1894 1687/1779/1895 1698/1790/1906 1697/1789/1905
f 1687/1779/1895 1688/1780/1896 1699/1791/1907 1698/1790/1906
f 1688/1780/1896 1689/1781/1897 1700/1792/1908 1699/1791/1907
f 1689/1781/1897 1690/1782/1898 1701/1793/1909 1700/1792/1908
f 1690/1782/1898 1691/1783/1899 1702/1794/1910 1701/1793/1909
f 1691/1783/1899 1692/1784/1900 1703/1795/1911 1702/1794/1910
f 1692/1784/1900 1693/1785/1901 1704/1796/1912 1703/1795/1911
f 1694/1786/1903 1695/1787/1902 1706/1798/1913 1705/1797/1914
f 1695/1787/1902 1696/1788/1904 1707/1799/1915 1706/1798/1913
f 1696/1788/1904 1697/1789/1905 1708/1800/1916 1707/1799/1915
f 1697/1789/1905 1698/1790/1906 1709/1801/1917 1708/1800/1916
f 1698/1790/1906 1699/1791/1907 1710/1802/1918 1709/1801/1917
f 1699/1791/1907 1700/1792/1908 1711/1803/1919 1710/1802/1918
f 1700/1792/1908 1701/1793/1909 1712/1804/1920 1711/1803/1919
f 1701/1793/1909 1702/1794/1910 1713/1805/1921 1712/1804/1920
f 1702/1794/1910 1703/1795/1911 1714/1806/1922 1713/1805/1921
f 1703/1795/1911 1704/1796/1912 1715/1807/1923 1714/1806/1922
f 1705/1797/1914 1706/1798/1913 1717/1809/1924 1716/1808/1925
f 1706/1798/1913 1707/1799/1915 1718/1810/1926 1717/1809/1924
f 1707/1799/1915 1708/1800/1916 1719/1811/1927 1718/1810/1926
f 1708/1800/1916 1709/1801/1917 1720/1812/1928 1719/1811/1927
f 1709/1801/1917 1710/1802/1918 1721/1813/1929 1720/1812/1928
f 1710/1802/1918 1711/1803/1919 1722/1814/1930 1721/1813/1929
f 1711/1803/1919 1712/1804/1920 1723/1815/1931 1722/1814/1930
f 1712/1804/1920 1713/1805/1921 1724/1816/1932 1723/1815/1931
f 1713/1805/1921 1714/1806/1922 1725/1817/1933 1724/1816/1932
f 1714/1806/1922 1715/1807/1923 1726/1818/1934 1725/1817/1933
g default
v 0.683047 0.674568 -5.026768
v 0.683047 0.674568 -4.059322
v 0.683047 0.674568 -3.091875
v 0.683047 0.674568 -2.124428
v 0.683047 0.674568 -1.156982
v 0.683047 0.674568 -0.189535
v 0.683047 0.674568 0.777912
v 0.683047 0.674568 1.745358
v 0.683047 0.674568 2.712805
v 0.683047 0.674568 3.680251
v 0.683047 0.674568 4.647698
v 1.317971 0.673856 -5.026756
v 1.317971 0.673856 -4.059310
v 1.317971 0.673856 -3.091863
v 1.317971 0.673856 -2.124417
v 1.317971 0.673856 -1.156970
v 1.317971 0.673856 -0.189524
v 1.317971 0.673856 0.777923
v 1.317971 0.673856 1.745370
v 1.317971 0.673856 2.712816
v 1.317971 0.673856 3.680263
v 1.317971 0.673856 4.647709
v 1.952895 0.673143 -5.026745
v 1.952895 0.673143 -4.059298
v 1.952895 0.673143 -3.091852
v 1.952895 0.673143 -2.124405
v 1.952895 0.673143 -1.156958
v 1.952895 0.673143 -0.189512
v 1.952895 0.673143 0.777935
v 1.952895 0.673143 1.745381
v 1.952895 0.673143 2.712828
v 1.952895 0.673143 3.680275
v 1.952895 0.673143 4.647721
v 2.587818 0.672430 -5.026733
v 2.587818 0.672430 -4.059286
v 2.587818 0.672430 -3.091840
v 2.587818 0.672430 -2.124393
v 2.587818 0.672430 -1.156947
v 2.587818 0.672430 -0.189500
v 2.587818 0.672430 0.777947
v 2.587818 0.672430 1.745393
v 2.587818 0.672430 2.712840
v 2.587818 0.672430 3.680287
v 2.587818 0.672430 4.647733
v 3.222742 0.671718 -5.026721
v 3.222742 0.671718 -4.059275
v 3.222742 0.671718 -3.091828
v 3.222742 0.671718 -2.124381
v 3.222742 0.671718 -1.156935
v 3.222742 0.671718 -0.189488
v 3.222742 0.671718 0.777959
v 3.222742 0.671718 1.745405
v 3.222742 0.671718 2.712852
v 3.222742 0.671718 3.680298
v 3.222742 0.671718 4.647745
v 3.857666 0.671005 -5.026709
v 3.857666 0.671005 -4.059263
v 3.857666 0.671005 -3.091816
v 3.857666 0.671005 -2.124370
v 3.857666 0.671005 -1.156923
v 3.857666 0.671005 -0.189476
v 3.857666 0.671005 0.777970
v 3.857666 0.671005 1.745417
v 3.857666 0.671005 2.712863
v 3.857666 0.671005 3.680310
v 3.857666 0.671005 4.647756
v 4.492590 0.670292 -5.026698
v 4.492590 0.670292 -4.059251
v 4.492590 0.670292 -3.091805
v 4.492590 0.670292 -2.124358
v 4.492590 0.670292 -1.156911
v 4.492590 0.670292 -0.189465
v 4.492590 0.670292 0.777982
v 4.492590 0.670292 1.745428
v 4.492590 0.670292 2.712875
v 4.492590 0.670292 3.680322
v 4.492590 0.670292 4.647768
v 5.127514 0.669580 -5.026686
v 5.127514 0.669580 -4.059239
v 5.127514 0.669580 -3.091793
v 5.127514 0.669580 -2.124346
v 5.127514 0.669580 -1.156900
v 5.127514 0.669580 -0.189453
v 5.127514 0.669580 0.777994
v 5.127514 0.669580 1.745440
v 5.127514 0.669580 2.712887
v 5.127514 0.669580 3.680334
v 5.127514 0.669580 4.647780
v 5.762438 0.668867 -5.026674
v 5.762438 0.668867 -4.059228
v 5.762438 0.668867 -3.091781
v 5.762438 0.668867 -2.124334
v 5.762438 0.668867 -1.156888
v 5.762438 0.668867 -0.189441
v 5.762438 0.668867 0.778006
v 5.762438 0.668867 1.745452
v 5.762438 0.668867 2.712899
v 5.762438 0.668867 3.680345
v 5.762438 0.668867 4.647792
v 6.397361 0.668154 -5.026662
v 6.397361 0.668154 -4.059216
v 6.397361 0.668154 -3.091769
v 6.397361 0.668154 -2.124323
v 6.397361 0.668154 -1.156876
v 6.397361 0.668154 -0.189429
v 6.397361 0.668154 0.778017
v 6.397361 0.668154 1.745464
v 6.397361 0.668154 2.712910
v 6.397361 0.668154 3.680357
v 6.397361 0.668154 4.647803
v 7.032285 0.667441 -5.026651
v 7.032285 0.667441 -4.059204
v 7.032285 0.667441 -3.091758
v 7.032285 0.667441 -2.124311
v 7.032285 0.667441 -1.156864
v 7.032285 0.667441 -0.189418
v 7.032285 0.667441 0.778029
v 7.032285 0.667441 1.745475
v 7.032285 0.667441 2.712922
v 7.032285 0.667441 3.680369
v 7.032285 0.667441 4.647815
vt 0.000000 0.000000
vt 0.100000 0.000000
vt 0.200000 0.000000
vt 0.300000 0.000000
vt 0.400000 0.000000
vt 0.500000 0.000000
vt 0.600000 0.000000
vt 0.700000 0.000000
vt 0.800000 0.000000
vt 0.900000 0.000000
vt 1.000000 0.000000
vt 0.000000 0.100000
vt 0.100000 0.100000
vt 0.200000 0.100000
vt 0.300000 0.100000
vt 0.400000 0.100000
vt 0.500000 0.100000
vt 0.600000 0.100000
vt 0.700000 0.100000
vt 0.800000 0.100000
vt 0.900000 0.100000
vt 1.000000 0.100000
vt 0.000000 0.200000
vt 0.100000 0.200000
vt 0.200000 0.200000
vt 0.300000 0.200000
vt 0.400000 0.200000
vt 0.500000 0.200000
vt 0.600000 0.200000
vt 0.700000 0.200000
vt 0.800000 0.200000
vt 0.900000 0.200000
vt 1.000000 0.200000
vt 0.000000 0.300000
vt 0.100000 0.300000
vt 0.200000 0.300000
vt 0.300000 0.300000
vt 0.400000 0.300000
vt 0.500000 0.300000
vt 0.600000 0.300000
vt 0.700000 0.300000
vt 0.800000 0.300000
vt 0.900000 0.300000
vt 1.000000 0.300000
vt 0.000000 0.400000
vt 0.100000 0.400000
vt 0.200000 0.400000
vt 0.300000 0.400000
vt 0.400000 0.400000
vt 0.500000 0.400000
vt 0.600000 0.400000
vt 0.700000 0.400000
vt 0.800000 0.400000
vt 0.900000 0.400000
vt 1.000000 0.400000
vt 0.000000 0.500000
vt 0.100000 0.500000
vt 0.200000 0.500000
vt 0.300000 0.500000
vt 0.400000 0.500000
vt 0.500000 0.500000
vt 0.600000 0.500000
vt 0.700000 0.500000
vt 0.800000 0.500000
vt 0.900000 0.500000
vt 1.000000 0.500000
vt 0.000000 0.600000
vt 0.100000 0.600000
vt 0.200000 0.600000
vt 0.300000 0.600000
vt 0.400000 0.600000
vt 0.500000 0.600000
vt 0.600000 0.600000
vt 0.700000 0.600000
vt 0.800000 0.600000
vt 0.900000 0.600000
vt 1.000000 0.600000
vt 0.000000 0.700000
vt 0.100000 0.700000
vt 0.200000 0.700000
vt 0.300000 0.700000
vt 0.400000 0.700000
vt 0.500000 0.700000
vt 0.600000 0.700000
vt 0.700000 0.700000
vt 0.800000 0.700000
vt 0.900000 0.700000
vt 1.000000 0.700000
vt 0.000000 0.800000
vt 0.100000 0.800000
vt 0.200000 0.800000
vt 0.300000 0.800000
vt 0.400000 0.800000
vt 0.500000 0.800000
vt 0.600000 0.800000
vt 0.700000 0.800000
vt 0.800000 0.800000
vt 0.900000 0.800000
vt 1.000000 0.800000
vt 0.000000 0.900000
vt 0.100000 0.900000
vt 0.200000 0.900000
vt 0.300000 0.900000
vt 0.400000 0.900000
vt 0.500000 0.900000
vt 0.600000 0.900000
vt 0.700000 0.900000
vt 0.800000 0.900000
vt 0.900000 0.900000
vt 1.000000 0.900000
vt 0.000000 1.000000
vt 0.100000 1.000000
vt 0.200000 1.000000
vt 0.300000 1.000000
vt 0.400000 1.000000
vt 0.500000 1.000000
vt 0.600000 1.000000
vt 0.700000 1.000000
vt 0.800000 1.000000
vt 0.900000 1.000000
vt 1.000000 1.000000
vn 0.001122 0.999999 0.000000
vn 0.001122 0.999999 0.000000
vn 0.001122 0.999999 0.000000
vn 0.001122 0.999999 0.000000
vn 0.001122 0.999999 0.000000
vn 0.001122 0.999999 0.000000
vn 0.001122 0.999999 0.000000
vn 0.001122 0.999999 0.000000
vn 0.001122 0.999999 0.000000
vn 0.001122 0.999999 0.000000
vn 0.001122 0.999999 0.000000
vn 0.001122 0.999999 0.000000
vn 0.001122 0.999999 0.000000
vn 0.001122 0.999999 0.000000
vn 0.001122 0.999999 0.000000
vn 0.001122 0.999999 0.000000
vn 0.001122 0.999999 0.000000
vn 0.001122 0.999999 0.000000
vn 0.001122 0.999999 0.000000
vn 0.001122 0.999999 0.000000
vn 0.001122 0.999999 0.000000
vn 0.001122 0.999999 0.000000
vn 0.001122 0.999999 0.000000
vn 0.001122 0.999999 0.000000
vn 0.001122 0.999999 0.000000
vn 0.001122 0.999999 0.000000
vn 0.001122 0.999999 0.000000
vn 0.001122 0.999999 0.000000
vn 0.001122 0.999999 0.000000
vn 0.001122 0.999999 0.000000
vn 0.001122 0.999999 0.000000
vn 0.001122 0.999999 0.000000
vn 0.001122 0.999999 0.000000
vn 0.001122 0.999999 0.000000
vn 0.001122 0.999999 0.000000
vn 0.001122 0.999999 0.000000
vn 0.001122 0.999999 0.000000
vn 0.001122 0.999999 0.000000
vn 0.001122 0.999999 0.000000
vn 0.001122 0.999999 0.000000
vn 0.001122 0.999999 0.000000
vn 0.001122 0.999999 0.000000
vn 0.001122 0.999999 0.000000
vn 0.001122 0.999999 0.000000
vn 0.001122 0.999999 0.000000
vn 0.001122 0.999999 0.000000
vn 0.001122 0.999999 0.000000
vn 0.001122 0.999999 0.000000
vn 0.001122 0.999999 0.000000
vn 0.001122 0.999999 0.000000
vn 0.001122 0.999999 0.000000
vn 0.001122 0.999999 0.000000
vn 0.001122 0.999999 0.000000
vn 0.001122 0.999999 0.000000
vn 0.001122 0.999999 0.000000
vn 0.001122 0.999999 0.000000
vn 0.001122 0.999999 0.000000
vn 0.001122 0.999999 0.000000
vn 0.001122 0.999999 0.000000
vn 0.001122 0.999999 0.000000
vn 0.001122 0.999999 0.000000
vn 0.001122 0.999999 0.000000
vn 0.001122 0.999999 0.000000
vn 0.001122 0.999999 0.000000
vn 0.001122 0.999999 0.000000
vn 0.001122 0.999999 0.000000
vn 0.001122 0.999999 0.000000
vn 0.001122 0.999999 0.000000
vn 0.001122 0.999999 0.000000
vn 0.001122 0.999999 0.000000
vn 0.001122 0.999999 0.000000
vn 0.001122 0.999999 0.000000
vn 0.001122 0.999999 0.000000
vn 0.001122 0.999999 0.000000
vn 0.001122 0.999999 0.000000
vn 0.001122 0.999999 0.000000
vn 0.001122 0.999999 0.000000
vn 0.001122 0.999999 0.000000
vn 0.001122 0.999999 0.000000
vn 0.001122 0.999999 0.000000
vn 0.001122 0.999999 0.000000
vn 0.001122 0.999999 0.000000
vn 0.001122 0.999999 0.000000
vn 0.001122 0.999999 0.000000
vn 0.001122 0.999999 0.000000
vn 0.001122 0.999999 0.000000
vn 0.001122 0.999999 0.000000
vn 0.001122 0.999999 0.000000
vn 0.001122 0.999999 0.000000
vn 0.001122 0.999999 0.000000
vn 0.001122 0.999999 0.000000
vn 0.001122 0.999999 0.000000
vn 0.001122 0.999999 0.000000
vn 0.001122 0.999999 0.000000
vn 0.001122 0.999999 0.000000
vn 0.001122 0.999999 0.000000
vn 0.001122 0.999999 0.000000
vn 0.001122 0.999999 0.000000
vn 0.001122 0.999999 0.000000
vn 0.001122 0.999999 0.000000
vn 0.001122 0.999999 0.000000
vn 0.001122 0.999999 0.000000
vn 0.001122 0.999999 0.000000
vn 0.001122 0.999999 0.000000
vn 0.001122 0.999999 0.000000
vn 0.001122 0.999999 0.000000
vn 0.001122 0.999999 0.000000
vn 0.001122 0.999999 0.000000
vn 0.001122 0.999999 0.000000
vn 0.001122 0.999999 0.000000
vn 0.001122 0.999999 0.000000
vn 0.001122 0.999999 0.000000
vn 0.001122 0.999999 0.000000
vn 0.001122 0.999999 0.000000
vn 0.001122 0.999999 0.000000
vn 0.001122 0.999999 0.000000
vn 0.001122 0.999999 0.000000
vn 0.001122 0.999999 0.000000
vn 0.001122 0.999999 0.000000
vn 0.001122 0.999999 0.000000
vn 0.001122 0.999999 0.000000
s 1
g pPlane17 pPlane21
usemtl lambert13SG
f 1727/1819/1935 1728/1820/1936 1739/1831/1937 1738/1830/1938
f 1728/1820/1936 1729/1821/1939 1740/1832/1940 1739/1831/1937
f 1729/1821/1939 1730/1822/1941 1741/1833/1942 1740/1832/1940
f 1730/1822/1941 1731/1823/1943 1742/1834/1944 1741/1833/1942
f 1731/1823/1943 1732/1824/1945 1743/1835/1946 1742/1834/1944
f 1732/1824/1945 1733/1825/1947 1744/1836/1948 1743/1835/1946
f 1733/1825/1947 1734/1826/1949 1745/1837/1950 1744/1836/1948
f 1734/1826/1949 1735/1827/1951 1746/1838/1952 1745/1837/1950
f 1735/1827/1951 1736/1828/1953 1747/1839/1954 1746/1838/1952
f 1736/1828/1953 1737/1829/1955 1748/1840/1956 1747/1839/1954
f 1738/1830/1938 1739/1831/1937 1750/1842/1957 1749/1841/1958
f 1739/1831/1937 1740/1832/1940 1751/1843/1959 1750/1842/1957
f 1740/1832/1940 1741/1833/1942 1752/1844/1960 1751/1843/1959
f 1741/1833/1942 1742/1834/1944 1753/1845/1961 1752/1844/1960
f 1742/1834/1944 1743/1835/1946 1754/1846/1962 1753/1845/1961
f 1743/1835/1946 1744/1836/1948 1755/1847/1963 1754/1846/1962
f 1744/1836/1948 1745/1837/1950 1756/1848/1964 1755/1847/1963
f 1745/1837/1950 1746/1838/1952 1757/1849/1965 1756/1848/1964
f 1746/1838/1952 1747/1839/1954 1758/1850/1966 1757/1849/1965
f 1747/1839/1954 1748/1840/1956 1759/1851/1967 1758/1850/1966
f 1749/1841/1958 1750/1842/1957 1761/1853/1968 1760/1852/1969
f 1750/1842/1957 1751/1843/1959 1762/1854/1970 1761/1853/1968
f 1751/1843/1959 1752/1844/1960 1763/1855/1971 1762/1854/1970
f 1752/1844/1960 1753/1845/1961 1764/1856/1972 1763/1855/1971
f 1753/1845/1961 1754/1846/1962 1765/1857/1973 1764/1856/1972
f 1754/1846/1962 1755/1847/1963 1766/1858/1974 1765/1857/1973
f 1755/1847/1963 1756/1848/1964 1767/1859/1975 1766/1858/1974
f 1756/1848/1964 1757/1849/1965 1768/1860/1976 1767/1859/1975
f 1757/1849/1965 1758/1850/1966 1769/1861/1977 1768/1860/1976
f 1758/1850/1966 1759/1851/1967 1770/1862/1978 1769/1861/1977
f 1760/1852/1969 1761/1853/1968 1772/1864/1979 1771/1863/1980
f 1761/1853/1968 1762/1854/1970 1773/1865/1981 1772/1864/1979
f 1762/1854/1970 1763/1855/1971 1774/1866/1982 1773/1865/1981
f 1763/1855/1971 1764/1856/1972 1775/1867/1983 1774/1866/1982
f 1764/1856/1972 1765/1857/1973 1776/1868/1984 1775/1867/1983
f 1765/1857/1973 1766/1858/1974 1777/1869/1985 1776/1868/1984
f 1766/1858/1974 1767/1859/1975 1778/1870/1986 1777/1869/1985
f 1767/1859/1975 1768/1860/1976 1779/1871/1987 1778/1870/1986
f 1768/1860/1976 1769/1861/1977 1780/1872/1988 1779/1871/1987
f 1769/1861/1977 1770/1862/1978 1781/1873/1989 1780/1872/1988
f 1771/1863/1980 1772/1864/1979 1783/1875/1990 1782/1874/1991
f 1772/1864/1979 1773/1865/1981 1784/1876/1992 1783/1875/1990
f 1773/1865/1981 1774/1866/1982 1785/1877/1993 1784/1876/1992
f 1774/1866/1982 1775/1867/1983 1786/1878/1994 1785/1877/1993
f 1775/1867/1983 1776/1868/1984 1787/1879/1995 1786/1878/1994
f 1776/1868/1984 1777/1869/1985 1788/1880/1996 1787/1879/1995
f 1777/1869/1985 1778/1870/1986 1789/1881/1997 1788/1880/1996
f 1778/1870/1986 1779/1871/1987 1790/1882/1998 1789/1881/1997
f 1779/1871/1987 1780/1872/1988 1791/1883/1999 1790/1882/1998
f 1780/1872/1988 1781/1873/1989 1792/1884/2000 1791/1883/1999
f 1782/1874/1991 1783/1875/1990 1794/1886/2001 1793/1885/2002
f 1783/1875/1990 1784/1876/1992 1795/1887/2003 1794/1886/2001
f 1784/1876/1992 1785/1877/1993 1796/1888/2004 1795/1887/2003
f 1785/1877/1993 1786/1878/1994 1797/1889/2005 1796/1888/2004
f 1786/1878/1994 1787/1879/1995 1798/1890/2006 1797/1889/2005
f 1787/1879/1995 1788/1880/1996 1799/1891/2007 1798/1890/2006
f 1788/1880/1996 1789/1881/1997 1800/1892/2008 1799/1891/2007
f 1789/1881/1997 1790/1882/1998 1801/1893/2009 1800/1892/2008
f 1790/1882/1998 1791/1883/1999 1802/1894/2010 1801/1893/2009
f 1791/1883/1999 1792/1884/2000 1803/1895/2011 1802/1894/2010
f 1793/1885/2002 1794/1886/2001 1805/1897/2012 1804/1896/2013
f 1794/1886/2001 1795/1887/2003 1806/1898/2014 1805/1897/2012
f 1795/1887/2003 1796/1888/2004 1807/1899/2015 1806/1898/2014
f 1796/1888/2004 1797/1889/2005 1808/1900/2016 1807/1899/2015
f 1797/1889/2005 1798/1890/2006 1809/1901/2017 1808/1900/2016
f 1798/1890/2006 1799/1891/2007 1810/1902/2018 1809/1901/2017
f 1799/1891/2007 1800/1892/2008 1811/1903/2019 1810/1902/2018
f 1800/1892/2008 1801/1893/2009 1812/1904/2020 1811/1903/2019
f 1801/1893/2009 1802/1894/2010 1813/1905/2021 1812/1904/2020
f 1802/1894/2010 1803/1895/2011 1814/1906/2022 1813/1905/2021
f 1804/1896/2013 1805/1897/2012 1816/1908/2023 1815/1907/2024
f 1805/1897/2012 1806/1898/2014 1817/1909/2025 1816/1908/2023
f 1806/1898/2014 1807/1899/2015 1818/1910/2026 1817/1909/2025
f 1807/1899/2015 1808/1900/2016 1819/1911/2027 1818/1910/2026
f 1808/1900/2016 1809/1901/2017 1820/1912/2028 1819/1911/2027
f 1809/1901/2017 1810/1902/2018 1821/1913/2029 1820/1912/2028
f 1810/1902/2018 1811/1903/2019 1822/1914/2030 1821/1913/2029
f 1811/1903/2019 1812/1904/2020 1823/1915/2031 1822/1914/2030
f 1812/1904/2020 1813/1905/2021 1824/1916/2032 1823/1915/2031
f 1813/1905/2021 1814/1906/2022 1825/1917/2033 1824/1916/2032
f 1815/1907/2024 1816/1908/2023 1827/1919/2034 1826/1918/2035
f 1816/1908/2023 1817/1909/2025 1828/1920/2036 1827/1919/2034
f 1817/1909/2025 1818/1910/2026 1829/1921/2037 1828/1920/2036
f 1818/1910/2026 1819/1911/2027 1830/1922/2038 1829/1921/2037
f 1819/1911/2027 1820/1912/2028 1831/1923/2039 1830/1922/2038
f 1820/1912/2028 1821/1913/2029 1832/1924/2040 1831/1923/2039
f 1821/1913/2029 1822/1914/2030 1833/1925/2041 1832/1924/2040
f 1822/1914/2030 1823/1915/2031 1834/1926/2042 1833/1925/2041
f 1823/1915/2031 1824/1916/2032 1835/1927/2043 1834/1926/2042
f 1824/1916/2032 1825/1917/2033 1836/1928/2044 1835/1927/2043
f 1826/1918/2035 1827/1919/2034 1838/1930/2045 1837/1929/2046
f 1827/1919/2034 1828/1920/2036 1839/1931/2047 1838/1930/2045
f 1828/1920/2036 1829/1921/2037 1840/1932/2048 1839/1931/2047
f 1829/1921/2037 1830/1922/2038 1841/1933/2049 1840/1932/2048
f 1830/1922/2038 1831/1923/2039 1842/1934/2050 1841/1933/2049
f 1831/1923/2039 1832/1924/2040 1843/1935/2051 1842/1934/2050
f 1832/1924/2040 1833/1925/2041 1844/1936/2052 1843/1935/2051
f 1833/1925/2041 1834/1926/2042 1845/1937/2053 1844/1936/2052
f 1834/1926/2042 1835/1927/2043 1846/1938/2054 1845/1937/2053
f 1835/1927/2043 1836/1928/2044 1847/1939/2055 1846/1938/2054
g default
v 2.261288 0.669496 0.881264
v 2.261288 0.669496 0.530101
v 2.261288 0.669496 0.178938
v 2.261288 0.669496 -0.172224
v 2.261288 0.669496 -0.523387
v 2.261288 0.669496 -0.874550
v 2.261288 0.669496 -1.225712
v 2.261288 0.669496 -1.576875
v 2.261288 0.669496 -1.928038
v 2.261288 0.669496 -2.279200
v 2.261288 0.669496 -2.630363
v 2.491752 0.669755 0.881259
v 2.491752 0.669755 0.530097
v 2.491752 0.669755 0.178934
v 2.491752 0.669755 -0.172229
v 2.491752 0.669755 -0.523391
v 2.491752 0.669755 -0.874554
v 2.491752 0.669755 -1.225717
v 2.491752 0.669755 -1.576879
v 2.491752 0.669755 -1.928042
v 2.491752 0.669755 -2.279205
v 2.491752 0.669755 -2.630367
v 2.722216 0.670014 0.881255
v 2.722216 0.670014 0.530092
v 2.722216 0.670014 0.178930
v 2.722216 0.670014 -0.172233
v 2.722216 0.670014 -0.523396
v 2.722216 0.670014 -0.874558
v 2.722216 0.670014 -1.225721
v 2.722216 0.670014 -1.576883
v 2.722216 0.670014 -1.928046
v 2.722216 0.670014 -2.279209
v 2.722216 0.670014 -2.630371
v 2.952680 0.670272 0.881251
v 2.952680 0.670272 0.530088
v 2.952680 0.670272 0.178926
v 2.952680 0.670272 -0.172237
v 2.952680 0.670272 -0.523400
v 2.952680 0.670272 -0.874562
v 2.952680 0.670272 -1.225725
v 2.952680 0.670272 -1.576888
v 2.952680 0.670272 -1.928050
v 2.952680 0.670272 -2.279213
v 2.952680 0.670272 -2.630376
v 3.183144 0.670531 0.881247
v 3.183144 0.670531 0.530084
v 3.183144 0.670531 0.178921
v 3.183144 0.670531 -0.172241
v 3.183144 0.670531 -0.523404
v 3.183144 0.670531 -0.874567
v 3.183144 0.670531 -1.225729
v 3.183144 0.670531 -1.576892
v 3.183144 0.670531 -1.928055
v 3.183144 0.670531 -2.279217
v 3.183144 0.670531 -2.630380
v 3.413608 0.670790 0.881242
v 3.413608 0.670790 0.530080
v 3.413608 0.670790 0.178917
v 3.413608 0.670790 -0.172246
v 3.413608 0.670790 -0.523408
v 3.413608 0.670790 -0.874571
v 3.413608 0.670790 -1.225734
v 3.413608 0.670790 -1.576896
v 3.413608 0.670790 -1.928059
v 3.413608 0.670790 -2.279222
v 3.413608 0.670790 -2.630384
v 3.644072 0.671048 0.881238
v 3.644072 0.671048 0.530075
v 3.644072 0.671048 0.178913
v 3.644072 0.671048 -0.172250
v 3.644072 0.671048 -0.523413
v 3.644072 0.671048 -0.874575
v 3.644072 0.671048 -1.225738
v 3.644072 0.671048 -1.576900
v 3.644072 0.671048 -1.928063
v 3.644072 0.671048 -2.279226
v 3.644072 0.671048 -2.630388
v 3.874536 0.671307 0.881234
v 3.874536 0.671307 0.530071
v 3.874536 0.671307 0.178908
v 3.874536 0.671307 -0.172254
v 3.874536 0.671307 -0.523417
v 3.874536 0.671307 -0.874579
v 3.874536 0.671307 -1.225742
v 3.874536 0.671307 -1.576905
v 3.874536 0.671307 -1.928067
v 3.874536 0.671307 -2.279230
v 3.874536 0.671307 -2.630393
v 4.105000 0.671566 0.881229
v 4.105000 0.671566 0.530067
v 4.105000 0.671566 0.178904
v 4.105000 0.671566 -0.172258
v 4.105000 0.671566 -0.523421
v 4.105000 0.671566 -0.874584
v 4.105000 0.671566 -1.225746
v 4.105000 0.671566 -1.576909
v 4.105000 0.671566 -1.928072
v 4.105000 0.671566 -2.279234
v 4.105000 0.671566 -2.630397
v 4.335464 0.671825 0.881225
v 4.335464 0.671825 0.530063
v 4.335464 0.671825 0.178900
v 4.335464 0.671825 -0.172263
v 4.335464 0.671825 -0.523425
v 4.335464 0.671825 -0.874588
v 4.335464 0.671825 -1.225751
v 4.335464 0.671825 -1.576913
v 4.335464 0.671825 -1.928076
v 4.335464 0.671825 -2.279239
v 4.335464 0.671825 -2.630401
v 4.565927 0.672083 0.881221
v 4.565927 0.672083 0.530058
v 4.565927 0.672083 0.178896
v 4.565927 0.672083 -0.172267
v 4.565927 0.672083 -0.523430
v 4.565927 0.672083 -0.874592
v 4.565927 0.672083 -1.225755
v 4.565927 0.672083 -1.576917
v 4.565927 0.672083 -1.928080
v 4.565927 0.672083 -2.279243
v 4.565927 0.672083 -2.630405
vt 0.000000 0.000000
vt 0.100000 0.000000
vt 0.200000 0.000000
vt 0.300000 0.000000
vt 0.400000 0.000000
vt 0.500000 0.000000
vt 0.600000 0.000000
vt 0.700000 0.000000
vt 0.800000 0.000000
vt 0.900000 0.000000
vt 1.000000 0.000000
vt 0.000000 0.100000
vt 0.100000 0.100000
vt 0.200000 0.100000
vt 0.300000 0.100000
vt 0.400000 0.100000
vt 0.500000 0.100000
vt 0.600000 0.100000
vt 0.700000 0.100000
vt 0.800000 0.100000
vt 0.900000 0.100000
vt 1.000000 0.100000
vt 0.000000 0.200000
vt 0.100000 0.200000
vt 0.200000 0.200000
vt 0.300000 0.200000
vt 0.400000 0.200000
vt 0.500000 0.200000
vt 0.600000 0.200000
vt 0.700000 0.200000
vt 0.800000 0.200000
vt 0.900000 0.200000
vt 1.000000 0.200000
vt 0.000000 0.300000
vt 0.100000 0.300000
vt 0.200000 0.300000
vt 0.300000 0.300000
vt 0.400000 0.300000
vt 0.500000 0.300000
vt 0.600000 0.300000
vt 0.700000 0.300000
vt 0.800000 0.300000
vt 0.900000 0.300000
vt 1.000000 0.300000
vt 0.000000 0.400000
vt 0.100000 0.400000
vt 0.200000 0.400000
vt 0.300000 0.400000
vt 0.400000 0.400000
vt 0.500000 0.400000
vt 0.600000 0.400000
vt 0.700000 0.400000
vt 0.800000 0.400000
vt 0.900000 0.400000
vt 1.000000 0.400000
vt 0.000000 0.500000
vt 0.100000 0.500000
vt 0.200000 0.500000
vt 0.300000 0.500000
vt 0.400000 0.500000
vt 0.500000 0.500000
vt 0.600000 0.500000
vt 0.700000 0.500000
vt 0.800000 0.500000
vt 0.900000 0.500000
vt 1.000000 0.500000
vt 0.000000 0.600000
vt 0.100000 0.600000
vt 0.200000 0.600000
vt 0.300000 0.600000
vt 0.400000 0.600000
vt 0.500000 0.600000
vt 0.600000 0.600000
vt 0.700000 0.600000
vt 0.800000 0.600000
vt 0.900000 0.600000
vt 1.000000 0.600000
vt 0.000000 0.700000
vt 0.100000 0.700000
vt 0.200000 0.700000
vt 0.300000 0.700000
vt 0.400000 0.700000
vt 0.500000 0.700000
vt 0.600000 0.700000
vt 0.700000 0.700000
vt 0.800000 0.700000
vt 0.900000 0.700000
vt 1.000000 0.700000
vt 0.000000 0.800000
vt 0.100000 0.800000
vt 0.200000 0.800000
vt 0.300000 0.800000
vt 0.400000 0.800000
vt 0.500000 0.800000
vt 0.600000 0.800000
vt 0.700000 0.800000
vt 0.800000 0.800000
vt 0.900000 0.800000
vt 1.000000 0.800000
vt 0.000000 0.900000
vt 0.100000 0.900000
vt 0.200000 0.900000
vt 0.300000 0.900000
vt 0.400000 0.900000
vt 0.500000 0.900000
vt 0.600000 0.900000
vt 0.700000 0.900000
vt 0.800000 0.900000
vt 0.900000 0.900000
vt 1.000000 0.900000
vt 0.000000 1.000000
vt 0.100000 1.000000
vt 0.200000 1.000000
vt 0.300000 1.000000
vt 0.400000 1.000000
vt 0.500000 1.000000
vt 0.600000 1.000000
vt 0.700000 1.000000
vt 0.800000 1.000000
vt 0.900000 1.000000
vt 1.000000 1.000000
vn 0.001122 -0.999999 0.000000
vn 0.001122 -0.999999 0.000000
vn 0.001122 -0.999999 0.000000
vn 0.001122 -0.999999 0.000000
vn 0.001122 -0.999999 0.000000
vn 0.001122 -0.999999 0.000000
vn 0.001122 -0.999999 0.000000
vn 0.001122 -0.999999 0.000000
vn 0.001122 -0.999999 0.000000
vn 0.001122 -0.999999 0.000000
vn 0.001122 -0.999999 0.000000
vn 0.001122 -0.999999 0.000000
vn 0.001122 -0.999999 0.000000
vn 0.001122 -0.999999 0.000000
vn 0.001122 -0.999999 0.000000
vn 0.001122 -0.999999 0.000000
vn 0.001122 -0.999999 0.000000
vn 0.001122 -0.999999 0.000000
vn 0.001122 -0.999999 0.000000
vn 0.001122 -0.999999 0.000000
vn 0.001122 -0.999999 0.000000
vn 0.001122 -0.999999 0.000000
vn 0.001122 -0.999999 0.000000
vn 0.001122 -0.999999 0.000000
vn 0.001122 -0.999999 0.000000
vn 0.001122 -0.999999 0.000000
vn 0.001122 -0.999999 0.000000
vn 0.001122 -0.999999 0.000000
vn 0.001122 -0.999999 0.000000
vn 0.001122 -0.999999 0.000000
vn 0.001122 -0.999999 0.000000
vn 0.001122 -0.999999 0.000000
vn 0.001122 -0.999999 0.000000
vn 0.001122 -0.999999 0.000000
vn 0.001122 -0.999999 0.000000
vn 0.001122 -0.999999 0.000000
vn 0.001122 -0.999999 0.000000
vn 0.001122 -0.999999 0.000000
vn 0.001122 -0.999999 0.000000
vn 0.001122 -0.999999 0.000000
vn 0.001122 -0.999999 0.000000
vn 0.001122 -0.999999 0.000000
vn 0.001122 -0.999999 0.000000
vn 0.001122 -0.999999 0.000000
vn 0.001122 -0.999999 0.000000
vn 0.001122 -0.999999 0.000000
vn 0.001122 -0.999999 0.000000
vn 0.001122 -0.999999 0.000000
vn 0.001122 -0.999999 0.000000
vn 0.001122 -0.999999 0.000000
vn 0.001122 -0.999999 0.000000
vn 0.001122 -0.999999 0.000000
vn 0.001122 -0.999999 0.000000
vn 0.001122 -0.999999 0.000000
vn 0.001122 -0.999999 0.000000
vn 0.001122 -0.999999 0.000000
vn 0.001122 -0.999999 0.000000
vn 0.001122 -0.999999 0.000000
vn 0.001122 -0.999999 0.000000
vn 0.001122 -0.999999 0.000000
vn 0.001122 -0.999999 0.000000
vn 0.001122 -0.999999 0.000000
vn 0.001122 -0.999999 0.000000
vn 0.001122 -0.999999 0.000000
vn 0.001122 -0.999999 0.000000
vn 0.001122 -0.999999 0.000000
vn 0.001122 -0.999999 0.000000
vn 0.001122 -0.999999 0.000000
vn 0.001122 -0.999999 0.000000
vn 0.001122 -0.999999 0.000000
vn 0.001122 -0.999999 0.000000
vn 0.001122 -0.999999 0.000000
vn 0.001122 -0.999999 0.000000
vn 0.001122 -0.999999 0.000000
vn 0.001122 -0.999999 0.000000
vn 0.001122 -0.999999 0.000000
vn 0.001122 -0.999999 0.000000
vn 0.001122 -0.999999 0.000000
vn 0.001122 -0.999999 0.000000
vn 0.001122 -0.999999 0.000000
vn 0.001122 -0.999999 0.000000
vn 0.001122 -0.999999 0.000000
vn 0.001122 -0.999999 0.000000
vn 0.001122 -0.999999 0.000000
vn 0.001122 -0.999999 0.000000
vn 0.001122 -0.999999 0.000000
vn 0.001122 -0.999999 0.000000
vn 0.001122 -0.999999 0.000000
vn 0.001122 -0.999999 0.000000
vn 0.001122 -0.999999 0.000000
vn 0.001122 -0.999999 0.000000
vn 0.001122 -0.999999 0.000000
vn 0.001122 -0.999999 0.000000
vn 0.001122 -0.999999 0.000000
vn 0.001122 -0.999999 0.000000
vn 0.001122 -0.999999 0.000000
vn 0.001122 -0.999999 0.000000
vn 0.001122 -0.999999 0.000000
vn 0.001122 -0.999999 0.000000
vn 0.001122 -0.999999 0.000000
vn 0.001122 -0.999999 0.000000
vn 0.001122 -0.999999 0.000000
vn 0.001122 -0.999999 0.000000
vn 0.001122 -0.999999 0.000000
vn 0.001122 -0.999999 0.000000
vn 0.001122 -0.999999 0.000000
vn 0.001122 -0.999999 0.000000
vn 0.001122 -0.999999 0.000000
vn 0.001122 -0.999999 0.000000
vn 0.001122 -0.999999 0.000000
vn 0.001122 -0.999999 0.000000
vn 0.001122 -0.999999 0.000000
vn 0.001122 -0.999999 0.000000
vn 0.001122 -0.999999 0.000000
vn 0.001122 -0.999999 0.000000
vn 0.001122 -0.999999 0.000000
vn 0.001122 -0.999999 0.000000
vn 0.001122 -0.999999 0.000000
vn 0.001122 -0.999999 0.000000
vn 0.001122 -0.999999 0.000000
vn 0.001122 -0.999999 0.000000
s 1
g pPlane22 pPlane17
f 1848/1940/2056 1849/1941/2057 1860/1952/2058 1859/1951/2059
f 1849/1941/2057 1850/1942/2060 1861/1953/2061 1860/1952/2058
f 1850/1942/2060 1851/1943/2062 1862/1954/2063 1861/1953/2061
f 1851/1943/2062 1852/1944/2064 1863/1955/2065 1862/1954/2063
f 1852/1944/2064 1853/1945/2066 1864/1956/2067 1863/1955/2065
f 1853/1945/2066 1854/1946/2068 1865/1957/2069 1864/1956/2067
f 1854/1946/2068 1855/1947/2070 1866/1958/2071 1865/1957/2069
f 1855/1947/2070 1856/1948/2072 1867/1959/2073 1866/1958/2071
f 1856/1948/2072 1857/1949/2074 1868/1960/2075 1867/1959/2073
f 1857/1949/2074 1858/1950/2076 1869/1961/2077 1868/1960/2075
f 1859/1951/2059 1860/1952/2058 1871/1963/2078 1870/1962/2079
f 1860/1952/2058 1861/1953/2061 1872/1964/2080 1871/1963/2078
f 1861/1953/2061 1862/1954/2063 1873/1965/2081 1872/1964/2080
f 1862/1954/2063 1863/1955/2065 1874/1966/2082 1873/1965/2081
f 1863/1955/2065 1864/1956/2067 1875/1967/2083 1874/1966/2082
f 1864/1956/2067 1865/1957/2069 1876/1968/2084 1875/1967/2083
f 1865/1957/2069 1866/1958/2071 1877/1969/2085 1876/1968/2084
f 1866/1958/2071 1867/1959/2073 1878/1970/2086 1877/1969/2085
f 1867/1959/2073 1868/1960/2075 1879/1971/2087 1878/1970/2086
f 1868/1960/2075 1869/1961/2077 1880/1972/2088 1879/1971/2087
f 1870/1962/2079 1871/1963/2078 1882/1974/2089 1881/1973/2090
f 1871/1963/2078 1872/1964/2080 1883/1975/2091 1882/1974/2089
f 1872/1964/2080 1873/1965/2081 1884/1976/2092 1883/1975/2091
f 1873/1965/2081 1874/1966/2082 1885/1977/2093 1884/1976/2092
f 1874/1966/2082 1875/1967/2083 1886/1978/2094 1885/1977/2093
f 1875/1967/2083 1876/1968/2084 1887/1979/2095 1886/1978/2094
f 1876/1968/2084 1877/1969/2085 1888/1980/2096 1887/1979/2095
f 1877/1969/2085 1878/1970/2086 1889/1981/2097 1888/1980/2096
f 1878/1970/2086 1879/1971/2087 1890/1982/2098 1889/1981/2097
f 1879/1971/2087 1880/1972/2088 1891/1983/2099 1890/1982/2098
f 1881/1973/2090 1882/1974/2089 1893/1985/2100 1892/1984/2101
f 1882/1974/2089 1883/1975/2091 1894/1986/2102 1893/1985/2100
f 1883/1975/2091 1884/1976/2092 1895/1987/2103 1894/1986/2102
f 1884/1976/2092 1885/1977/2093 1896/1988/2104 1895/1987/2103
f 1885/1977/2093 1886/1978/2094 1897/1989/2105 1896/1988/2104
f 1886/1978/2094 1887/1979/2095 1898/1990/2106 1897/1989/2105
f 1887/1979/2095 1888/1980/2096 1899/1991/2107 1898/1990/2106
f 1888/1980/2096 1889/1981/2097 1900/1992/2108 1899/1991/2107
f 1889/1981/2097 1890/1982/2098 1901/1993/2109 1900/1992/2108
f 1890/1982/2098 1891/1983/2099 1902/1994/2110 1901/1993/2109
f 1892/1984/2101 1893/1985/2100 1904/1996/2111 1903/1995/2112
f 1893/1985/2100 1894/1986/2102 1905/1997/2113 1904/1996/2111
f 1894/1986/2102 1895/1987/2103 1906/1998/2114 1905/1997/2113
f 1895/1987/2103 1896/1988/2104 1907/1999/2115 1906/1998/2114
f 1896/1988/2104 1897/1989/2105 1908/2000/2116 1907/1999/2115
f 1897/1989/2105 1898/1990/2106 1909/2001/2117 1908/2000/2116
f 1898/1990/2106 1899/1991/2107 1910/2002/2118 1909/2001/2117
f 1899/1991/2107 1900/1992/2108 1911/2003/2119 1910/2002/2118
f 1900/1992/2108 1901/1993/2109 1912/2004/2120 1911/2003/2119
f 1901/1993/2109 1902/1994/2110 1913/2005/2121 1912/2004/2120
f 1903/1995/2112 1904/1996/2111 1915/2007/2122 1914/2006/2123
f 1904/1996/2111 1905/1997/2113 1916/2008/2124 1915/2007/2122
f 1905/1997/2113 1906/1998/2114 1917/2009/2125 1916/2008/2124
f 1906/1998/2114 1907/1999/2115 1918/2010/2126 1917/2009/2125
f 1907/1999/2115 1908/2000/2116 1919/2011/2127 1918/2010/2126
f 1908/2000/2116 1909/2001/2117 1920/2012/2128 1919/2011/2127
f 1909/2001/2117 1910/2002/2118 1921/2013/2129 1920/2012/2128
f 1910/2002/2118 1911/2003/2119 1922/2014/2130 1921/2013/2129
f 1911/2003/2119 1912/2004/2120 1923/2015/2131 1922/2014/2130
f 1912/2004/2120 1913/2005/2121 1924/2016/2132 1923/2015/2131
f 1914/2006/2123 1915/2007/2122 1926/2018/2133 1925/2017/2134
f 1915/2007/2122 1916/2008/2124 1927/2019/2135 1926/2018/2133
f 1916/2008/2124 1917/2009/2125 1928/2020/2136 1927/2019/2135
f 1917/2009/2125 1918/2010/2126 1929/2021/2137 1928/2020/2136
f 1918/2010/2126 1919/2011/2127 1930/2022/2138 1929/2021/2137
f 1919/2011/2127 1920/2012/2128 1931/2023/2139 1930/2022/2138
f 1920/2012/2128 1921/2013/2129 1932/2024/2140 1931/2023/2139
f 1921/2013/2129 1922/2014/2130 1933/2025/2141 1932/2024/2140
f 1922/2014/2130 1923/2015/2131 1934/2026/2142 1933/2025/2141
f 1923/2015/2131 1924/2016/2132 1935/2027/2143 1934/2026/2142
f 1925/2017/2134 1926/2018/2133 1937/2029/2144 1936/2028/2145
f 1926/2018/2133 1927/2019/2135 1938/2030/2146 1937/2029/2144
f 1927/2019/2135 1928/2020/2136 1939/2031/2147 1938/2030/2146
f 1928/2020/2136 1929/2021/2137 1940/2032/2148 1939/2031/2147
f 1929/2021/2137 1930/2022/2138 1941/2033/2149 1940/2032/2148
f 1930/2022/2138 1931/2023/2139 1942/2034/2150 1941/2033/2149
f 1931/2023/2139 1932/2024/2140 1943/2035/2151 1942/2034/2150
f 1932/2024/2140 1933/2025/2141 1944/2036/2152 1943/2035/2151
f 1933/2025/2141 1934/2026/2142 1945/2037/2153 1944/2036/2152
f 1934/2026/2142 1935/2027/2143 1946/2038/2154 1945/2037/2153
f 1936/2028/2145 1937/2029/2144 1948/2040/2155 1947/2039/2156
f 1937/2029/2144 1938/2030/2146 1949/2041/2157 1948/2040/2155
f 1938/2030/2146 1939/2031/2147 1950/2042/2158 1949/2041/2157
f 1939/2031/2147 1940/2032/2148 1951/2043/2159 1950/2042/2158
f 1940/2032/2148 1941/2033/2149 1952/2044/2160 1951/2043/2159
f 1941/2033/2149 1942/2034/2150 1953/2045/2161 1952/2044/2160
f 1942/2034/2150 1943/2035/2151 1954/2046/2162 1953/2045/2161
f 1943/2035/2151 1944/2036/2152 1955/2047/2163 1954/2046/2162
f 1944/2036/2152 1945/2037/2153 1956/2048/2164 1955/2047/2163
f 1945/2037/2153 1946/2038/2154 1957/2049/2165 1956/2048/2164
f 1947/2039/2156 1948/2040/2155 1959/2051/2166 1958/2050/2167
f 1948/2040/2155 1949/2041/2157 1960/2052/2168 1959/2051/2166
f 1949/2041/2157 1950/2042/2158 1961/2053/2169 1960/2052/2168
f 1950/2042/2158 1951/2043/2159 1962/2054/2170 1961/2053/2169
f 1951/2043/2159 1952/2044/2160 1963/2055/2171 1962/2054/2170
f 1952/2044/2160 1953/2045/2161 1964/2056/2172 1963/2055/2171
f 1953/2045/2161 1954/2046/2162 1965/2057/2173 1964/2056/2172
f 1954/2046/2162 1955/2047/2163 1966/2058/2174 1965/2057/2173
f 1955/2047/2163 1956/2048/2164 1967/2059/2175 1966/2058/2174
f 1956/2048/2164 1957/2049/2165 1968/2060/2176 1967/2059/2175
g default
v 6.803001 0.868272 2.267933
v 6.255371 0.868272 2.269705
v 5.707741 0.868272 2.271476
v 5.160111 0.868272 2.273247
v 4.612481 0.868272 2.275018
v 4.064851 0.868272 2.276790
v 3.517221 0.868272 2.278561
v 2.969591 0.868272 2.280332
v 2.421961 0.868272 2.282103
v 1.874331 0.868272 2.283875
v 1.326701 0.868272 2.285646
v 6.802374 0.868270 1.722200
v 6.254744 0.868270 1.723971
v 5.707114 0.868270 1.725742
v 5.159484 0.868270 1.727513
v 4.611854 0.868270 1.729285
v 4.064224 0.868270 1.731056
v 3.516594 0.868270 1.732827
v 2.968964 0.868270 1.734598
v 2.421334 0.868270 1.736370
v 1.873704 0.868270 1.738141
v 1.326074 0.868270 1.739912
v 6.801748 0.868269 1.176466
v 6.254118 0.868269 1.178237
v 5.706488 0.868269 1.180008
v 5.158858 0.868269 1.181779
v 4.611228 0.868269 1.183551
v 4.063598 0.868269 1.185322
v 3.515968 0.868269 1.187093
v 2.968338 0.868269 1.188864
v 2.420708 0.868269 1.190635
v 1.873078 0.868269 1.192407
v 1.325448 0.868269 1.194178
v 6.801121 0.868267 0.630731
v 6.253491 0.868267 0.632503
v 5.705861 0.868267 0.634274
v 5.158231 0.868267 0.636045
v 4.610601 0.868267 0.637816
v 4.062971 0.868267 0.639588
v 3.515341 0.868267 0.641359
v 2.967711 0.868267 0.643130
v 2.420081 0.868267 0.644901
v 1.872451 0.868267 0.646672
v 1.324822 0.868267 0.648444
v 6.800495 0.868266 0.084997
v 6.252865 0.868266 0.086769
v 5.705235 0.868266 0.088540
v 5.157605 0.868266 0.090311
v 4.609975 0.868266 0.092082
v 4.062345 0.868266 0.093853
v 3.514715 0.868266 0.095625
v 2.967085 0.868266 0.097396
v 2.419455 0.868266 0.099167
v 1.871825 0.868266 0.100938
v 1.324195 0.868266 0.102710
v 6.799868 0.868264 -0.460737
v 6.252238 0.868264 -0.458966
v 5.704609 0.868264 -0.457194
v 5.156978 0.868264 -0.455423
v 4.609348 0.868264 -0.453652
v 4.061719 0.868264 -0.451881
v 3.514089 0.868264 -0.450109
v 2.966459 0.868264 -0.448338
v 2.418830 0.868264 -0.446567
v 1.871198 0.868264 -0.444796
v 1.323569 0.868264 -0.443024
v 6.799242 0.868263 -1.006471
v 6.251612 0.868263 -1.004700
v 5.703982 0.868263 -1.002929
v 5.156352 0.868263 -1.001157
v 4.608722 0.868263 -0.999386
v 4.061092 0.868263 -0.997615
v 3.513462 0.868263 -0.995844
v 2.965833 0.868263 -0.994072
v 2.418202 0.868263 -0.992301
v 1.870572 0.868263 -0.990530
v 1.322942 0.868263 -0.988759
v 6.798616 0.868261 -1.552205
v 6.250986 0.868261 -1.550434
v 5.703355 0.868261 -1.548662
v 5.155726 0.868261 -1.546891
v 4.608096 0.868261 -1.545120
v 4.060466 0.868261 -1.543349
v 3.512835 0.868261 -1.541577
v 2.965206 0.868261 -1.539806
v 2.417575 0.868261 -1.538035
v 1.869945 0.868261 -1.536264
v 1.322315 0.868261 -1.534493
v 6.797989 0.868260 -2.097939
v 6.250359 0.868260 -2.096168
v 5.702729 0.868260 -2.094397
v 5.155099 0.868260 -2.092625
v 4.607469 0.868260 -2.090854
v 4.059839 0.868260 -2.089083
v 3.512209 0.868260 -2.087312
v 2.964579 0.868260 -2.085540
v 2.416949 0.868260 -2.083769
v 1.869319 0.868260 -2.081998
v 1.321689 0.868260 -2.080227
v 6.797362 0.868258 -2.643673
v 6.249733 0.868258 -2.641902
v 5.702103 0.868258 -2.640131
v 5.154473 0.868258 -2.638360
v 4.606842 0.868258 -2.636588
v 4.059213 0.868258 -2.634817
v 3.511583 0.868258 -2.633046
v 2.963953 0.868258 -2.631275
v 2.416322 0.868258 -2.629503
v 1.868693 0.868258 -2.627732
v 1.321063 0.868258 -2.625961
v 6.796736 0.868257 -3.189407
v 6.249106 0.868257 -3.187636
v 5.701476 0.868257 -3.185865
v 5.153846 0.868257 -3.184093
v 4.606216 0.868257 -3.182322
v 4.058586 0.868257 -3.180551
v 3.510956 0.868257 -3.178780
v 2.963327 0.868257 -3.177008
v 2.415696 0.868257 -3.175237
v 1.868066 0.868257 -3.173466
v 1.320436 0.868257 -3.171695
vt 1.006937 0.992966
vt 0.906946 0.994363
vt 0.905549 0.894373
vt 1.005540 0.892976
vt 0.806956 0.995760
vt 0.805559 0.895770
vt 0.706966 0.997157
vt 0.705569 0.897167
vt 0.606976 0.998554
vt 0.605579 0.898564
vt 0.506985 0.999951
vt 0.505588 0.899961
vt 0.406995 1.001348
vt 0.405598 0.901358
vt 0.307005 1.002745
vt 0.305608 0.902755
vt 0.207015 1.004143
vt 0.205618 0.904152
vt 0.107024 1.005540
vt 0.105627 0.905549
vt 0.007034 1.006937
vt 0.005637 0.906946
vt 0.904152 0.794382
vt 1.004143 0.792985
vt 0.804162 0.795779
vt 0.704172 0.797177
vt 0.604181 0.798574
vt 0.504191 0.799971
vt 0.404201 0.801368
vt 0.304211 0.802765
vt 0.204220 0.804162
vt 0.104230 0.805559
vt 0.004240 0.806956
vt 0.902755 0.694392
vt 1.002745 0.692995
vt 0.802765 0.695789
vt 0.702775 0.697186
vt 0.602784 0.698583
vt 0.502794 0.699980
vt 0.402804 0.701378
vt 0.302814 0.702775
vt 0.202823 0.704172
vt 0.102833 0.705569
vt 0.002843 0.706966
vt 0.901358 0.594402
vt 1.001348 0.593005
vt 0.801368 0.595799
vt 0.701378 0.597196
vt 0.601387 0.598593
vt 0.501397 0.599990
vt 0.401407 0.601387
vt 0.301417 0.602784
vt 0.201426 0.604181
vt 0.101436 0.605579
vt 0.001446 0.606976
vt 0.899961 0.494412
vt 0.999951 0.493015
vt 0.799971 0.495809
vt 0.699980 0.497206
vt 0.599990 0.498603
vt 0.500000 0.500000
vt 0.400010 0.501397
vt 0.300020 0.502794
vt 0.200029 0.504191
vt 0.100039 0.505588
vt 0.000049 0.506985
vt 0.898564 0.394421
vt 0.998554 0.393024
vt 0.798574 0.395819
vt 0.698583 0.397216
vt 0.598593 0.398613
vt 0.498603 0.400010
vt 0.398613 0.401407
vt 0.298622 0.402804
vt 0.198632 0.404201
vt 0.098642 0.405598
vt -0.001348 0.406995
vt 0.897167 0.294431
vt 0.997157 0.293034
vt 0.797177 0.295828
vt 0.697186 0.297225
vt 0.597196 0.298622
vt 0.497206 0.300020
vt 0.397216 0.301417
vt 0.297225 0.302814
vt 0.197235 0.304211
vt 0.097245 0.305608
vt -0.002745 0.307005
vt 0.895770 0.194441
vt 0.995760 0.193044
vt 0.795779 0.195838
vt 0.695789 0.197235
vt 0.595799 0.198632
vt 0.495809 0.200029
vt 0.395819 0.201426
vt 0.295828 0.202823
vt 0.195838 0.204220
vt 0.095848 0.205618
vt -0.004143 0.207015
vt 0.894373 0.094451
vt 0.994363 0.093054
vt 0.794382 0.095848
vt 0.694392 0.097245
vt 0.594402 0.098642
vt 0.494412 0.100039
vt 0.394421 0.101436
vt 0.294431 0.102833
vt 0.194441 0.104230
vt 0.094451 0.105627
vt -0.005540 0.107024
vt 0.892976 -0.005540
vt 0.992966 -0.006937
vt 0.792985 -0.004143
vt 0.692995 -0.002745
vt 0.593005 -0.001348
vt 0.493015 0.000049
vt 0.393024 0.001446
vt 0.293034 0.002843
vt 0.193044 0.004240
vt 0.093054 0.005637
vt -0.006937 0.007034
vn -0.000000 1.000000 -0.000003
vn 0.000000 1.000000 -0.000003
vn 0.000000 1.000000 -0.000003
vn 0.000000 1.000000 -0.000003
vn 0.000000 1.000000 -0.000003
vn 0.000000 1.000000 -0.000003
vn 0.000000 1.000000 -0.000003
vn 0.000000 1.000000 -0.000003
vn -0.000000 1.000000 -0.000003
vn -0.000000 1.000000 -0.000003
vn -0.000000 1.000000 -0.000003
vn -0.000000 1.000000 -0.000003
vn 0.000000 1.000000 -0.000003
vn 0.000000 1.000000 -0.000003
vn 0.000000 1.000000 -0.000003
vn -0.000000 1.000000 -0.000003
vn -0.000000 1.000000 -0.000003
vn -0.000000 1.000000 -0.000003
vn -0.000000 1.000000 -0.000003
vn -0.000000 1.000000 -0.000003
vn -0.000000 1.000000 -0.000003
vn -0.000000 1.000000 -0.000003
vn 0.000000 1.000000 -0.000003
vn 0.000000 1.000000 -0.000003
vn 0.000000 1.000000 -0.000003
vn -0.000000 1.000000 -0.000003
vn -0.000000 1.000000 -0.000003
vn 0.000000 1.000000 -0.000003
vn 0.000000 1.000000 -0.000003
vn 0.000000 1.000000 -0.000003
vn -0.000000 1.000000 -0.000003
vn -0.000000 1.000000 -0.000003
vn -0.000000 1.000000 -0.000003
vn 0.000000 1.000000 -0.000003
vn 0.000000 1.000000 -0.000003
vn -0.000000 1.000000 -0.000003
vn -0.000000 1.000000 -0.000003
vn 0.000000 1.000000 -0.000003
vn 0.000000 1.000000 -0.000003
vn 0.000000 1.000000 -0.000003
vn -0.000000 1.000000 -0.000003
vn -0.000000 1.000000 -0.000003
vn -0.000000 1.000000 -0.000003
vn 0.000000 1.000000 -0.000003
vn 0.000000 1.000000 -0.000003
vn 0.000000 1.000000 -0.000003
vn -0.000000 1.000000 -0.000003
vn -0.000000 1.000000 -0.000003
vn 0.000000 1.000000 -0.000003
vn 0.000000 1.000000 -0.000003
vn -0.000000 1.000000 -0.000003
vn -0.000000 1.000000 -0.000003
vn -0.000000 1.000000 -0.000003
vn 0.000000 1.000000 -0.000003
vn -0.000000 1.000000 -0.000003
vn -0.000000 1.000000 -0.000003
vn -0.000000 1.000000 -0.000003
vn -0.000000 1.000000 -0.000003
vn 0.000000 1.000000 -0.000003
vn 0.000000 1.000000 -0.000003
vn 0.000000 1.000000 -0.000003
vn -0.000000 1.000000 -0.000003
vn -0.000000 1.000000 -0.000003
vn 0.000000 1.000000 -0.000003
vn 0.000000 1.000000 -0.000003
vn -0.000000 1.000000 -0.000003
vn -0.000000 1.000000 -0.000003
vn -0.000000 1.000000 -0.000003
vn 0.000000 1.000000 -0.000003
vn 0.000000 1.000000 -0.000003
vn 0.000000 1.000000 -0.000003
vn -0.000000 1.000000 -0.000003
vn -0.000000 1.000000 -0.000003
vn -0.000000 1.000000 -0.000003
vn 0.000000 1.000000 -0.000003
vn 0.000000 1.000000 -0.000003
vn -0.000000 1.000000 -0.000003
vn -0.000000 1.000000 -0.000003
vn -0.000000 1.000000 -0.000003
vn 0.000000 1.000000 -0.000003
vn 0.000000 1.000000 -0.000003
vn 0.000000 1.000000 -0.000003
vn -0.000000 1.000000 -0.000003
vn -0.000000 1.000000 -0.000003
vn 0.000000 1.000000 -0.000003
vn 0.000000 1.000000 -0.000003
vn -0.000000 1.000000 -0.000003
vn -0.000000 1.000000 -0.000003
vn -0.000000 1.000000 -0.000003
vn 0.000000 1.000000 -0.000003
vn 0.000000 1.000000 -0.000003
vn 0.000000 1.000000 -0.000003
vn -0.000000 1.000000 -0.000003
vn -0.000000 1.000000 -0.000003
vn 0.000000 1.000000 -0.000003
vn 0.000000 1.000000 -0.000003
vn 0.000000 1.000000 -0.000003
vn -0.000000 1.000000 -0.000003
vn -0.000000 1.000000 -0.000003
vn -0.000000 1.000000 -0.000003
vn 0.000000 1.000000 -0.000003
vn 0.000000 1.000000 -0.000003
vn 0.000000 1.000000 -0.000003
vn -0.000000 1.000000 -0.000003
vn -0.000000 1.000000 -0.000003
vn 0.000000 1.000000 -0.000003
vn 0.000000 1.000000 -0.000003
vn 0.000000 1.000000 -0.000003
vn -0.000000 1.000000 -0.000003
vn -0.000000 1.000000 -0.000003
vn -0.000000 1.000000 -0.000003
vn -0.000000 1.000000 -0.000003
vn -0.000000 1.000000 -0.000003
vn -0.000000 1.000000 -0.000003
vn -0.000000 1.000000 -0.000003
vn -0.000000 1.000000 -0.000003
vn -0.000000 1.000000 -0.000003
vn 0.000000 1.000000 -0.000003
vn 0.000000 1.000000 -0.000003
vn -0.000000 1.000000 -0.000003
vn -0.000000 1.000000 -0.000003
s 1
g pPlane9 pPlane13
usemtl lambert11SG
f 1969/2061/2177 1980/2064/2178 1981/2063/2179 1970/2062/2180
f 1970/2062/2180 1981/2063/2179 1982/2066/2181 1971/2065/2182
f 1971/2065/2182 1982/2066/2181 1983/2068/2183 1972/2067/2184
f 1972/2067/2184 1983/2068/2183 1984/2070/2185 1973/2069/2186
f 1973/2069/2186 1984/2070/2185 1985/2072/2187 1974/2071/2188
f 1974/2071/2188 1985/2072/2187 1986/2074/2189 1975/2073/2190
f 1975/2073/2190 1986/2074/2189 1987/2076/2191 1976/2075/2192
f 1976/2075/2192 1987/2076/2191 1988/2078/2193 1977/2077/2194
f 1977/2077/2194 1988/2078/2193 1989/2080/2195 1978/2079/2196
f 1978/2079/2196 1989/2080/2195 1990/2082/2197 1979/2081/2198
f 1980/2064/2178 1991/2084/2199 1992/2083/2200 1981/2063/2179
f 1981/2063/2179 1992/2083/2200 1993/2085/2201 1982/2066/2181
f 1982/2066/2181 1993/2085/2201 1994/2086/2202 1983/2068/2183
f 1983/2068/2183 1994/2086/2202 1995/2087/2203 1984/2070/2185
f 1984/2070/2185 1995/2087/2203 1996/2088/2204 1985/2072/2187
f 1985/2072/2187 1996/2088/2204 1997/2089/2205 1986/2074/2189
f 1986/2074/2189 1997/2089/2205 1998/2090/2206 1987/2076/2191
f 1987/2076/2191 1998/2090/2206 1999/2091/2207 1988/2078/2193
f 1988/2078/2193 1999/2091/2207 2000/2092/2208 1989/2080/2195
f 1989/2080/2195 2000/2092/2208 2001/2093/2209 1990/2082/2197
f 1991/2084/2199 2002/2095/2210 2003/2094/2211 1992/2083/2200
f 1992/2083/2200 2003/2094/2211 2004/2096/2212 1993/2085/2201
f 1993/2085/2201 2004/2096/2212 2005/2097/2213 1994/2086/2202
f 1994/2086/2202 2005/2097/2213 2006/2098/2214 1995/2087/2203
f 1995/2087/2203 2006/2098/2214 2007/2099/2215 1996/2088/2204
f 1996/2088/2204 2007/2099/2215 2008/2100/2216 1997/2089/2205
f 1997/2089/2205 2008/2100/2216 2009/2101/2217 1998/2090/2206
f 1998/2090/2206 2009/2101/2217 2010/2102/2218 1999/2091/2207
f 1999/2091/2207 2010/2102/2218 2011/2103/2219 2000/2092/2208
f 2000/2092/2208 2011/2103/2219 2012/2104/2220 2001/2093/2209
f 2002/2095/2210 2013/2106/2221 2014/2105/2222 2003/2094/2211
f 2003/2094/2211 2014/2105/2222 2015/2107/2223 2004/2096/2212
f 2004/2096/2212 2015/2107/2223 2016/2108/2224 2005/2097/2213
f 2005/2097/2213 2016/2108/2224 2017/2109/2225 2006/2098/2214
f 2006/2098/2214 2017/2109/2225 2018/2110/2226 2007/2099/2215
f 2007/2099/2215 2018/2110/2226 2019/2111/2227 2008/2100/2216
f 2008/2100/2216 2019/2111/2227 2020/2112/2228 2009/2101/2217
f 2009/2101/2217 2020/2112/2228 2021/2113/2229 2010/2102/2218
f 2010/2102/2218 2021/2113/2229 2022/2114/2230 2011/2103/2219
f 2011/2103/2219 2022/2114/2230 2023/2115/2231 2012/2104/2220
f 2013/2106/2221 2024/2117/2232 2025/2116/2233 2014/2105/2222
f 2014/2105/2222 2025/2116/2233 2026/2118/2234 2015/2107/2223
f 2015/2107/2223 2026/2118/2234 2027/2119/2235 2016/2108/2224
f 2016/2108/2224 2027/2119/2235 2028/2120/2236 2017/2109/2225
f 2017/2109/2225 2028/2120/2236 2029/2121/2237 2018/2110/2226
f 2018/2110/2226 2029/2121/2237 2030/2122/2238 2019/2111/2227
f 2019/2111/2227 2030/2122/2238 2031/2123/2239 2020/2112/2228
f 2020/2112/2228 2031/2123/2239 2032/2124/2240 2021/2113/2229
f 2021/2113/2229 2032/2124/2240 2033/2125/2241 2022/2114/2230
f 2022/2114/2230 2033/2125/2241 2034/2126/2242 2023/2115/2231
f 2024/2117/2232 2035/2128/2243 2036/2127/2244 2025/2116/2233
f 2025/2116/2233 2036/2127/2244 2037/2129/2245 2026/2118/2234
f 2026/2118/2234 2037/2129/2245 2038/2130/2246 2027/2119/2235
f 2027/2119/2235 2038/2130/2246 2039/2131/2247 2028/2120/2236
f 2028/2120/2236 2039/2131/2247 2040/2132/2248 2029/2121/2237
f 2029/2121/2237 2040/2132/2248 2041/2133/2249 2030/2122/2238
f 2030/2122/2238 2041/2133/2249 2042/2134/2250 2031/2123/2239
f 2031/2123/2239 2042/2134/2250 2043/2135/2251 2032/2124/2240
f 2032/2124/2240 2043/2135/2251 2044/2136/2252 2033/2125/2241
f 2033/2125/2241 2044/2136/2252 2045/2137/2253 2034/2126/2242
f 2035/2128/2243 2046/2139/2254 2047/2138/2255 2036/2127/2244
f 2036/2127/2244 2047/2138/2255 2048/2140/2256 2037/2129/2245
f 2037/2129/2245 2048/2140/2256 2049/2141/2257 2038/2130/2246
f 2038/2130/2246 2049/2141/2257 2050/2142/2258 2039/2131/2247
f 2039/2131/2247 2050/2142/2258 2051/2143/2259 2040/2132/2248
f 2040/2132/2248 2051/2143/2259 2052/2144/2260 2041/2133/2249
f 2041/2133/2249 2052/2144/2260 2053/2145/2261 2042/2134/2250
f 2042/2134/2250 2053/2145/2261 2054/2146/2262 2043/2135/2251
f 2043/2135/2251 2054/2146/2262 2055/2147/2263 2044/2136/2252
f 2044/2136/2252 2055/2147/2263 2056/2148/2264 2045/2137/2253
f 2046/2139/2254 2057/2150/2265 2058/2149/2266 2047/2138/2255
f 2047/2138/2255 2058/2149/2266 2059/2151/2267 2048/2140/2256
f 2048/2140/2256 2059/2151/2267 2060/2152/2268 2049/2141/2257
f 2049/2141/2257 2060/2152/2268 2061/2153/2269 2050/2142/2258
f 2050/2142/2258 2061/2153/2269 2062/2154/2270 2051/2143/2259
f 2051/2143/2259 2062/2154/2270 2063/2155/2271 2052/2144/2260
f 2052/2144/2260 2063/2155/2271 2064/2156/2272 2053/2145/2261
f 2053/2145/2261 2064/2156/2272 2065/2157/2273 2054/2146/2262
f 2054/2146/2262 2065/2157/2273 2066/2158/2274 2055/2147/2263
f 2055/2147/2263 2066/2158/2274 2067/2159/2275 2056/2148/2264
f 2057/2150/2265 2068/2161/2276 2069/2160/2277 2058/2149/2266
f 2058/2149/2266 2069/2160/2277 2070/2162/2278 2059/2151/2267
f 2059/2151/2267 2070/2162/2278 2071/2163/2279 2060/2152/2268
f 2060/2152/2268 2071/2163/2279 2072/2164/2280 2061/2153/2269
f 2061/2153/2269 2072/2164/2280 2073/2165/2281 2062/2154/2270
f 2062/2154/2270 2073/2165/2281 2074/2166/2282 2063/2155/2271
f 2063/2155/2271 2074/2166/2282 2075/2167/2283 2064/2156/2272
f 2064/2156/2272 2075/2167/2283 2076/2168/2284 2065/2157/2273
f 2065/2157/2273 2076/2168/2284 2077/2169/2285 2066/2158/2274
f 2066/2158/2274 2077/2169/2285 2078/2170/2286 2067/2159/2275
f 2068/2161/2276 2079/2172/2287 2080/2171/2288 2069/2160/2277
f 2069/2160/2277 2080/2171/2288 2081/2173/2289 2070/2162/2278
f 2070/2162/2278 2081/2173/2289 2082/2174/2290 2071/2163/2279
f 2071/2163/2279 2082/2174/2290 2083/2175/2291 2072/2164/2280
f 2072/2164/2280 2083/2175/2291 2084/2176/2292 2073/2165/2281
f 2073/2165/2281 2084/2176/2292 2085/2177/2293 2074/2166/2282
f 2074/2166/2282 2085/2177/2293 2086/2178/2294 2075/2167/2283
f 2075/2167/2283 2086/2178/2294 2087/2179/2295 2076/2168/2284
f 2076/2168/2284 2087/2179/2295 2088/2180/2296 2077/2169/2285
f 2077/2169/2285 2088/2180/2296 2089/2181/2297 2078/2170/2286
g default
v 0.766681 0.670171 4.216920
v 0.766681 0.670171 3.329713
v 0.766681 0.670171 2.442507
v 0.766681 0.670171 1.555300
v 0.766681 0.670171 0.668093
v 0.766681 0.670171 -0.219114
v 0.766681 0.670171 -1.106321
v 0.766681 0.670171 -1.993527
v 0.766681 0.670171 -2.880734
v 0.766681 0.670171 -3.767941
v 0.766681 0.670171 -4.655148
v 1.478569 0.670970 4.216907
v 1.478569 0.670970 3.329701
v 1.478569 0.670970 2.442494
v 1.478569 0.670970 1.555287
v 1.478569 0.670970 0.668080
v 1.478569 0.670970 -0.219127
v 1.478569 0.670970 -1.106334
v 1.478569 0.670970 -1.993540
v 1.478569 0.670970 -2.880747
v 1.478569 0.670970 -3.767954
v 1.478569 0.670970 -4.655160
v 2.190458 0.671769 4.216895
v 2.190458 0.671769 3.329688
v 2.190458 0.671769 2.442481
v 2.190458 0.671769 1.555274
v 2.190458 0.671769 0.668068
v 2.190458 0.671769 -0.219139
v 2.190458 0.671769 -1.106346
v 2.190458 0.671769 -1.993553
v 2.190458 0.671769 -2.880760
v 2.190458 0.671769 -3.767967
v 2.190458 0.671769 -4.655173
v 2.902347 0.672568 4.216882
v 2.902347 0.672568 3.329675
v 2.902347 0.672568 2.442469
v 2.902347 0.672568 1.555262
v 2.902347 0.672568 0.668055
v 2.902347 0.672568 -0.219152
v 2.902347 0.672568 -1.106359
v 2.902347 0.672568 -1.993565
v 2.902347 0.672568 -2.880772
v 2.902347 0.672568 -3.767979
v 2.902347 0.672568 -4.655186
v 3.614235 0.673367 4.216870
v 3.614235 0.673367 3.329663
v 3.614235 0.673367 2.442456
v 3.614235 0.673367 1.555249
v 3.614235 0.673367 0.668042
v 3.614235 0.673367 -0.219164
v 3.614235 0.673367 -1.106371
v 3.614235 0.673367 -1.993578
v 3.614235 0.673367 -2.880785
v 3.614235 0.673367 -3.767992
v 3.614235 0.673367 -4.655198
v 4.326124 0.674166 4.216857
v 4.326124 0.674166 3.329650
v 4.326124 0.674166 2.442443
v 4.326124 0.674166 1.555236
v 4.326124 0.674166 0.668030
v 4.326124 0.674166 -0.219177
v 4.326124 0.674166 -1.106384
v 4.326124 0.674166 -1.993590
v 4.326124 0.674166 -2.880797
v 4.326124 0.674166 -3.768004
v 4.326124 0.674166 -4.655211
v 5.038013 0.674966 4.216844
v 5.038013 0.674966 3.329638
v 5.038013 0.674966 2.442431
v 5.038013 0.674966 1.555224
v 5.038013 0.674966 0.668017
v 5.038013 0.674966 -0.219190
v 5.038013 0.674966 -1.106397
v 5.038013 0.674966 -1.993603
v 5.038013 0.674966 -2.880810
v 5.038013 0.674966 -3.768017
v 5.038013 0.674966 -4.655224
v 5.749901 0.675765 4.216832
v 5.749901 0.675765 3.329625
v 5.749901 0.675765 2.442418
v 5.749901 0.675765 1.555211
v 5.749901 0.675765 0.668004
v 5.749901 0.675765 -0.219202
v 5.749901 0.675765 -1.106409
v 5.749901 0.675765 -1.993616
v 5.749901 0.675765 -2.880823
v 5.749901 0.675765 -3.768030
v 5.749901 0.675765 -4.655236
v 6.461790 0.676564 4.216819
v 6.461790 0.676564 3.329612
v 6.461790 0.676564 2.442406
v 6.461790 0.676564 1.555199
v 6.461790 0.676564 0.667992
v 6.461790 0.676564 -0.219215
v 6.461790 0.676564 -1.106422
v 6.461790 0.676564 -1.993628
v 6.461790 0.676564 -2.880835
v 6.461790 0.676564 -3.768042
v 6.461790 0.676564 -4.655249
v 7.173679 0.677363 4.216806
v 7.173679 0.677363 3.329600
v 7.173679 0.677363 2.442393
v 7.173679 0.677363 1.555186
v 7.173679 0.677363 0.667979
v 7.173679 0.677363 -0.219228
v 7.173679 0.677363 -1.106435
v 7.173679 0.677363 -1.993641
v 7.173679 0.677363 -2.880848
v 7.173679 0.677363 -3.768055
v 7.173679 0.677363 -4.655261
v 7.885567 0.678162 4.216794
v 7.885567 0.678162 3.329587
v 7.885567 0.678162 2.442380
v 7.885567 0.678162 1.555173
v 7.885567 0.678162 0.667967
v 7.885567 0.678162 -0.219240
v 7.885567 0.678162 -1.106447
v 7.885567 0.678162 -1.993654
v 7.885567 0.678162 -2.880861
v 7.885567 0.678162 -3.768068
v 7.885567 0.678162 -4.655274
vt 0.000000 0.000000
vt 0.100000 0.000000
vt 0.200000 0.000000
vt 0.300000 0.000000
vt 0.400000 0.000000
vt 0.500000 0.000000
vt 0.600000 0.000000
vt 0.700000 0.000000
vt 0.800000 0.000000
vt 0.900000 0.000000
vt 1.000000 0.000000
vt 0.000000 0.100000
vt 0.100000 0.100000
vt 0.200000 0.100000
vt 0.300000 0.100000
vt 0.400000 0.100000
vt 0.500000 0.100000
vt 0.600000 0.100000
vt 0.700000 0.100000
vt 0.800000 0.100000
vt 0.900000 0.100000
vt 1.000000 0.100000
vt 0.000000 0.200000
vt 0.100000 0.200000
vt 0.200000 0.200000
vt 0.300000 0.200000
vt 0.400000 0.200000
vt 0.500000 0.200000
vt 0.600000 0.200000
vt 0.700000 0.200000
vt 0.800000 0.200000
vt 0.900000 0.200000
vt 1.000000 0.200000
vt 0.000000 0.300000
vt 0.100000 0.300000
vt 0.200000 0.300000
vt 0.300000 0.300000
vt 0.400000 0.300000
vt 0.500000 0.300000
vt 0.600000 0.300000
vt 0.700000 0.300000
vt 0.800000 0.300000
vt 0.900000 0.300000
vt 1.000000 0.300000
vt 0.000000 0.400000
vt 0.100000 0.400000
vt 0.200000 0.400000
vt 0.300000 0.400000
vt 0.400000 0.400000
vt 0.500000 0.400000
vt 0.600000 0.400000
vt 0.700000 0.400000
vt 0.800000 0.400000
vt 0.900000 0.400000
vt 1.000000 0.400000
vt 0.000000 0.500000
vt 0.100000 0.500000
vt 0.200000 0.500000
vt 0.300000 0.500000
vt 0.400000 0.500000
vt 0.500000 0.500000
vt 0.600000 0.500000
vt 0.700000 0.500000
vt 0.800000 0.500000
vt 0.900000 0.500000
vt 1.000000 0.500000
vt 0.000000 0.600000
vt 0.100000 0.600000
vt 0.200000 0.600000
vt 0.300000 0.600000
vt 0.400000 0.600000
vt 0.500000 0.600000
vt 0.600000 0.600000
vt 0.700000 0.600000
vt 0.800000 0.600000
vt 0.900000 0.600000
vt 1.000000 0.600000
vt 0.000000 0.700000
vt 0.100000 0.700000
vt 0.200000 0.700000
vt 0.300000 0.700000
vt 0.400000 0.700000
vt 0.500000 0.700000
vt 0.600000 0.700000
vt 0.700000 0.700000
vt 0.800000 0.700000
vt 0.900000 0.700000
vt 1.000000 0.700000
vt 0.000000 0.800000
vt 0.100000 0.800000
vt 0.200000 0.800000
vt 0.300000 0.800000
vt 0.400000 0.800000
vt 0.500000 0.800000
vt 0.600000 0.800000
vt 0.700000 0.800000
vt 0.800000 0.800000
vt 0.900000 0.800000
vt 1.000000 0.800000
vt 0.000000 0.900000
vt 0.100000 0.900000
vt 0.200000 0.900000
vt 0.300000 0.900000
vt 0.400000 0.900000
vt 0.500000 0.900000
vt 0.600000 0.900000
vt 0.700000 0.900000
vt 0.800000 0.900000
vt 0.900000 0.900000
vt 1.000000 0.900000
vt 0.000000 1.000000
vt 0.100000 1.000000
vt 0.200000 1.000000
vt 0.300000 1.000000
vt 0.400000 1.000000
vt 0.500000 1.000000
vt 0.600000 1.000000
vt 0.700000 1.000000
vt 0.800000 1.000000
vt 0.900000 1.000000
vt 1.000000 1.000000
vn 0.001122 -0.999999 0.000000
vn 0.001122 -0.999999 0.000000
vn 0.001122 -0.999999 0.000000
vn 0.001122 -0.999999 0.000000
vn 0.001122 -0.999999 0.000000
vn 0.001122 -0.999999 0.000000
vn 0.001122 -0.999999 0.000000
vn 0.001122 -0.999999 0.000000
vn 0.001122 -0.999999 0.000000
vn 0.001122 -0.999999 0.000000
vn 0.001122 -0.999999 0.000000
vn 0.001122 -0.999999 0.000000
vn 0.001122 -0.999999 0.000000
vn 0.001122 -0.999999 0.000000
vn 0.001122 -0.999999 0.000000
vn 0.001122 -0.999999 0.000000
vn 0.001122 -0.999999 0.000000
vn 0.001122 -0.999999 0.000000
vn 0.001122 -0.999999 0.000000
vn 0.001122 -0.999999 0.000000
vn 0.001122 -0.999999 0.000000
vn 0.001122 -0.999999 0.000000
vn 0.001122 -0.999999 0.000000
vn 0.001122 -0.999999 0.000000
vn 0.001122 -0.999999 0.000000
vn 0.001122 -0.999999 0.000000
vn 0.001122 -0.999999 0.000000
vn 0.001122 -0.999999 0.000000
vn 0.001122 -0.999999 0.000000
vn 0.001122 -0.999999 0.000000
vn 0.001122 -0.999999 0.000000
vn 0.001122 -0.999999 0.000000
vn 0.001122 -0.999999 0.000000
vn 0.001122 -0.999999 0.000000
vn 0.001122 -0.999999 0.000000
vn 0.001122 -0.999999 0.000000
vn 0.001122 -0.999999 0.000000
vn 0.001122 -0.999999 0.000000
vn 0.001122 -0.999999 0.000000
vn 0.001122 -0.999999 0.000000
vn 0.001122 -0.999999 0.000000
vn 0.001122 -0.999999 0.000000
vn 0.001122 -0.999999 0.000000
vn 0.001122 -0.999999 0.000000
vn 0.001122 -0.999999 0.000000
vn 0.001122 -0.999999 0.000000
vn 0.001122 -0.999999 0.000000
vn 0.001122 -0.999999 0.000000
vn 0.001122 -0.999999 0.000000
vn 0.001122 -0.999999 0.000000
vn 0.001122 -0.999999 0.000000
vn 0.001122 -0.999999 0.000000
vn 0.001122 -0.999999 0.000000
vn 0.001122 -0.999999 0.000000
vn 0.001122 -0.999999 0.000000
vn 0.001122 -0.999999 0.000000
vn 0.001122 -0.999999 0.000000
vn 0.001122 -0.999999 0.000000
vn 0.001122 -0.999999 0.000000
vn 0.001122 -0.999999 0.000000
vn 0.001122 -0.999999 0.000000
vn 0.001122 -0.999999 0.000000
vn 0.001122 -0.999999 0.000000
vn 0.001122 -0.999999 0.000000
vn 0.001122 -0.999999 0.000000
vn 0.001122 -0.999999 0.000000
vn 0.001122 -0.999999 0.000000
vn 0.001122 -0.999999 0.000000
vn 0.001122 -0.999999 0.000000
vn 0.001122 -0.999999 0.000000
vn 0.001122 -0.999999 0.000000
vn 0.001122 -0.999999 0.000000
vn 0.001122 -0.999999 0.000000
vn 0.001122 -0.999999 0.000000
vn 0.001122 -0.999999 0.000000
vn 0.001122 -0.999999 0.000000
vn 0.001122 -0.999999 0.000000
vn 0.001122 -0.999999 0.000000
vn 0.001122 -0.999999 0.000000
vn 0.001122 -0.999999 0.000000
vn 0.001122 -0.999999 0.000000
vn 0.001122 -0.999999 0.000000
vn 0.001122 -0.999999 0.000000
vn 0.001122 -0.999999 0.000000
vn 0.001122 -0.999999 0.000000
vn 0.001122 -0.999999 0.000000
vn 0.001122 -0.999999 0.000000
vn 0.001122 -0.999999 0.000000
vn 0.001122 -0.999999 0.000000
vn 0.001122 -0.999999 0.000000
vn 0.001122 -0.999999 0.000000
vn 0.001122 -0.999999 0.000000
vn 0.001122 -0.999999 0.000000
vn 0.001122 -0.999999 0.000000
vn 0.001122 -0.999999 0.000000
vn 0.001122 -0.999999 0.000000
vn 0.001122 -0.999999 0.000000
vn 0.001122 -0.999999 0.000000
vn 0.001122 -0.999999 0.000000
vn 0.001122 -0.999999 0.000000
vn 0.001122 -0.999999 0.000000
vn 0.001122 -0.999999 0.000000
vn 0.001122 -0.999999 0.000000
vn 0.001122 -0.999999 0.000000
vn 0.001122 -0.999999 0.000000
vn 0.001122 -0.999999 0.000000
vn 0.001122 -0.999999 0.000000
vn 0.001122 -0.999999 0.000000
vn 0.001122 -0.999999 0.000000
vn 0.001122 -0.999999 0.000000
vn 0.001122 -0.999999 0.000000
vn 0.001122 -0.999999 0.000000
vn 0.001122 -0.999999 0.000000
vn 0.001122 -0.999999 0.000000
vn 0.001122 -0.999999 0.000000
vn 0.001122 -0.999999 0.000000
vn 0.001122 -0.999999 0.000000
vn 0.001122 -0.999999 0.000000
vn 0.001122 -0.999999 0.000000
vn 0.001122 -0.999999 0.000000
vn 0.001122 -0.999999 0.000000
s 1
g pPlane17 pPlane16
f 2090/2182/2298 2091/2183/2299 2102/2194/2300 2101/2193/2301
f 2091/2183/2299 2092/2184/2302 2103/2195/2303 2102/2194/2300
f 2092/2184/2302 2093/2185/2304 2104/2196/2305 2103/2195/2303
f 2093/2185/2304 2094/2186/2306 2105/2197/2307 2104/2196/2305
f 2094/2186/2306 2095/2187/2308 2106/2198/2309 2105/2197/2307
f 2095/2187/2308 2096/2188/2310 2107/2199/2311 2106/2198/2309
f 2096/2188/2310 2097/2189/2312 2108/2200/2313 2107/2199/2311
f 2097/2189/2312 2098/2190/2314 2109/2201/2315 2108/2200/2313
f 2098/2190/2314 2099/2191/2316 2110/2202/2317 2109/2201/2315
f 2099/2191/2316 2100/2192/2318 2111/2203/2319 2110/2202/2317
f 2101/2193/2301 2102/2194/2300 2113/2205/2320 2112/2204/2321
f 2102/2194/2300 2103/2195/2303 2114/2206/2322 2113/2205/2320
f 2103/2195/2303 2104/2196/2305 2115/2207/2323 2114/2206/2322
f 2104/2196/2305 2105/2197/2307 2116/2208/2324 2115/2207/2323
f 2105/2197/2307 2106/2198/2309 2117/2209/2325 2116/2208/2324
f 2106/2198/2309 2107/2199/2311 2118/2210/2326 2117/2209/2325
f 2107/2199/2311 2108/2200/2313 2119/2211/2327 2118/2210/2326
f 2108/2200/2313 2109/2201/2315 2120/2212/2328 2119/2211/2327
f 2109/2201/2315 2110/2202/2317 2121/2213/2329 2120/2212/2328
f 2110/2202/2317 2111/2203/2319 2122/2214/2330 2121/2213/2329
f 2112/2204/2321 2113/2205/2320 2124/2216/2331 2123/2215/2332
f 2113/2205/2320 2114/2206/2322 2125/2217/2333 2124/2216/2331
f 2114/2206/2322 2115/2207/2323 2126/2218/2334 2125/2217/2333
f 2115/2207/2323 2116/2208/2324 2127/2219/2335 2126/2218/2334
f 2116/2208/2324 2117/2209/2325 2128/2220/2336 2127/2219/2335
f 2117/2209/2325 2118/2210/2326 2129/2221/2337 2128/2220/2336
f 2118/2210/2326 2119/2211/2327 2130/2222/2338 2129/2221/2337
f 2119/2211/2327 2120/2212/2328 2131/2223/2339 2130/2222/2338
f 2120/2212/2328 2121/2213/2329 2132/2224/2340 2131/2223/2339
f 2121/2213/2329 2122/2214/2330 2133/2225/2341 2132/2224/2340
f 2123/2215/2332 2124/2216/2331 2135/2227/2342 2134/2226/2343
f 2124/2216/2331 2125/2217/2333 2136/2228/2344 2135/2227/2342
f 2125/2217/2333 2126/2218/2334 2137/2229/2345 2136/2228/2344
f 2126/2218/2334 2127/2219/2335 2138/2230/2346 2137/2229/2345
f 2127/2219/2335 2128/2220/2336 2139/2231/2347 2138/2230/2346
f 2128/2220/2336 2129/2221/2337 2140/2232/2348 2139/2231/2347
f 2129/2221/2337 2130/2222/2338 2141/2233/2349 2140/2232/2348
f 2130/2222/2338 2131/2223/2339 2142/2234/2350 2141/2233/2349
f 2131/2223/2339 2132/2224/2340 2143/2235/2351 2142/2234/2350
f 2132/2224/2340 2133/2225/2341 2144/2236/2352 2143/2235/2351
f 2134/2226/2343 2135/2227/2342 2146/2238/2353 2145/2237/2354
f 2135/2227/2342 2136/2228/2344 2147/2239/2355 2146/2238/2353
f 2136/2228/2344 2137/2229/2345 2148/2240/2356 2147/2239/2355
f 2137/2229/2345 2138/2230/2346 2149/2241/2357 2148/2240/2356
f 2138/2230/2346 2139/2231/2347 2150/2242/2358 2149/2241/2357
f 2139/2231/2347 2140/2232/2348 2151/2243/2359 2150/2242/2358
f 2140/2232/2348 2141/2233/2349 2152/2244/2360 2151/2243/2359
f 2141/2233/2349 2142/2234/2350 2153/2245/2361 2152/2244/2360
f 2142/2234/2350 2143/2235/2351 2154/2246/2362 2153/2245/2361
f 2143/2235/2351 2144/2236/2352 2155/2247/2363 2154/2246/2362
f 2145/2237/2354 2146/2238/2353 2157/2249/2364 2156/2248/2365
f 2146/2238/2353 2147/2239/2355 2158/2250/2366 2157/2249/2364
f 2147/2239/2355 2148/2240/2356 2159/2251/2367 2158/2250/2366
f 2148/2240/2356 2149/2241/2357 2160/2252/2368 2159/2251/2367
f 2149/2241/2357 2150/2242/2358 2161/2253/2369 2160/2252/2368
f 2150/2242/2358 2151/2243/2359 2162/2254/2370 2161/2253/2369
f 2151/2243/2359 2152/2244/2360 2163/2255/2371 2162/2254/2370
f 2152/2244/2360 2153/2245/2361 2164/2256/2372 2163/2255/2371
f 2153/2245/2361 2154/2246/2362 2165/2257/2373 2164/2256/2372
f 2154/2246/2362 2155/2247/2363 2166/2258/2374 2165/2257/2373
f 2156/2248/2365 2157/2249/2364 2168/2260/2375 2167/2259/2376
f 2157/2249/2364 2158/2250/2366 2169/2261/2377 2168/2260/2375
f 2158/2250/2366 2159/2251/2367 2170/2262/2378 2169/2261/2377
f 2159/2251/2367 2160/2252/2368 2171/2263/2379 2170/2262/2378
f 2160/2252/2368 2161/2253/2369 2172/2264/2380 2171/2263/2379
f 2161/2253/2369 2162/2254/2370 2173/2265/2381 2172/2264/2380
f 2162/2254/2370 2163/2255/2371 2174/2266/2382 2173/2265/2381
f 2163/2255/2371 2164/2256/2372 2175/2267/2383 2174/2266/2382
f 2164/2256/2372 2165/2257/2373 2176/2268/2384 2175/2267/2383
f 2165/2257/2373 2166/2258/2374 2177/2269/2385 2176/2268/2384
f 2167/2259/2376 2168/2260/2375 2179/2271/2386 2178/2270/2387
f 2168/2260/2375 2169/2261/2377 2180/2272/2388 2179/2271/2386
f 2169/2261/2377 2170/2262/2378 2181/2273/2389 2180/2272/2388
f 2170/2262/2378 2171/2263/2379 2182/2274/2390 2181/2273/2389
f 2171/2263/2379 2172/2264/2380 2183/2275/2391 2182/2274/2390
f 2172/2264/2380 2173/2265/2381 2184/2276/2392 2183/2275/2391
f 2173/2265/2381 2174/2266/2382 2185/2277/2393 2184/2276/2392
f 2174/2266/2382 2175/2267/2383 2186/2278/2394 2185/2277/2393
f 2175/2267/2383 2176/2268/2384 2187/2279/2395 2186/2278/2394
f 2176/2268/2384 2177/2269/2385 2188/2280/2396 2187/2279/2395
f 2178/2270/2387 2179/2271/2386 2190/2282/2397 2189/2281/2398
f 2179/2271/2386 2180/2272/2388 2191/2283/2399 2190/2282/2397
f 2180/2272/2388 2181/2273/2389 2192/2284/2400 2191/2283/2399
f 2181/2273/2389 2182/2274/2390 2193/2285/2401 2192/2284/2400
f 2182/2274/2390 2183/2275/2391 2194/2286/2402 2193/2285/2401
f 2183/2275/2391 2184/2276/2392 2195/2287/2403 2194/2286/2402
f 2184/2276/2392 2185/2277/2393 2196/2288/2404 2195/2287/2403
f 2185/2277/2393 2186/2278/2394 2197/2289/2405 2196/2288/2404
f 2186/2278/2394 2187/2279/2395 2198/2290/2406 2197/2289/2405
f 2187/2279/2395 2188/2280/2396 2199/2291/2407 2198/2290/2406
f 2189/2281/2398 2190/2282/2397 2201/2293/2408 2200/2292/2409
f 2190/2282/2397 2191/2283/2399 2202/2294/2410 2201/2293/2408
f 2191/2283/2399 2192/2284/2400 2203/2295/2411 2202/2294/2410
f 2192/2284/2400 2193/2285/2401 2204/2296/2412 2203/2295/2411
f 2193/2285/2401 2194/2286/2402 2205/2297/2413 2204/2296/2412
f 2194/2286/2402 2195/2287/2403 2206/2298/2414 2205/2297/2413
f 2195/2287/2403 2196/2288/2404 2207/2299/2415 2206/2298/2414
f 2196/2288/2404 2197/2289/2405 2208/2300/2416 2207/2299/2415
f 2197/2289/2405 2198/2290/2406 2209/2301/2417 2208/2300/2416
f 2198/2290/2406 2199/2291/2407 2210/2302/2418 2209/2301/2417
g default
v 2.643494 0.689555 4.093536
v 2.643494 0.689555 3.580739
v 2.643494 0.689555 3.067943
v 2.643494 0.689555 2.555147
v 2.643494 0.689555 2.042351
v 2.643494 0.689555 1.529554
v 2.643494 0.689555 1.016758
v 2.643494 0.689555 0.503962
v 2.643494 0.689555 -0.008834
v 2.643494 0.689555 -0.521631
v 2.643494 0.689555 -1.034427
v 2.980036 0.689933 4.093529
v 2.980036 0.689933 3.580733
v 2.980036 0.689933 3.067937
v 2.980036 0.689933 2.555141
v 2.980036 0.689933 2.042344
v 2.980036 0.689933 1.529548
v 2.980036 0.689933 1.016752
v 2.980036 0.689933 0.503956
v 2.980036 0.689933 -0.008840
v 2.980036 0.689933 -0.521637
v 2.980036 0.689933 -1.034433
v 3.316578 0.690311 4.093523
v 3.316578 0.690311 3.580727
v 3.316578 0.690311 3.067931
v 3.316578 0.690311 2.555134
v 3.316578 0.690311 2.042338
v 3.316578 0.690311 1.529542
v 3.316578 0.690311 1.016746
v 3.316578 0.690311 0.503950
v 3.316578 0.690311 -0.008847
v 3.316578 0.690311 -0.521643
v 3.316578 0.690311 -1.034439
v 3.653120 0.690689 4.093517
v 3.653120 0.690689 3.580721
v 3.653120 0.690689 3.067925
v 3.653120 0.690689 2.555128
v 3.653120 0.690689 2.042332
v 3.653120 0.690689 1.529536
v 3.653120 0.690689 1.016739
v 3.653120 0.690689 0.503943
v 3.653120 0.690689 -0.008853
v 3.653120 0.690689 -0.521649
v 3.653120 0.690689 -1.034445
v 3.989662 0.691066 4.093511
v 3.989662 0.691066 3.580714
v 3.989662 0.691066 3.067918
v 3.989662 0.691066 2.555122
v 3.989662 0.691066 2.042326
v 3.989662 0.691066 1.529530
v 3.989662 0.691066 1.016733
v 3.989662 0.691066 0.503937
v 3.989662 0.691066 -0.008859
v 3.989662 0.691066 -0.521656
v 3.989662 0.691066 -1.034452
v 4.326204 0.691444 4.093504
v 4.326204 0.691444 3.580708
v 4.326204 0.691444 3.067912
v 4.326204 0.691444 2.555116
v 4.326204 0.691444 2.042320
v 4.326204 0.691444 1.529523
v 4.326204 0.691444 1.016727
v 4.326204 0.691444 0.503931
v 4.326204 0.691444 -0.008865
v 4.326204 0.691444 -0.521662
v 4.326204 0.691444 -1.034458
v 4.662747 0.691822 4.093498
v 4.662747 0.691822 3.580702
v 4.662747 0.691822 3.067906
v 4.662747 0.691822 2.555109
v 4.662747 0.691822 2.042313
v 4.662747 0.691822 1.529517
v 4.662747 0.691822 1.016721
v 4.662747 0.691822 0.503925
v 4.662747 0.691822 -0.008872
v 4.662747 0.691822 -0.521668
v 4.662747 0.691822 -1.034464
v 4.999289 0.692200 4.093492
v 4.999289 0.692200 3.580696
v 4.999289 0.692200 3.067900
v 4.999289 0.692200 2.555103
v 4.999289 0.692200 2.042307
v 4.999289 0.692200 1.529511
v 4.999289 0.692200 1.016715
v 4.999289 0.692200 0.503918
v 4.999289 0.692200 -0.008878
v 4.999289 0.692200 -0.521674
v 4.999289 0.692200 -1.034470
v 5.335831 0.692578 4.093486
v 5.335831 0.692578 3.580690
v 5.335831 0.692578 3.067893
v 5.335831 0.692578 2.555097
v 5.335831 0.692578 2.042301
v 5.335831 0.692578 1.529505
v 5.335831 0.692578 1.016708
v 5.335831 0.692578 0.503912
v 5.335831 0.692578 -0.008884
v 5.335831 0.692578 -0.521680
v 5.335831 0.692578 -1.034476
v 5.672373 0.692955 4.093479
v 5.672373 0.692955 3.580683
v 5.672373 0.692955 3.067887
v 5.672373 0.692955 2.555091
v 5.672373 0.692955 2.042295
v 5.672373 0.692955 1.529498
v 5.672373 0.692955 1.016702
v 5.672373 0.692955 0.503906
v 5.672373 0.692955 -0.008890
v 5.672373 0.692955 -0.521687
v 5.672373 0.692955 -1.034483
v 6.008915 0.693333 4.093473
v 6.008915 0.693333 3.580677
v 6.008915 0.693333 3.067881
v 6.008915 0.693333 2.555085
v 6.008915 0.693333 2.042288
v 6.008915 0.693333 1.529492
v 6.008915 0.693333 1.016696
v 6.008915 0.693333 0.503900
v 6.008915 0.693333 -0.008897
v 6.008915 0.693333 -0.521693
v 6.008915 0.693333 -1.034489
vt 0.000000 0.000000
vt 0.100000 0.000000
vt 0.200000 0.000000
vt 0.300000 0.000000
vt 0.400000 0.000000
vt 0.500000 0.000000
vt 0.600000 0.000000
vt 0.700000 0.000000
vt 0.800000 0.000000
vt 0.900000 0.000000
vt 1.000000 0.000000
vt 0.000000 0.100000
vt 0.100000 0.100000
vt 0.200000 0.100000
vt 0.300000 0.100000
vt 0.400000 0.100000
vt 0.500000 0.100000
vt 0.600000 0.100000
vt 0.700000 0.100000
vt 0.800000 0.100000
vt 0.900000 0.100000
vt 1.000000 0.100000
vt 0.000000 0.200000
vt 0.100000 0.200000
vt 0.200000 0.200000
vt 0.300000 0.200000
vt 0.400000 0.200000
vt 0.500000 0.200000
vt 0.600000 0.200000
vt 0.700000 0.200000
vt 0.800000 0.200000
vt 0.900000 0.200000
vt 1.000000 0.200000
vt 0.000000 0.300000
vt 0.100000 0.300000
vt 0.200000 0.300000
vt 0.300000 0.300000
vt 0.400000 0.300000
vt 0.500000 0.300000
vt 0.600000 0.300000
vt 0.700000 0.300000
vt 0.800000 0.300000
vt 0.900000 0.300000
vt 1.000000 0.300000
vt 0.000000 0.400000
vt 0.100000 0.400000
vt 0.200000 0.400000
vt 0.300000 0.400000
vt 0.400000 0.400000
vt 0.500000 0.400000
vt 0.600000 0.400000
vt 0.700000 0.400000
vt 0.800000 0.400000
vt 0.900000 0.400000
vt 1.000000 0.400000
vt 0.000000 0.500000
vt 0.100000 0.500000
vt 0.200000 0.500000
vt 0.300000 0.500000
vt 0.400000 0.500000
vt 0.500000 0.500000
vt 0.600000 0.500000
vt 0.700000 0.500000
vt 0.800000 0.500000
vt 0.900000 0.500000
vt 1.000000 0.500000
vt 0.000000 0.600000
vt 0.100000 0.600000
vt 0.200000 0.600000
vt 0.300000 0.600000
vt 0.400000 0.600000
vt 0.500000 0.600000
vt 0.600000 0.600000
vt 0.700000 0.600000
vt 0.800000 0.600000
vt 0.900000 0.600000
vt 1.000000 0.600000
vt 0.000000 0.700000
vt 0.100000 0.700000
vt 0.200000 0.700000
vt 0.300000 0.700000
vt 0.400000 0.700000
vt 0.500000 0.700000
vt 0.600000 0.700000
vt 0.700000 0.700000
vt 0.800000 0.700000
vt 0.900000 0.700000
vt 1.000000 0.700000
vt 0.000000 0.800000
vt 0.100000 0.800000
vt 0.200000 0.800000
vt 0.300000 0.800000
vt 0.400000 0.800000
vt 0.500000 0.800000
vt 0.600000 0.800000
vt 0.700000 0.800000
vt 0.800000 0.800000
vt 0.900000 0.800000
vt 1.000000 0.800000
vt 0.000000 0.900000
vt 0.100000 0.900000
vt 0.200000 0.900000
vt 0.300000 0.900000
vt 0.400000 0.900000
vt 0.500000 0.900000
vt 0.600000 0.900000
vt 0.700000 0.900000
vt 0.800000 0.900000
vt 0.900000 0.900000
vt 1.000000 0.900000
vt 0.000000 1.000000
vt 0.100000 1.000000
vt 0.200000 1.000000
vt 0.300000 1.000000
vt 0.400000 1.000000
vt 0.500000 1.000000
vt 0.600000 1.000000
vt 0.700000 1.000000
vt 0.800000 1.000000
vt 0.900000 1.000000
vt 1.000000 1.000000
vn 0.001122 -0.999999 0.000000
vn 0.001122 -0.999999 0.000000
vn 0.001122 -0.999999 0.000000
vn 0.001122 -0.999999 0.000000
vn 0.001122 -0.999999 0.000000
vn 0.001122 -0.999999 0.000000
vn 0.001122 -0.999999 0.000000
vn 0.001122 -0.999999 0.000000
vn 0.001122 -0.999999 0.000000
vn 0.001122 -0.999999 0.000000
vn 0.001122 -0.999999 0.000000
vn 0.001122 -0.999999 0.000000
vn 0.001122 -0.999999 0.000000
vn 0.001122 -0.999999 0.000000
vn 0.001122 -0.999999 0.000000
vn 0.001122 -0.999999 0.000000
vn 0.001122 -0.999999 0.000000
vn 0.001122 -0.999999 0.000000
vn 0.001122 -0.999999 0.000000
vn 0.001122 -0.999999 0.000000
vn 0.001122 -0.999999 0.000000
vn 0.001122 -0.999999 0.000000
vn 0.001122 -0.999999 0.000000
vn 0.001122 -0.999999 0.000000
vn 0.001122 -0.999999 0.000000
vn 0.001122 -0.999999 0.000000
vn 0.001122 -0.999999 0.000000
vn 0.001122 -0.999999 0.000000
vn 0.001122 -0.999999 0.000000
vn 0.001122 -0.999999 0.000000
vn 0.001122 -0.999999 0.000000
vn 0.001122 -0.999999 0.000000
vn 0.001122 -0.999999 0.000000
vn 0.001122 -0.999999 0.000000
vn 0.001122 -0.999999 0.000000
vn 0.001122 -0.999999 0.000000
vn 0.001122 -0.999999 0.000000
vn 0.001122 -0.999999 0.000000
vn 0.001122 -0.999999 0.000000
vn 0.001122 -0.999999 0.000000
vn 0.001122 -0.999999 0.000000
vn 0.001122 -0.999999 0.000000
vn 0.001122 -0.999999 0.000000
vn 0.001122 -0.999999 0.000000
vn 0.001122 -0.999999 0.000000
vn 0.001122 -0.999999 0.000000
vn 0.001122 -0.999999 0.000000
vn 0.001122 -0.999999 0.000000
vn 0.001122 -0.999999 0.000000
vn 0.001122 -0.999999 0.000000
vn 0.001122 -0.999999 0.000000
vn 0.001122 -0.999999 0.000000
vn 0.001122 -0.999999 0.000000
vn 0.001122 -0.999999 0.000000
vn 0.001122 -0.999999 0.000000
vn 0.001122 -0.999999 0.000000
vn 0.001122 -0.999999 0.000000
vn 0.001122 -0.999999 0.000000
vn 0.001122 -0.999999 0.000000
vn 0.001122 -0.999999 0.000000
vn 0.001122 -0.999999 0.000000
vn 0.001122 -0.999999 0.000000
vn 0.001122 -0.999999 0.000000
vn 0.001122 -0.999999 0.000000
vn 0.001122 -0.999999 0.000000
vn 0.001122 -0.999999 0.000000
vn 0.001122 -0.999999 0.000000
vn 0.001122 -0.999999 0.000000
vn 0.001122 -0.999999 0.000000
vn 0.001122 -0.999999 0.000000
vn 0.001122 -0.999999 0.000000
vn 0.001122 -0.999999 0.000000
vn 0.001122 -0.999999 0.000000
vn 0.001122 -0.999999 0.000000
vn 0.001122 -0.999999 0.000000
vn 0.001122 -0.999999 0.000000
vn 0.001122 -0.999999 0.000000
vn 0.001122 -0.999999 0.000000
vn 0.001122 -0.999999 0.000000
vn 0.001122 -0.999999 0.000000
vn 0.001122 -0.999999 0.000000
vn 0.001122 -0.999999 0.000000
vn 0.001122 -0.999999 0.000000
vn 0.001122 -0.999999 0.000000
vn 0.001122 -0.999999 0.000000
vn 0.001122 -0.999999 0.000000
vn 0.001122 -0.999999 0.000000
vn 0.001122 -0.999999 0.000000
vn 0.001122 -0.999999 0.000000
vn 0.001122 -0.999999 0.000000
vn 0.001122 -0.999999 0.000000
vn 0.001122 -0.999999 0.000000
vn 0.001122 -0.999999 0.000000
vn 0.001122 -0.999999 0.000000
vn 0.001122 -0.999999 0.000000
vn 0.001122 -0.999999 0.000000
vn 0.001122 -0.999999 0.000000
vn 0.001122 -0.999999 0.000000
vn 0.001122 -0.999999 0.000000
vn 0.001122 -0.999999 0.000000
vn 0.001122 -0.999999 0.000000
vn 0.001122 -0.999999 0.000000
vn 0.001122 -0.999999 0.000000
vn 0.001122 -0.999999 0.000000
vn 0.001122 -0.999999 0.000000
vn 0.001122 -0.999999 0.000000
vn 0.001122 -0.999999 0.000000
vn 0.001122 -0.999999 0.000000
vn 0.001122 -0.999999 0.000000
vn 0.001122 -0.999999 0.000000
vn 0.001122 -0.999999 0.000000
vn 0.001122 -0.999999 0.000000
vn 0.001122 -0.999999 0.000000
vn 0.001122 -0.999999 0.000000
vn 0.001122 -0.999999 0.000000
vn 0.001122 -0.999999 0.000000
vn 0.001122 -0.999999 0.000000
vn 0.001122 -0.999999 0.000000
vn 0.001122 -0.999999 0.000000
vn 0.001122 -0.999999 0.000000
vn 0.001122 -0.999999 0.000000
s 1
g pPlane17 pPlane14
f 2211/2303/2419 2212/2304/2420 2223/2315/2421 2222/2314/2422
f 2212/2304/2420 2213/2305/2423 2224/2316/2424 2223/2315/2421
f 2213/2305/2423 2214/2306/2425 2225/2317/2426 2224/2316/2424
f 2214/2306/2425 2215/2307/2427 2226/2318/2428 2225/2317/2426
f 2215/2307/2427 2216/2308/2429 2227/2319/2430 2226/2318/2428
f 2216/2308/2429 2217/2309/2431 2228/2320/2432 2227/2319/2430
f 2217/2309/2431 2218/2310/2433 2229/2321/2434 2228/2320/2432
f 2218/2310/2433 2219/2311/2435 2230/2322/2436 2229/2321/2434
f 2219/2311/2435 2220/2312/2437 2231/2323/2438 2230/2322/2436
f 2220/2312/2437 2221/2313/2439 2232/2324/2440 2231/2323/2438
f 2222/2314/2422 2223/2315/2421 2234/2326/2441 2233/2325/2442
f 2223/2315/2421 2224/2316/2424 2235/2327/2443 2234/2326/2441
f 2224/2316/2424 2225/2317/2426 2236/2328/2444 2235/2327/2443
f 2225/2317/2426 2226/2318/2428 2237/2329/2445 2236/2328/2444
f 2226/2318/2428 2227/2319/2430 2238/2330/2446 2237/2329/2445
f 2227/2319/2430 2228/2320/2432 2239/2331/2447 2238/2330/2446
f 2228/2320/2432 2229/2321/2434 2240/2332/2448 2239/2331/2447
f 2229/2321/2434 2230/2322/2436 2241/2333/2449 2240/2332/2448
f 2230/2322/2436 2231/2323/2438 2242/2334/2450 2241/2333/2449
f 2231/2323/2438 2232/2324/2440 2243/2335/2451 2242/2334/2450
f 2233/2325/2442 2234/2326/2441 2245/2337/2452 2244/2336/2453
f 2234/2326/2441 2235/2327/2443 2246/2338/2454 2245/2337/2452
f 2235/2327/2443 2236/2328/2444 2247/2339/2455 2246/2338/2454
f 2236/2328/2444 2237/2329/2445 2248/2340/2456 2247/2339/2455
f 2237/2329/2445 2238/2330/2446 2249/2341/2457 2248/2340/2456
f 2238/2330/2446 2239/2331/2447 2250/2342/2458 2249/2341/2457
f 2239/2331/2447 2240/2332/2448 2251/2343/2459 2250/2342/2458
f 2240/2332/2448 2241/2333/2449 2252/2344/2460 2251/2343/2459
f 2241/2333/2449 2242/2334/2450 2253/2345/2461 2252/2344/2460
f 2242/2334/2450 2243/2335/2451 2254/2346/2462 2253/2345/2461
f 2244/2336/2453 2245/2337/2452 2256/2348/2463 2255/2347/2464
f 2245/2337/2452 2246/2338/2454 2257/2349/2465 2256/2348/2463
f 2246/2338/2454 2247/2339/2455 2258/2350/2466 2257/2349/2465
f 2247/2339/2455 2248/2340/2456 2259/2351/2467 2258/2350/2466
f 2248/2340/2456 2249/2341/2457 2260/2352/2468 2259/2351/2467
f 2249/2341/2457 2250/2342/2458 2261/2353/2469 2260/2352/2468
f 2250/2342/2458 2251/2343/2459 2262/2354/2470 2261/2353/2469
f 2251/2343/2459 2252/2344/2460 2263/2355/2471 2262/2354/2470
f 2252/2344/2460 2253/2345/2461 2264/2356/2472 2263/2355/2471
f 2253/2345/2461 2254/2346/2462 2265/2357/2473 2264/2356/2472
f 2255/2347/2464 2256/2348/2463 2267/2359/2474 2266/2358/2475
f 2256/2348/2463 2257/2349/2465 2268/2360/2476 2267/2359/2474
f 2257/2349/2465 2258/2350/2466 2269/2361/2477 2268/2360/2476
f 2258/2350/2466 2259/2351/2467 2270/2362/2478 2269/2361/2477
f 2259/2351/2467 2260/2352/2468 2271/2363/2479 2270/2362/2478
f 2260/2352/2468 2261/2353/2469 2272/2364/2480 2271/2363/2479
f 2261/2353/2469 2262/2354/2470 2273/2365/2481 2272/2364/2480
f 2262/2354/2470 2263/2355/2471 2274/2366/2482 2273/2365/2481
f 2263/2355/2471 2264/2356/2472 2275/2367/2483 2274/2366/2482
f 2264/2356/2472 2265/2357/2473 2276/2368/2484 2275/2367/2483
f 2266/2358/2475 2267/2359/2474 2278/2370/2485 2277/2369/2486
f 2267/2359/2474 2268/2360/2476 2279/2371/2487 2278/2370/2485
f 2268/2360/2476 2269/2361/2477 2280/2372/2488 2279/2371/2487
f 2269/2361/2477 2270/2362/2478 2281/2373/2489 2280/2372/2488
f 2270/2362/2478 2271/2363/2479 2282/2374/2490 2281/2373/2489
f 2271/2363/2479 2272/2364/2480 2283/2375/2491 2282/2374/2490
f 2272/2364/2480 2273/2365/2481 2284/2376/2492 2283/2375/2491
f 2273/2365/2481 2274/2366/2482 2285/2377/2493 2284/2376/2492
f 2274/2366/2482 2275/2367/2483 2286/2378/2494 2285/2377/2493
f 2275/2367/2483 2276/2368/2484 2287/2379/2495 2286/2378/2494
f 2277/2369/2486 2278/2370/2485 2289/2381/2496 2288/2380/2497
f 2278/2370/2485 2279/2371/2487 2290/2382/2498 2289/2381/2496
f 2279/2371/2487 2280/2372/2488 2291/2383/2499 2290/2382/2498
f 2280/2372/2488 2281/2373/2489 2292/2384/2500 2291/2383/2499
f 2281/2373/2489 2282/2374/2490 2293/2385/2501 2292/2384/2500
f 2282/2374/2490 2283/2375/2491 2294/2386/2502 2293/2385/2501
f 2283/2375/2491 2284/2376/2492 2295/2387/2503 2294/2386/2502
f 2284/2376/2492 2285/2377/2493 2296/2388/2504 2295/2387/2503
f 2285/2377/2493 2286/2378/2494 2297/2389/2505 2296/2388/2504
f 2286/2378/2494 2287/2379/2495 2298/2390/2506 2297/2389/2505
f 2288/2380/2497 2289/2381/2496 2300/2392/2507 2299/2391/2508
f 2289/2381/2496 2290/2382/2498 2301/2393/2509 2300/2392/2507
f 2290/2382/2498 2291/2383/2499 2302/2394/2510 2301/2393/2509
f 2291/2383/2499 2292/2384/2500 2303/2395/2511 2302/2394/2510
f 2292/2384/2500 2293/2385/2501 2304/2396/2512 2303/2395/2511
f 2293/2385/2501 2294/2386/2502 2305/2397/2513 2304/2396/2512
f 2294/2386/2502 2295/2387/2503 2306/2398/2514 2305/2397/2513
f 2295/2387/2503 2296/2388/2504 2307/2399/2515 2306/2398/2514
f 2296/2388/2504 2297/2389/2505 2308/2400/2516 2307/2399/2515
f 2297/2389/2505 2298/2390/2506 2309/2401/2517 2308/2400/2516
f 2299/2391/2508 2300/2392/2507 2311/2403/2518 2310/2402/2519
f 2300/2392/2507 2301/2393/2509 2312/2404/2520 2311/2403/2518
f 2301/2393/2509 2302/2394/2510 2313/2405/2521 2312/2404/2520
f 2302/2394/2510 2303/2395/2511 2314/2406/2522 2313/2405/2521
f 2303/2395/2511 2304/2396/2512 2315/2407/2523 2314/2406/2522
f 2304/2396/2512 2305/2397/2513 2316/2408/2524 2315/2407/2523
f 2305/2397/2513 2306/2398/2514 2317/2409/2525 2316/2408/2524
f 2306/2398/2514 2307/2399/2515 2318/2410/2526 2317/2409/2525
f 2307/2399/2515 2308/2400/2516 2319/2411/2527 2318/2410/2526
f 2308/2400/2516 2309/2401/2517 2320/2412/2528 2319/2411/2527
f 2310/2402/2519 2311/2403/2518 2322/2414/2529 2321/2413/2530
f 2311/2403/2518 2312/2404/2520 2323/2415/2531 2322/2414/2529
f 2312/2404/2520 2313/2405/2521 2324/2416/2532 2323/2415/2531
f 2313/2405/2521 2314/2406/2522 2325/2417/2533 2324/2416/2532
f 2314/2406/2522 2315/2407/2523 2326/2418/2534 2325/2417/2533
f 2315/2407/2523 2316/2408/2524 2327/2419/2535 2326/2418/2534
f 2316/2408/2524 2317/2409/2525 2328/2420/2536 2327/2419/2535
f 2317/2409/2525 2318/2410/2526 2329/2421/2537 2328/2420/2536
f 2318/2410/2526 2319/2411/2527 2330/2422/2538 2329/2421/2537
f 2319/2411/2527 2320/2412/2528 2331/2423/2539 2330/2422/2538
g default
v 7.898350 1.258174 4.973036
v 7.891183 1.259484 -5.281869
v 0.200602 1.258170 5.010901
v 0.193413 1.259484 -5.276489
v 7.898372 0.856679 5.004099
v 7.891183 0.857993 -5.281920
v 0.200602 0.856678 5.009479
v 0.193413 0.857992 -5.276541
v 0.200399 1.258207 4.719733
v 7.898146 1.258211 4.682790
v 7.898168 0.856716 4.712970
v 0.200398 0.856715 4.718350
v 7.891375 1.259449 -5.008287
v 0.193605 1.259449 -5.002044
v 0.193605 0.857957 -5.002131
v 7.891375 0.857958 -5.007511
v 7.445236 1.259484 -5.281557
v 7.445428 1.259449 -5.007926
v 7.452200 1.258211 4.684931
v 7.452403 1.258174 4.975229
v 7.452424 0.856679 5.004411
v 7.452222 0.856716 4.713282
v 7.445427 0.857958 -5.007199
v 7.445236 0.857993 -5.281608
v 0.595266 1.259484 -5.276770
v 0.595457 1.259449 -5.002370
v 0.602250 1.258208 4.717805
v 0.602454 1.258170 5.008924
v 0.602454 0.856678 5.009198
v 0.602251 0.856715 4.718069
v 0.595458 0.857957 -5.002412
v 0.595266 0.857992 -5.276822
vt 0.530662 0.979541
vt 0.525485 0.698303
vt 0.525646 0.705457
vt 0.530531 0.972386
vt 0.535845 0.979446
vt 0.530669 0.698208
vt 0.715913 0.701971
vt 0.708765 0.702102
vt 0.708634 0.694948
vt 0.713786 0.976186
vt 0.535714 0.972292
vt 0.530829 0.705362
vt 0.528151 0.842496
vt 0.528574 0.835338
vt 0.533741 0.835243
vt 0.533334 0.842401
vt 0.703879 0.702192
vt 0.703748 0.695037
vt 0.706390 0.839230
vt 0.706274 0.832082
vt 0.711144 0.831993
vt 0.711275 0.839141
vt 0.708901 0.976275
vt 0.708770 0.969121
vt 0.706127 0.824143
vt 0.710999 0.824054
vt 0.533563 0.827304
vt 0.528395 0.827399
vt 0.528296 0.850435
vt 0.533480 0.850340
vt 0.706535 0.847170
vt 0.718147 0.823923
vt 0.713655 0.969031
vt 0.708503 0.687800
vt 0.715781 0.694817
vt 0.518499 0.705617
vt 0.521229 0.827558
vt 0.711421 0.847080
vt 0.521405 0.835497
vt 0.703617 0.687889
vt 0.530562 0.691060
vt 0.518338 0.698463
vt 0.525379 0.691154
vt 0.718292 0.831862
vn 0.002809 -0.001431 0.999995
vn 0.002809 -0.001431 0.999995
vn 0.002807 0.034550 0.999399
vn 0.002807 0.034550 0.999399
vn -1.000000 -0.000001 0.000699
vn -1.000000 -0.000001 0.000699
vn -1.000000 -0.000001 0.000698
vn -1.000000 -0.000001 0.000698
vn -0.000699 0.000126 -1.000000
vn -0.000699 0.000126 -1.000000
vn -0.000699 0.000127 -1.000000
vn -0.000699 0.000127 -1.000000
vn -0.000000 -1.000000 -0.000128
vn -0.000000 -1.000000 -0.000128
vn -0.000000 -1.000000 -0.000128
vn -0.000000 -1.000000 -0.000128
vn 0.000000 1.000000 0.000128
vn 0.000000 1.000000 0.000128
vn 0.000000 1.000000 0.000128
vn 0.000000 1.000000 0.000128
vn 1.000000 0.000001 -0.000703
vn 1.000000 0.000001 -0.000703
vn 1.000000 0.000001 -0.000699
vn 1.000000 0.000001 -0.000699
vn 0.000000 1.000000 0.000127
vn 0.000000 1.000000 0.000127
vn 0.000000 1.000000 0.000128
vn 0.000000 1.000000 0.000128
vn 1.000000 0.000001 -0.000699
vn 1.000000 0.000001 -0.000699
vn 1.000000 0.000001 -0.000701
vn 1.000000 0.000001 -0.000701
vn -0.000000 -1.000000 -0.000128
vn -0.000000 -1.000000 -0.000128
vn -0.000000 -1.000000 -0.000128
vn -0.000000 -1.000000 -0.000127
vn -1.000000 -0.000001 0.000699
vn -1.000000 -0.000001 0.000699
vn -1.000000 -0.000001 0.000699
vn -1.000000 -0.000001 0.000699
vn 0.000000 1.000000 0.000128
vn 0.000000 1.000000 0.000127
vn -0.000000 1.000000 0.000127
vn 0.000000 1.000000 0.000128
vn 0.000000 1.000000 0.000128
vn 0.000000 1.000000 0.000128
vn 0.000000 1.000000 0.000128
vn 0.000000 1.000000 0.000128
vn 0.002807 0.038997 0.999235
vn 0.002807 0.038997 0.999235
vn 0.002800 0.074817 0.997193
vn 0.002800 0.074817 0.997193
vn -0.000000 -1.000000 -0.000128
vn -0.000000 -1.000000 -0.000128
vn -0.000000 -1.000000 -0.000128
vn -0.000000 -1.000000 -0.000128
vn -0.000000 -1.000000 -0.000128
vn -0.000000 -1.000000 -0.000128
vn -0.000000 -1.000000 -0.000128
vn 0.000000 -1.000000 -0.000128
vn -0.000699 0.000127 -1.000000
vn -0.000699 0.000126 -1.000000
vn -0.000699 0.000126 -1.000000
vn -0.000699 0.000127 -1.000000
s 1
g group2 locator1 pCube1 Book_L
usemtl lambert2SG
f 2338/2465/2540 2334/2425/2541 2359/2426/2542 2360/2459/2543
s 2
f 2343/2464/2544 2340/2429/2545 2334/2425/2546 2338/2466/2547
s 3
f 2363/2430/2548 2356/2431/2549 2335/2432/2550 2339/2458/2551
s 4
f 2338/2424/2552 2360/2427/2553 2361/2434/2554 2343/2428/2555
s 5
f 2340/2429/2556 2358/2435/2557 2359/2426/2558 2334/2425/2559
s 6
f 2336/2436/2560 2332/2437/2561 2341/2438/2562 2342/2439/2563
s 5
f 2335/2432/2564 2356/2431/2565 2357/2440/2566 2345/2441/2567
s 6
f 2347/2442/2568 2344/2443/2569 2333/2444/2570 2337/2445/2571
s 4
f 2346/2446/2572 2362/2447/2573 2363/2456/2574 2339/2433/2575
s 2
f 2339/2457/2576 2335/2432/2577 2345/2441/2578 2346/2463/2579
s 5
f 2345/2441/2567 2357/2440/2566 2358/2435/2557 2340/2429/2556
s 2
f 2346/2463/2579 2345/2441/2578 2340/2429/2545 2343/2464/2544
s 4
f 2343/2428/2555 2361/2434/2554 2362/2447/2573 2346/2446/2572
s 6
f 2342/2439/2563 2341/2438/2562 2344/2443/2569 2347/2442/2568
s 5
f 2349/2448/2580 2348/2449/2581 2333/2444/2582 2344/2443/2583
f 2350/2450/2584 2349/2448/2580 2344/2443/2583 2341/2438/2585
f 2351/2451/2586 2350/2450/2584 2341/2438/2585 2332/2437/2587
s 1
f 2352/2460/2588 2351/2451/2589 2332/2437/2590 2336/2462/2591
s 4
f 2353/2453/2592 2352/2452/2593 2336/2436/2594 2342/2439/2595
f 2354/2454/2596 2353/2453/2592 2342/2439/2595 2347/2442/2597
f 2355/2461/2598 2354/2454/2596 2347/2442/2597 2337/2445/2599
s 3
f 2333/2444/2600 2348/2449/2601 2355/2455/2602 2337/2467/2603
s 5
f 2357/2440/2566 2356/2431/2565 2348/2449/2581 2349/2448/2580
f 2358/2435/2557 2357/2440/2566 2349/2448/2580 2350/2450/2584
f 2359/2426/2558 2358/2435/2557 2350/2450/2584 2351/2451/2586
s 1
f 2360/2459/2543 2359/2426/2542 2351/2451/2589 2352/2460/2588
s 4
f 2361/2434/2554 2360/2427/2553 2352/2452/2593 2353/2453/2592
f 2362/2447/2573 2361/2434/2554 2353/2453/2592 2354/2454/2596
f 2363/2456/2574 2362/2447/2573 2354/2454/2596 2355/2461/2598
s 3
f 2355/2455/2602 2348/2449/2601 2356/2431/2549 2363/2430/2548
g default
v 7.866543 0.839661 4.836221
v 7.067885 0.839174 4.836882
v 6.269226 0.838686 4.837542
v 5.470568 0.838198 4.838202
v 4.671909 0.837711 4.838862
v 3.873251 0.837223 4.839522
v 3.074592 0.836736 4.840182
v 2.275934 0.836248 4.840842
v 1.477276 0.835760 4.841502
v 0.678617 0.835273 4.842162
v -0.120041 0.834785 4.842822
v 7.865709 0.839083 3.826205
v 7.067050 0.838595 3.826865
v 6.268392 0.838108 3.827525
v 5.469733 0.837620 3.828186
v 4.671075 0.837133 3.828846
v 3.872417 0.836645 3.829506
v 3.073758 0.836157 3.830166
v 2.275100 0.835670 3.830826
v 1.476441 0.835182 3.831486
v 0.677783 0.834695 3.832146
v -0.120876 0.834207 3.832806
v 7.864874 0.838505 2.816189
v 7.066216 0.838017 2.816849
v 6.267557 0.837530 2.817509
v 5.468899 0.837042 2.818169
v 4.670240 0.836554 2.818829
v 3.871582 0.836067 2.819490
v 3.072923 0.835579 2.820150
v 2.274265 0.835092 2.820810
v 1.475607 0.834604 2.821470
v 0.676948 0.834116 2.822130
v -0.121710 0.833629 2.822790
v 7.864040 0.837927 1.806172
v 7.065381 0.837439 1.806833
v 6.266723 0.836951 1.807493
v 5.468064 0.836464 1.808153
v 4.669406 0.835976 1.808813
v 3.870748 0.835489 1.809473
v 3.072089 0.835001 1.810133
v 2.273431 0.834513 1.810793
v 1.474772 0.834026 1.811453
v 0.676114 0.833538 1.812113
v -0.122544 0.833051 1.812773
v 7.863205 0.837348 0.796156
v 7.064547 0.836861 0.796816
v 6.265889 0.836373 0.797476
v 5.467230 0.835886 0.798137
v 4.668572 0.835398 0.798797
v 3.869913 0.834910 0.799457
v 3.071255 0.834423 0.800117
v 2.272596 0.833935 0.800777
v 1.473938 0.833448 0.801437
v 0.675279 0.832960 0.802097
v -0.123379 0.832472 0.802757
v 7.862371 0.836770 -0.213860
v 7.063713 0.836283 -0.213200
v 6.265054 0.835795 -0.212540
v 5.466396 0.835307 -0.211880
v 4.667737 0.834820 -0.211220
v 3.869079 0.834332 -0.210559
v 3.070420 0.833845 -0.209899
v 2.271762 0.833357 -0.209239
v 1.473103 0.832869 -0.208579
v 0.674445 0.832382 -0.207919
v -0.124213 0.831894 -0.207259
v 7.861536 0.836192 -1.223876
v 7.062878 0.835704 -1.223216
v 6.264220 0.835217 -1.222556
v 5.465561 0.834729 -1.221896
v 4.666903 0.834242 -1.221236
v 3.868244 0.833754 -1.220576
v 3.069586 0.833266 -1.219916
v 2.270928 0.832779 -1.219256
v 1.472269 0.832291 -1.218596
v 0.673610 0.831804 -1.217936
v -0.125048 0.831316 -1.217275
v 7.860702 0.835614 -2.233892
v 7.062044 0.835126 -2.233232
v 6.263385 0.834639 -2.232572
v 5.464727 0.834151 -2.231912
v 4.666068 0.833663 -2.231252
v 3.867410 0.833176 -2.230592
v 3.068751 0.832688 -2.229932
v 2.270093 0.832201 -2.229272
v 1.471435 0.831713 -2.228612
v 0.672776 0.831225 -2.227951
v -0.125882 0.830738 -2.227291
v 7.859868 0.835036 -3.243909
v 7.061209 0.834548 -3.243249
v 6.262551 0.834060 -3.242589
v 5.463892 0.833573 -3.241929
v 4.665234 0.833085 -3.241268
v 3.866575 0.832598 -3.240608
v 3.067917 0.832110 -3.239948
v 2.269259 0.831622 -3.239288
v 1.470600 0.831135 -3.238628
v 0.671942 0.830647 -3.237968
v -0.126717 0.830160 -3.237308
v 7.859033 0.834457 -4.253925
v 7.060375 0.833970 -4.253265
v 6.261716 0.833482 -4.252605
v 5.463058 0.832995 -4.251945
v 4.664399 0.832507 -4.251285
v 3.865741 0.832019 -4.250625
v 3.067082 0.831532 -4.249965
v 2.268424 0.831044 -4.249305
v 1.469766 0.830557 -4.248645
v 0.671107 0.830069 -4.247985
v -0.127551 0.829581 -4.247324
v 7.858199 0.833879 -5.263941
v 7.059540 0.833392 -5.263281
v 6.260882 0.832904 -5.262621
v 5.462223 0.832416 -5.261961
v 4.663565 0.831929 -5.261301
v 3.864907 0.831441 -5.260641
v 3.066248 0.830954 -5.259981
v 2.267590 0.830466 -5.259321
v 1.468931 0.829978 -5.258661
v 0.670273 0.829491 -5.258000
v -0.128385 0.829003 -5.257340
vt 0.000000 0.000000
vt 0.100000 0.000000
vt 0.200000 0.000000
vt 0.300000 0.000000
vt 0.400000 0.000000
vt 0.500000 0.000000
vt 0.600000 0.000000
vt 0.700000 0.000000
vt 0.800000 0.000000
vt 0.900000 0.000000
vt 1.000000 0.000000
vt 0.000000 0.100000
vt 0.100000 0.100000
vt 0.200000 0.100000
vt 0.300000 0.100000
vt 0.400000 0.100000
vt 0.500000 0.100000
vt 0.600000 0.100000
vt 0.700000 0.100000
vt 0.800000 0.100000
vt 0.900000 0.100000
vt 1.000000 0.100000
vt 0.000000 0.200000
vt 0.100000 0.200000
vt 0.200000 0.200000
vt 0.300000 0.200000
vt 0.400000 0.200000
vt 0.500000 0.200000
vt 0.600000 0.200000
vt 0.700000 0.200000
vt 0.800000 0.200000
vt 0.900000 0.200000
vt 1.000000 0.200000
vt 0.000000 0.300000
vt 0.100000 0.300000
vt 0.200000 0.300000
vt 0.300000 0.300000
vt 0.400000 0.300000
vt 0.500000 0.300000
vt 0.600000 0.300000
vt 0.700000 0.300000
vt 0.800000 0.300000
vt 0.900000 0.300000
vt 1.000000 0.300000
vt 0.000000 0.400000
vt 0.100000 0.400000
vt 0.200000 0.400000
vt 0.300000 0.400000
vt 0.400000 0.400000
vt 0.500000 0.400000
vt 0.600000 0.400000
vt 0.700000 0.400000
vt 0.800000 0.400000
vt 0.900000 0.400000
vt 1.000000 0.400000
vt 0.000000 0.500000
vt 0.100000 0.500000
vt 0.200000 0.500000
vt 0.300000 0.500000
vt 0.400000 0.500000
vt 0.500000 0.500000
vt 0.600000 0.500000
vt 0.700000 0.500000
vt 0.800000 0.500000
vt 0.900000 0.500000
vt 1.000000 0.500000
vt 0.000000 0.600000
vt 0.100000 0.600000
vt 0.200000 0.600000
vt 0.300000 0.600000
vt 0.400000 0.600000
vt 0.500000 0.600000
vt 0.600000 0.600000
vt 0.700000 0.600000
vt 0.800000 0.600000
vt 0.900000 0.600000
vt 1.000000 0.600000
vt 0.000000 0.700000
vt 0.100000 0.700000
vt 0.200000 0.700000
vt 0.300000 0.700000
vt 0.400000 0.700000
vt 0.500000 0.700000
vt 0.600000 0.700000
vt 0.700000 0.700000
vt 0.800000 0.700000
vt 0.900000 0.700000
vt 1.000000 0.700000
vt 0.000000 0.800000
vt 0.100000 0.800000
vt 0.200000 0.800000
vt 0.300000 0.800000
vt 0.400000 0.800000
vt 0.500000 0.800000
vt 0.600000 0.800000
vt 0.700000 0.800000
vt 0.800000 0.800000
vt 0.900000 0.800000
vt 1.000000 0.800000
vt 0.000000 0.900000
vt 0.100000 0.900000
vt 0.200000 0.900000
vt 0.300000 0.900000
vt 0.400000 0.900000
vt 0.500000 0.900000
vt 0.600000 0.900000
vt 0.700000 0.900000
vt 0.800000 0.900000
vt 0.900000 0.900000
vt 1.000000 0.900000
vt 0.000000 1.000000
vt 0.100000 1.000000
vt 0.200000 1.000000
vt 0.300000 1.000000
vt 0.400000 1.000000
vt 0.500000 1.000000
vt 0.600000 1.000000
vt 0.700000 1.000000
vt 0.800000 1.000000
vt 0.900000 1.000000
vt 1.000000 1.000000
vn 0.000611 -1.000000 0.000572
vn 0.000611 -1.000000 0.000572
vn 0.000611 -1.000000 0.000572
vn 0.000611 -1.000000 0.000572
vn 0.000611 -1.000000 0.000572
vn 0.000611 -1.000000 0.000572
vn 0.000611 -1.000000 0.000572
vn 0.000611 -1.000000 0.000572
vn 0.000611 -1.000000 0.000572
vn 0.000611 -1.000000 0.000572
vn 0.000611 -1.000000 0.000572
vn 0.000611 -1.000000 0.000572
vn 0.000611 -1.000000 0.000572
vn 0.000611 -1.000000 0.000572
vn 0.000611 -1.000000 0.000572
vn 0.000611 -1.000000 0.000572
vn 0.000611 -1.000000 0.000572
vn 0.000611 -1.000000 0.000572
vn 0.000611 -1.000000 0.000572
vn 0.000611 -1.000000 0.000572
vn 0.000611 -1.000000 0.000572
vn 0.000611 -1.000000 0.000572
vn 0.000611 -1.000000 0.000572
vn 0.000611 -1.000000 0.000572
vn 0.000611 -1.000000 0.000572
vn 0.000611 -1.000000 0.000572
vn 0.000611 -1.000000 0.000572
vn 0.000611 -1.000000 0.000572
vn 0.000611 -1.000000 0.000572
vn 0.000611 -1.000000 0.000572
vn 0.000611 -1.000000 0.000572
vn 0.000611 -1.000000 0.000572
vn 0.000611 -1.000000 0.000572
vn 0.000611 -1.000000 0.000572
vn 0.000611 -1.000000 0.000572
vn 0.000611 -1.000000 0.000572
vn 0.000611 -1.000000 0.000572
vn 0.000611 -1.000000 0.000572
vn 0.000611 -1.000000 0.000572
vn 0.000611 -1.000000 0.000572
vn 0.000611 -1.000000 0.000572
vn 0.000611 -1.000000 0.000572
vn 0.000611 -1.000000 0.000572
vn 0.000611 -1.000000 0.000572
vn 0.000611 -1.000000 0.000572
vn 0.000611 -1.000000 0.000572
vn 0.000611 -1.000000 0.000572
vn 0.000611 -1.000000 0.000572
vn 0.000611 -1.000000 0.000572
vn 0.000611 -1.000000 0.000572
vn 0.000611 -1.000000 0.000572
vn 0.000611 -1.000000 0.000572
vn 0.000611 -1.000000 0.000572
vn 0.000611 -1.000000 0.000572
vn 0.000611 -1.000000 0.000572
vn 0.000611 -1.000000 0.000572
vn 0.000611 -1.000000 0.000572
vn 0.000611 -1.000000 0.000572
vn 0.000611 -1.000000 0.000572
vn 0.000611 -1.000000 0.000572
vn 0.000611 -1.000000 0.000572
vn 0.000611 -1.000000 0.000572
vn 0.000611 -1.000000 0.000572
vn 0.000611 -1.000000 0.000572
vn 0.000611 -1.000000 0.000572
vn 0.000611 -1.000000 0.000572
vn 0.000611 -1.000000 0.000572
vn 0.000611 -1.000000 0.000572
vn 0.000611 -1.000000 0.000572
vn 0.000611 -1.000000 0.000572
vn 0.000611 -1.000000 0.000572
vn 0.000611 -1.000000 0.000572
vn 0.000611 -1.000000 0.000572
vn 0.000611 -1.000000 0.000572
vn 0.000611 -1.000000 0.000572
vn 0.000611 -1.000000 0.000572
vn 0.000611 -1.000000 0.000572
vn 0.000611 -1.000000 0.000572
vn 0.000611 -1.000000 0.000572
vn 0.000611 -1.000000 0.000572
vn 0.000611 -1.000000 0.000572
vn 0.000611 -1.000000 0.000572
vn 0.000611 -1.000000 0.000572
vn 0.000611 -1.000000 0.000572
vn 0.000611 -1.000000 0.000572
vn 0.000611 -1.000000 0.000572
vn 0.000611 -1.000000 0.000572
vn 0.000611 -1.000000 0.000572
vn 0.000611 -1.000000 0.000572
vn 0.000611 -1.000000 0.000572
vn 0.000611 -1.000000 0.000572
vn 0.000611 -1.000000 0.000572
vn 0.000611 -1.000000 0.000572
vn 0.000611 -1.000000 0.000572
vn 0.000611 -1.000000 0.000572
vn 0.000611 -1.000000 0.000572
vn 0.000611 -1.000000 0.000572
vn 0.000611 -1.000000 0.000572
vn 0.000611 -1.000000 0.000572
vn 0.000611 -1.000000 0.000572
vn 0.000611 -1.000000 0.000572
vn 0.000611 -1.000000 0.000572
vn 0.000611 -1.000000 0.000572
vn 0.000611 -1.000000 0.000572
vn 0.000611 -1.000000 0.000572
vn 0.000611 -1.000000 0.000572
vn 0.000611 -1.000000 0.000572
vn 0.000611 -1.000000 0.000572
vn 0.000611 -1.000000 0.000572
vn 0.000611 -1.000000 0.000572
vn 0.000611 -1.000000 0.000572
vn 0.000611 -1.000000 0.000572
vn 0.000611 -1.000000 0.000572
vn 0.000611 -1.000000 0.000572
vn 0.000611 -1.000000 0.000572
vn 0.000611 -1.000000 0.000572
vn 0.000611 -1.000000 0.000572
vn 0.000611 -1.000000 0.000572
vn 0.000611 -1.000000 0.000572
vn 0.000611 -1.000000 0.000572
vn 0.000611 -1.000000 0.000572
s 1
g group2 locator1 pPlane1 pCube1 Book_L
usemtl lambert4SG
f 2364/2468/2604 2365/2469/2605 2376/2480/2606 2375/2479/2607
f 2365/2469/2605 2366/2470/2608 2377/2481/2609 2376/2480/2606
f 2366/2470/2608 2367/2471/2610 2378/2482/2611 2377/2481/2609
f 2367/2471/2610 2368/2472/2612 2379/2483/2613 2378/2482/2611
f 2368/2472/2612 2369/2473/2614 2380/2484/2615 2379/2483/2613
f 2369/2473/2614 2370/2474/2616 2381/2485/2617 2380/2484/2615
f 2370/2474/2616 2371/2475/2618 2382/2486/2619 2381/2485/2617
f 2371/2475/2618 2372/2476/2620 2383/2487/2621 2382/2486/2619
f 2372/2476/2620 2373/2477/2622 2384/2488/2623 2383/2487/2621
f 2373/2477/2622 2374/2478/2624 2385/2489/2625 2384/2488/2623
f 2375/2479/2607 2376/2480/2606 2387/2491/2626 2386/2490/2627
f 2376/2480/2606 2377/2481/2609 2388/2492/2628 2387/2491/2626
f 2377/2481/2609 2378/2482/2611 2389/2493/2629 2388/2492/2628
f 2378/2482/2611 2379/2483/2613 2390/2494/2630 2389/2493/2629
f 2379/2483/2613 2380/2484/2615 2391/2495/2631 2390/2494/2630
f 2380/2484/2615 2381/2485/2617 2392/2496/2632 2391/2495/2631
f 2381/2485/2617 2382/2486/2619 2393/2497/2633 2392/2496/2632
f 2382/2486/2619 2383/2487/2621 2394/2498/2634 2393/2497/2633
f 2383/2487/2621 2384/2488/2623 2395/2499/2635 2394/2498/2634
f 2384/2488/2623 2385/2489/2625 2396/2500/2636 2395/2499/2635
f 2386/2490/2627 2387/2491/2626 2398/2502/2637 2397/2501/2638
f 2387/2491/2626 2388/2492/2628 2399/2503/2639 2398/2502/2637
f 2388/2492/2628 2389/2493/2629 2400/2504/2640 2399/2503/2639
f 2389/2493/2629 2390/2494/2630 2401/2505/2641 2400/2504/2640
f 2390/2494/2630 2391/2495/2631 2402/2506/2642 2401/2505/2641
f 2391/2495/2631 2392/2496/2632 2403/2507/2643 2402/2506/2642
f 2392/2496/2632 2393/2497/2633 2404/2508/2644 2403/2507/2643
f 2393/2497/2633 2394/2498/2634 2405/2509/2645 2404/2508/2644
f 2394/2498/2634 2395/2499/2635 2406/2510/2646 2405/2509/2645
f 2395/2499/2635 2396/2500/2636 2407/2511/2647 2406/2510/2646
f 2397/2501/2638 2398/2502/2637 2409/2513/2648 2408/2512/2649
f 2398/2502/2637 2399/2503/2639 2410/2514/2650 2409/2513/2648
f 2399/2503/2639 2400/2504/2640 2411/2515/2651 2410/2514/2650
f 2400/2504/2640 2401/2505/2641 2412/2516/2652 2411/2515/2651
f 2401/2505/2641 2402/2506/2642 2413/2517/2653 2412/2516/2652
f 2402/2506/2642 2403/2507/2643 2414/2518/2654 2413/2517/2653
f 2403/2507/2643 2404/2508/2644 2415/2519/2655 2414/2518/2654
f 2404/2508/2644 2405/2509/2645 2416/2520/2656 2415/2519/2655
f 2405/2509/2645 2406/2510/2646 2417/2521/2657 2416/2520/2656
f 2406/2510/2646 2407/2511/2647 2418/2522/2658 2417/2521/2657
f 2408/2512/2649 2409/2513/2648 2420/2524/2659 2419/2523/2660
f 2409/2513/2648 2410/2514/2650 2421/2525/2661 2420/2524/2659
f 2410/2514/2650 2411/2515/2651 2422/2526/2662 2421/2525/2661
f 2411/2515/2651 2412/2516/2652 2423/2527/2663 2422/2526/2662
f 2412/2516/2652 2413/2517/2653 2424/2528/2664 2423/2527/2663
f 2413/2517/2653 2414/2518/2654 2425/2529/2665 2424/2528/2664
f 2414/2518/2654 2415/2519/2655 2426/2530/2666 2425/2529/2665
f 2415/2519/2655 2416/2520/2656 2427/2531/2667 2426/2530/2666
f 2416/2520/2656 2417/2521/2657 2428/2532/2668 2427/2531/2667
f 2417/2521/2657 2418/2522/2658 2429/2533/2669 2428/2532/2668
f 2419/2523/2660 2420/2524/2659 2431/2535/2670 2430/2534/2671
f 2420/2524/2659 2421/2525/2661 2432/2536/2672 2431/2535/2670
f 2421/2525/2661 2422/2526/2662 2433/2537/2673 2432/2536/2672
f 2422/2526/2662 2423/2527/2663 2434/2538/2674 2433/2537/2673
f 2423/2527/2663 2424/2528/2664 2435/2539/2675 2434/2538/2674
f 2424/2528/2664 2425/2529/2665 2436/2540/2676 2435/2539/2675
f 2425/2529/2665 2426/2530/2666 2437/2541/2677 2436/2540/2676
f 2426/2530/2666 2427/2531/2667 2438/2542/2678 2437/2541/2677
f 2427/2531/2667 2428/2532/2668 2439/2543/2679 2438/2542/2678
f 2428/2532/2668 2429/2533/2669 2440/2544/2680 2439/2543/2679
f 2430/2534/2671 2431/2535/2670 2442/2546/2681 2441/2545/2682
f 2431/2535/2670 2432/2536/2672 2443/2547/2683 2442/2546/2681
f 2432/2536/2672 2433/2537/2673 2444/2548/2684 2443/2547/2683
f 2433/2537/2673 2434/2538/2674 2445/2549/2685 2444/2548/2684
f 2434/2538/2674 2435/2539/2675 2446/2550/2686 2445/2549/2685
f 2435/2539/2675 2436/2540/2676 2447/2551/2687 2446/2550/2686
f 2436/2540/2676 2437/2541/2677 2448/2552/2688 2447/2551/2687
f 2437/2541/2677 2438/2542/2678 2449/2553/2689 2448/2552/2688
f 2438/2542/2678 2439/2543/2679 2450/2554/2690 2449/2553/2689
f 2439/2543/2679 2440/2544/2680 2451/2555/2691 2450/2554/2690
f 2441/2545/2682 2442/2546/2681 2453/2557/2692 2452/2556/2693
f 2442/2546/2681 2443/2547/2683 2454/2558/2694 2453/2557/2692
f 2443/2547/2683 2444/2548/2684 2455/2559/2695 2454/2558/2694
f 2444/2548/2684 2445/2549/2685 2456/2560/2696 2455/2559/2695
f 2445/2549/2685 2446/2550/2686 2457/2561/2697 2456/2560/2696
f 2446/2550/2686 2447/2551/2687 2458/2562/2698 2457/2561/2697
f 2447/2551/2687 2448/2552/2688 2459/2563/2699 2458/2562/2698
f 2448/2552/2688 2449/2553/2689 2460/2564/2700 2459/2563/2699
f 2449/2553/2689 2450/2554/2690 2461/2565/2701 2460/2564/2700
f 2450/2554/2690 2451/2555/2691 2462/2566/2702 2461/2565/2701
f 2452/2556/2693 2453/2557/2692 2464/2568/2703 2463/2567/2704
f 2453/2557/2692 2454/2558/2694 2465/2569/2705 2464/2568/2703
f 2454/2558/2694 2455/2559/2695 2466/2570/2706 2465/2569/2705
f 2455/2559/2695 2456/2560/2696 2467/2571/2707 2466/2570/2706
f 2456/2560/2696 2457/2561/2697 2468/2572/2708 2467/2571/2707
f 2457/2561/2697 2458/2562/2698 2469/2573/2709 2468/2572/2708
f 2458/2562/2698 2459/2563/2699 2470/2574/2710 2469/2573/2709
f 2459/2563/2699 2460/2564/2700 2471/2575/2711 2470/2574/2710
f 2460/2564/2700 2461/2565/2701 2472/2576/2712 2471/2575/2711
f 2461/2565/2701 2462/2566/2702 2473/2577/2713 2472/2576/2712
f 2463/2567/2704 2464/2568/2703 2475/2579/2714 2474/2578/2715
f 2464/2568/2703 2465/2569/2705 2476/2580/2716 2475/2579/2714
f 2465/2569/2705 2466/2570/2706 2477/2581/2717 2476/2580/2716
f 2466/2570/2706 2467/2571/2707 2478/2582/2718 2477/2581/2717
f 2467/2571/2707 2468/2572/2708 2479/2583/2719 2478/2582/2718
f 2468/2572/2708 2469/2573/2709 2480/2584/2720 2479/2583/2719
f 2469/2573/2709 2470/2574/2710 2481/2585/2721 2480/2584/2720
f 2470/2574/2710 2471/2575/2711 2482/2586/2722 2481/2585/2721
f 2471/2575/2711 2472/2576/2712 2483/2587/2723 2482/2586/2722
f 2472/2576/2712 2473/2577/2713 2484/2588/2724 2483/2587/2723
g default
v 0.352564 0.779873 2.206622
v 1.053532 0.785408 2.208303
v 1.754500 0.790944 2.209984
v 2.455467 0.796479 2.211666
v 3.156435 0.802015 2.213347
v 3.857403 0.807551 2.215029
v 4.558370 0.813086 2.216710
v 5.259338 0.818622 2.218392
v 5.960306 0.824157 2.220073
v 6.661273 0.829693 2.221755
v 7.362241 0.835228 2.223436
v 0.353396 0.779485 1.509136
v 1.054364 0.785020 1.510817
v 1.755332 0.790556 1.512499
v 2.456299 0.796091 1.514180
v 3.157267 0.801627 1.515862
v 3.858235 0.807162 1.517543
v 4.559203 0.812698 1.519225
v 5.260170 0.818233 1.520906
v 5.961138 0.823769 1.522588
v 6.662106 0.829305 1.524269
v 7.363073 0.834840 1.525951
v 0.354229 0.779096 0.811650
v 1.055196 0.784632 0.813331
v 1.756164 0.790168 0.815013
v 2.457132 0.795703 0.816694
v 3.158099 0.801239 0.818376
v 3.859067 0.806774 0.820057
v 4.560035 0.812310 0.821739
v 5.261002 0.817845 0.823420
v 5.961970 0.823381 0.825102
v 6.662938 0.828916 0.826783
v 7.363905 0.834452 0.828465
v 0.355061 0.778708 0.114164
v 1.056028 0.784244 0.115845
v 1.756996 0.789779 0.117527
v 2.457964 0.795315 0.119208
v 3.158931 0.800850 0.120890
v 3.859899 0.806386 0.122571
v 4.560867 0.811922 0.124253
v 5.261834 0.817457 0.125934
v 5.962802 0.822993 0.127616
v 6.663770 0.828528 0.129297
v 7.364737 0.834064 0.130979
v 0.355893 0.778320 -0.583322
v 1.056860 0.783856 -0.581640
v 1.757828 0.789391 -0.579959
v 2.458796 0.794927 -0.578277
v 3.159763 0.800462 -0.576596
v 3.860731 0.805998 -0.574914
v 4.561699 0.811533 -0.573233
v 5.262666 0.817069 -0.571551
v 5.963634 0.822604 -0.569870
v 6.664602 0.828140 -0.568188
v 7.365569 0.833676 -0.566507
v 0.356725 0.777932 -1.280808
v 1.057692 0.783467 -1.279126
v 1.758660 0.789003 -1.277445
v 2.459628 0.794539 -1.275763
v 3.160596 0.800074 -1.274082
v 3.861563 0.805610 -1.272400
v 4.562531 0.811145 -1.270719
v 5.263498 0.816681 -1.269037
v 5.964466 0.822216 -1.267356
v 6.665434 0.827752 -1.265674
v 7.366401 0.833287 -1.263993
v 0.357557 0.777544 -1.978294
v 1.058525 0.783079 -1.976612
v 1.759492 0.788615 -1.974931
v 2.460460 0.794150 -1.973249
v 3.161428 0.799686 -1.971568
v 3.862395 0.805221 -1.969886
v 4.563363 0.810757 -1.968205
v 5.264330 0.816293 -1.966523
v 5.965298 0.821828 -1.964842
v 6.666266 0.827364 -1.963160
v 7.367234 0.832899 -1.961479
v 0.358389 0.777156 -2.675779
v 1.059357 0.782691 -2.674098
v 1.760324 0.788227 -2.672416
v 2.461292 0.793762 -2.670735
v 3.162260 0.799298 -2.669053
v 3.863227 0.804833 -2.667372
v 4.564195 0.810369 -2.665690
v 5.265163 0.815904 -2.664009
v 5.966130 0.821440 -2.662327
v 6.667098 0.826976 -2.660646
v 7.368066 0.832511 -2.658964
v 0.359221 0.776767 -3.373265
v 1.060189 0.782303 -3.371584
v 1.761156 0.787838 -3.369902
v 2.462124 0.793374 -3.368221
v 3.163092 0.798910 -3.366539
v 3.864059 0.804445 -3.364858
v 4.565027 0.809981 -3.363176
v 5.265995 0.815516 -3.361495
v 5.966963 0.821052 -3.359813
v 6.667930 0.826587 -3.358132
v 7.368898 0.832123 -3.356450
v 0.360053 0.776379 -4.070751
v 1.061021 0.781915 -4.069070
v 1.761989 0.787450 -4.067388
v 2.462956 0.792986 -4.065707
v 3.163924 0.798521 -4.064025
v 3.864892 0.804057 -4.062344
v 4.565859 0.809593 -4.060662
v 5.266827 0.815128 -4.058981
v 5.967795 0.820664 -4.057299
v 6.668762 0.826199 -4.055618
v 7.369730 0.831735 -4.053936
v 0.360885 0.775991 -4.768237
v 1.061853 0.781527 -4.766555
v 1.762821 0.787062 -4.764874
v 2.463788 0.792598 -4.763192
v 3.164756 0.798133 -4.761511
v 3.865724 0.803669 -4.759829
v 4.566692 0.809204 -4.758148
v 5.267659 0.814740 -4.756466
v 5.968627 0.820275 -4.754785
v 6.669595 0.825811 -4.753103
v 7.370562 0.831347 -4.751422
vt 0.999531 1.000469
vt 0.899531 1.000375
vt 0.799531 1.000281
vt 0.699531 1.000187
vt 0.599531 1.000094
vt 0.499531 1.000000
vt 0.399531 0.999906
vt 0.299531 0.999812
vt 0.199531 0.999719
vt 0.099531 0.999625
vt -0.000469 0.999531
vt 0.999625 0.900469
vt 0.899625 0.900375
vt 0.799625 0.900281
vt 0.699625 0.900187
vt 0.599625 0.900094
vt 0.499625 0.900000
vt 0.399625 0.899906
vt 0.299625 0.899812
vt 0.199625 0.899719
vt 0.099625 0.899625
vt -0.000375 0.899531
vt 0.999719 0.800469
vt 0.899719 0.800375
vt 0.799719 0.800281
vt 0.699719 0.800187
vt 0.599719 0.800094
vt 0.499719 0.800000
vt 0.399719 0.799906
vt 0.299719 0.799812
vt 0.199719 0.799719
vt 0.099719 0.799625
vt -0.000281 0.799531
vt 0.999812 0.700469
vt 0.899812 0.700375
vt 0.799812 0.700281
vt 0.699812 0.700187
vt 0.599812 0.700094
vt 0.499812 0.700000
vt 0.399812 0.699906
vt 0.299813 0.699812
vt 0.199813 0.699719
vt 0.099813 0.699625
vt -0.000187 0.699531
vt 0.999906 0.600469
vt 0.899906 0.600375
vt 0.799906 0.600281
vt 0.699906 0.600187
vt 0.599906 0.600094
vt 0.499906 0.600000
vt 0.399906 0.599906
vt 0.299906 0.599812
vt 0.199906 0.599719
vt 0.099906 0.599625
vt -0.000094 0.599531
vt 1.000000 0.500469
vt 0.900000 0.500375
vt 0.800000 0.500281
vt 0.700000 0.500188
vt 0.600000 0.500094
vt 0.500000 0.500000
vt 0.400000 0.499906
vt 0.300000 0.499812
vt 0.200000 0.499719
vt 0.100000 0.499625
vt 0.000000 0.499531
vt 1.000094 0.400469
vt 0.900094 0.400375
vt 0.800094 0.400281
vt 0.700094 0.400188
vt 0.600094 0.400094
vt 0.500094 0.400000
vt 0.400094 0.399906
vt 0.300094 0.399812
vt 0.200094 0.399719
vt 0.100094 0.399625
vt 0.000094 0.399531
vt 1.000187 0.300469
vt 0.900187 0.300375
vt 0.800187 0.300281
vt 0.700187 0.300188
vt 0.600187 0.300094
vt 0.500188 0.300000
vt 0.400188 0.299906
vt 0.300188 0.299813
vt 0.200188 0.299719
vt 0.100188 0.299625
vt 0.000188 0.299531
vt 1.000281 0.200469
vt 0.900281 0.200375
vt 0.800281 0.200281
vt 0.700281 0.200188
vt 0.600281 0.200094
vt 0.500281 0.200000
vt 0.400281 0.199906
vt 0.300281 0.199813
vt 0.200281 0.199719
vt 0.100281 0.199625
vt 0.000281 0.199531
vt 1.000375 0.100469
vt 0.900375 0.100375
vt 0.800375 0.100281
vt 0.700375 0.100188
vt 0.600375 0.100094
vt 0.500375 0.100000
vt 0.400375 0.099906
vt 0.300375 0.099813
vt 0.200375 0.099719
vt 0.100375 0.099625
vt 0.000375 0.099531
vt 1.000469 0.000469
vt 0.900469 0.000375
vt 0.800469 0.000281
vt 0.700469 0.000188
vt 0.600469 0.000094
vt 0.500469 0.000000
vt 0.400469 -0.000094
vt 0.300469 -0.000187
vt 0.200469 -0.000281
vt 0.100469 -0.000375
vt 0.000469 -0.000469
vn -0.007895 0.999969 -0.000566
vn -0.007895 0.999969 -0.000566
vn -0.007895 0.999969 -0.000566
vn -0.007895 0.999969 -0.000566
vn -0.007895 0.999969 -0.000566
vn -0.007895 0.999969 -0.000566
vn -0.007895 0.999969 -0.000566
vn -0.007895 0.999969 -0.000566
vn -0.007895 0.999969 -0.000566
vn -0.007895 0.999969 -0.000566
vn -0.007895 0.999969 -0.000566
vn -0.007895 0.999969 -0.000566
vn -0.007895 0.999969 -0.000566
vn -0.007895 0.999969 -0.000566
vn -0.007895 0.999969 -0.000566
vn -0.007895 0.999969 -0.000566
vn -0.007895 0.999969 -0.000566
vn -0.007895 0.999969 -0.000566
vn -0.007895 0.999969 -0.000566
vn -0.007895 0.999969 -0.000566
vn -0.007895 0.999969 -0.000566
vn -0.007895 0.999969 -0.000566
vn -0.007895 0.999969 -0.000566
vn -0.007895 0.999969 -0.000566
vn -0.007895 0.999969 -0.000566
vn -0.007895 0.999969 -0.000566
vn -0.007895 0.999969 -0.000566
vn -0.007895 0.999969 -0.000566
vn -0.007895 0.999969 -0.000566
vn -0.007895 0.999969 -0.000566
vn -0.007895 0.999969 -0.000566
vn -0.007895 0.999969 -0.000566
vn -0.007895 0.999969 -0.000566
vn -0.007895 0.999969 -0.000566
vn -0.007895 0.999969 -0.000566
vn -0.007895 0.999969 -0.000566
vn -0.007895 0.999969 -0.000566
vn -0.007895 0.999969 -0.000566
vn -0.007895 0.999969 -0.000566
vn -0.007895 0.999969 -0.000566
vn -0.007895 0.999969 -0.000566
vn -0.007895 0.999969 -0.000566
vn -0.007895 0.999969 -0.000566
vn -0.007895 0.999969 -0.000566
vn -0.007895 0.999969 -0.000566
vn -0.007895 0.999969 -0.000566
vn -0.007895 0.999969 -0.000566
vn -0.007895 0.999969 -0.000566
vn -0.007895 0.999969 -0.000566
vn -0.007895 0.999969 -0.000566
vn -0.007895 0.999969 -0.000566
vn -0.007895 0.999969 -0.000566
vn -0.007895 0.999969 -0.000566
vn -0.007895 0.999969 -0.000566
vn -0.007895 0.999969 -0.000566
vn -0.007895 0.999969 -0.000566
vn -0.007895 0.999969 -0.000566
vn -0.007895 0.999969 -0.000566
vn -0.007895 0.999969 -0.000566
vn -0.007895 0.999969 -0.000566
vn -0.007895 0.999969 -0.000566
vn -0.007895 0.999969 -0.000566
vn -0.007895 0.999969 -0.000566
vn -0.007895 0.999969 -0.000566
vn -0.007895 0.999969 -0.000566
vn -0.007895 0.999969 -0.000566
vn -0.007895 0.999969 -0.000566
vn -0.007895 0.999969 -0.000566
vn -0.007895 0.999969 -0.000566
vn -0.007895 0.999969 -0.000566
vn -0.007895 0.999969 -0.000566
vn -0.007895 0.999969 -0.000566
vn -0.007895 0.999969 -0.000566
vn -0.007895 0.999969 -0.000566
vn -0.007895 0.999969 -0.000566
vn -0.007895 0.999969 -0.000566
vn -0.007895 0.999969 -0.000566
vn -0.007895 0.999969 -0.000566
vn -0.007895 0.999969 -0.000566
vn -0.007895 0.999969 -0.000566
vn -0.007895 0.999969 -0.000566
vn -0.007895 0.999969 -0.000566
vn -0.007895 0.999969 -0.000566
vn -0.007895 0.999969 -0.000566
vn -0.007895 0.999969 -0.000566
vn -0.007895 0.999969 -0.000566
vn -0.007895 0.999969 -0.000566
vn -0.007895 0.999969 -0.000566
vn -0.007895 0.999969 -0.000566
vn -0.007895 0.999969 -0.000566
vn -0.007895 0.999969 -0.000566
vn -0.007895 0.999969 -0.000566
vn -0.007895 0.999969 -0.000566
vn -0.007895 0.999969 -0.000566
vn -0.007895 0.999969 -0.000566
vn -0.007895 0.999969 -0.000566
vn -0.007895 0.999969 -0.000566
vn -0.007895 0.999969 -0.000566
vn -0.007895 0.999969 -0.000566
vn -0.007895 0.999969 -0.000566
vn -0.007895 0.999969 -0.000566
vn -0.007895 0.999969 -0.000566
vn -0.007895 0.999969 -0.000566
vn -0.007895 0.999969 -0.000566
vn -0.007895 0.999969 -0.000566
vn -0.007895 0.999969 -0.000566
vn -0.007895 0.999969 -0.000566
vn -0.007895 0.999969 -0.000566
vn -0.007895 0.999969 -0.000566
vn -0.007895 0.999969 -0.000566
vn -0.007895 0.999969 -0.000566
vn -0.007895 0.999969 -0.000566
vn -0.007895 0.999969 -0.000566
vn -0.007895 0.999969 -0.000566
vn -0.007895 0.999969 -0.000566
vn -0.007895 0.999969 -0.000566
vn -0.007895 0.999969 -0.000566
vn -0.007895 0.999969 -0.000566
vn -0.007895 0.999969 -0.000566
vn -0.007895 0.999969 -0.000566
vn -0.007895 0.999969 -0.000566
s 1
g group2 locator1 pPlane1 pCube1 Book_L pPlane8
usemtl lambert7SG
f 2485/2589/2725 2486/2590/2726 2497/2601/2727 2496/2600/2728
f 2486/2590/2726 2487/2591/2729 2498/2602/2730 2497/2601/2727
f 2487/2591/2729 2488/2592/2731 2499/2603/2732 2498/2602/2730
f 2488/2592/2731 2489/2593/2733 2500/2604/2734 2499/2603/2732
f 2489/2593/2733 2490/2594/2735 2501/2605/2736 2500/2604/2734
f 2490/2594/2735 2491/2595/2737 2502/2606/2738 2501/2605/2736
f 2491/2595/2737 2492/2596/2739 2503/2607/2740 2502/2606/2738
f 2492/2596/2739 2493/2597/2741 2504/2608/2742 2503/2607/2740
f 2493/2597/2741 2494/2598/2743 2505/2609/2744 2504/2608/2742
f 2494/2598/2743 2495/2599/2745 2506/2610/2746 2505/2609/2744
f 2496/2600/2728 2497/2601/2727 2508/2612/2747 2507/2611/2748
f 2497/2601/2727 2498/2602/2730 2509/2613/2749 2508/2612/2747
f 2498/2602/2730 2499/2603/2732 2510/2614/2750 2509/2613/2749
f 2499/2603/2732 2500/2604/2734 2511/2615/2751 2510/2614/2750
f 2500/2604/2734 2501/2605/2736 2512/2616/2752 2511/2615/2751
f 2501/2605/2736 2502/2606/2738 2513/2617/2753 2512/2616/2752
f 2502/2606/2738 2503/2607/2740 2514/2618/2754 2513/2617/2753
f 2503/2607/2740 2504/2608/2742 2515/2619/2755 2514/2618/2754
f 2504/2608/2742 2505/2609/2744 2516/2620/2756 2515/2619/2755
f 2505/2609/2744 2506/2610/2746 2517/2621/2757 2516/2620/2756
f 2507/2611/2748 2508/2612/2747 2519/2623/2758 2518/2622/2759
f 2508/2612/2747 2509/2613/2749 2520/2624/2760 2519/2623/2758
f 2509/2613/2749 2510/2614/2750 2521/2625/2761 2520/2624/2760
f 2510/2614/2750 2511/2615/2751 2522/2626/2762 2521/2625/2761
f 2511/2615/2751 2512/2616/2752 2523/2627/2763 2522/2626/2762
f 2512/2616/2752 2513/2617/2753 2524/2628/2764 2523/2627/2763
f 2513/2617/2753 2514/2618/2754 2525/2629/2765 2524/2628/2764
f 2514/2618/2754 2515/2619/2755 2526/2630/2766 2525/2629/2765
f 2515/2619/2755 2516/2620/2756 2527/2631/2767 2526/2630/2766
f 2516/2620/2756 2517/2621/2757 2528/2632/2768 2527/2631/2767
f 2518/2622/2759 2519/2623/2758 2530/2634/2769 2529/2633/2770
f 2519/2623/2758 2520/2624/2760 2531/2635/2771 2530/2634/2769
f 2520/2624/2760 2521/2625/2761 2532/2636/2772 2531/2635/2771
f 2521/2625/2761 2522/2626/2762 2533/2637/2773 2532/2636/2772
f 2522/2626/2762 2523/2627/2763 2534/2638/2774 2533/2637/2773
f 2523/2627/2763 2524/2628/2764 2535/2639/2775 2534/2638/2774
f 2524/2628/2764 2525/2629/2765 2536/2640/2776 2535/2639/2775
f 2525/2629/2765 2526/2630/2766 2537/2641/2777 2536/2640/2776
f 2526/2630/2766 2527/2631/2767 2538/2642/2778 2537/2641/2777
f 2527/2631/2767 2528/2632/2768 2539/2643/2779 2538/2642/2778
f 2529/2633/2770 2530/2634/2769 2541/2645/2780 2540/2644/2781
f 2530/2634/2769 2531/2635/2771 2542/2646/2782 2541/2645/2780
f 2531/2635/2771 2532/2636/2772 2543/2647/2783 2542/2646/2782
f 2532/2636/2772 2533/2637/2773 2544/2648/2784 2543/2647/2783
f 2533/2637/2773 2534/2638/2774 2545/2649/2785 2544/2648/2784
f 2534/2638/2774 2535/2639/2775 2546/2650/2786 2545/2649/2785
f 2535/2639/2775 2536/2640/2776 2547/2651/2787 2546/2650/2786
f 2536/2640/2776 2537/2641/2777 2548/2652/2788 2547/2651/2787
f 2537/2641/2777 2538/2642/2778 2549/2653/2789 2548/2652/2788
f 2538/2642/2778 2539/2643/2779 2550/2654/2790 2549/2653/2789
f 2540/2644/2781 2541/2645/2780 2552/2656/2791 2551/2655/2792
f 2541/2645/2780 2542/2646/2782 2553/2657/2793 2552/2656/2791
f 2542/2646/2782 2543/2647/2783 2554/2658/2794 2553/2657/2793
f 2543/2647/2783 2544/2648/2784 2555/2659/2795 2554/2658/2794
f 2544/2648/2784 2545/2649/2785 2556/2660/2796 2555/2659/2795
f 2545/2649/2785 2546/2650/2786 2557/2661/2797 2556/2660/2796
f 2546/2650/2786 2547/2651/2787 2558/2662/2798 2557/2661/2797
f 2547/2651/2787 2548/2652/2788 2559/2663/2799 2558/2662/2798
f 2548/2652/2788 2549/2653/2789 2560/2664/2800 2559/2663/2799
f 2549/2653/2789 2550/2654/2790 2561/2665/2801 2560/2664/2800
f 2551/2655/2792 2552/2656/2791 2563/2667/2802 2562/2666/2803
f 2552/2656/2791 2553/2657/2793 2564/2668/2804 2563/2667/2802
f 2553/2657/2793 2554/2658/2794 2565/2669/2805 2564/2668/2804
f 2554/2658/2794 2555/2659/2795 2566/2670/2806 2565/2669/2805
f 2555/2659/2795 2556/2660/2796 2567/2671/2807 2566/2670/2806
f 2556/2660/2796 2557/2661/2797 2568/2672/2808 2567/2671/2807
f 2557/2661/2797 2558/2662/2798 2569/2673/2809 2568/2672/2808
f 2558/2662/2798 2559/2663/2799 2570/2674/2810 2569/2673/2809
f 2559/2663/2799 2560/2664/2800 2571/2675/2811 2570/2674/2810
f 2560/2664/2800 2561/2665/2801 2572/2676/2812 2571/2675/2811
f 2562/2666/2803 2563/2667/2802 2574/2678/2813 2573/2677/2814
f 2563/2667/2802 2564/2668/2804 2575/2679/2815 2574/2678/2813
f 2564/2668/2804 2565/2669/2805 2576/2680/2816 2575/2679/2815
f 2565/2669/2805 2566/2670/2806 2577/2681/2817 2576/2680/2816
f 2566/2670/2806 2567/2671/2807 2578/2682/2818 2577/2681/2817
f 2567/2671/2807 2568/2672/2808 2579/2683/2819 2578/2682/2818
f 2568/2672/2808 2569/2673/2809 2580/2684/2820 2579/2683/2819
f 2569/2673/2809 2570/2674/2810 2581/2685/2821 2580/2684/2820
f 2570/2674/2810 2571/2675/2811 2582/2686/2822 2581/2685/2821
f 2571/2675/2811 2572/2676/2812 2583/2687/2823 2582/2686/2822
f 2573/2677/2814 2574/2678/2813 2585/2689/2824 2584/2688/2825
f 2574/2678/2813 2575/2679/2815 2586/2690/2826 2585/2689/2824
f 2575/2679/2815 2576/2680/2816 2587/2691/2827 2586/2690/2826
f 2576/2680/2816 2577/2681/2817 2588/2692/2828 2587/2691/2827
f 2577/2681/2817 2578/2682/2818 2589/2693/2829 2588/2692/2828
f 2578/2682/2818 2579/2683/2819 2590/2694/2830 2589/2693/2829
f 2579/2683/2819 2580/2684/2820 2591/2695/2831 2590/2694/2830
f 2580/2684/2820 2581/2685/2821 2592/2696/2832 2591/2695/2831
f 2581/2685/2821 2582/2686/2822 2593/2697/2833 2592/2696/2832
f 2582/2686/2822 2583/2687/2823 2594/2698/2834 2593/2697/2833
f 2584/2688/2825 2585/2689/2824 2596/2700/2835 2595/2699/2836
f 2585/2689/2824 2586/2690/2826 2597/2701/2837 2596/2700/2835
f 2586/2690/2826 2587/2691/2827 2598/2702/2838 2597/2701/2837
f 2587/2691/2827 2588/2692/2828 2599/2703/2839 2598/2702/2838
f 2588/2692/2828 2589/2693/2829 2600/2704/2840 2599/2703/2839
f 2589/2693/2829 2590/2694/2830 2601/2705/2841 2600/2704/2840
f 2590/2694/2830 2591/2695/2831 2602/2706/2842 2601/2705/2841
f 2591/2695/2831 2592/2696/2832 2603/2707/2843 2602/2706/2842
f 2592/2696/2832 2593/2697/2833 2604/2708/2844 2603/2707/2843
f 2593/2697/2833 2594/2698/2834 2605/2709/2845 2604/2708/2844
g default
v 1.119702 0.863218 3.860091
v 1.666739 0.867538 3.861404
v 2.213776 0.871858 3.862716
v 2.760813 0.876178 3.864028
v 3.307850 0.880498 3.865340
v 3.854886 0.884818 3.866653
v 4.401923 0.889138 3.867965
v 4.948960 0.893458 3.869277
v 5.495997 0.897778 3.870589
v 6.043034 0.902098 3.871902
v 6.590070 0.906418 3.873214
v 1.120352 0.862915 3.315772
v 1.667389 0.867235 3.317084
v 2.214425 0.871555 3.318396
v 2.761462 0.875875 3.319709
v 3.308499 0.880195 3.321021
v 3.855536 0.884515 3.322333
v 4.402573 0.888835 3.323645
v 4.949609 0.893155 3.324958
v 5.496646 0.897475 3.326270
v 6.043683 0.901795 3.327582
v 6.590720 0.906115 3.328894
v 1.121001 0.862612 2.771452
v 1.668038 0.866932 2.772765
v 2.215075 0.871252 2.774077
v 2.762112 0.875572 2.775389
v 3.309148 0.879892 2.776701
v 3.856185 0.884212 2.778013
v 4.403222 0.888532 2.779326
v 4.950259 0.892852 2.780638
v 5.497296 0.897172 2.781950
v 6.044333 0.901492 2.783262
v 6.591369 0.905812 2.784575
v 1.121651 0.862309 2.227133
v 1.668687 0.866629 2.228445
v 2.215724 0.870949 2.229757
v 2.762761 0.875269 2.231069
v 3.309798 0.879589 2.232382
v 3.856835 0.883909 2.233694
v 4.403872 0.888229 2.235006
v 4.950908 0.892549 2.236318
v 5.497945 0.896869 2.237631
v 6.044982 0.901189 2.238943
v 6.592019 0.905509 2.240255
v 1.122300 0.862006 1.682813
v 1.669337 0.866326 1.684125
v 2.216374 0.870646 1.685438
v 2.763410 0.874966 1.686750
v 3.310447 0.879286 1.688062
v 3.857484 0.883606 1.689374
v 4.404521 0.887926 1.690687
v 4.951557 0.892246 1.691999
v 5.498594 0.896566 1.693311
v 6.045631 0.900886 1.694623
v 6.592668 0.905206 1.695935
v 1.122949 0.861703 1.138494
v 1.669986 0.866023 1.139806
v 2.217023 0.870343 1.141118
v 2.764060 0.874663 1.142430
v 3.311097 0.878983 1.143742
v 3.858133 0.883303 1.145055
v 4.405170 0.887623 1.146367
v 4.952207 0.891943 1.147679
v 5.499244 0.896263 1.148991
v 6.046281 0.900583 1.150304
v 6.593317 0.904903 1.151616
v 1.123599 0.861401 0.594174
v 1.670636 0.865720 0.595486
v 2.217672 0.870040 0.596798
v 2.764709 0.874360 0.598111
v 3.311746 0.878680 0.599423
v 3.858783 0.883000 0.600735
v 4.405820 0.887320 0.602047
v 4.952856 0.891640 0.603360
v 5.499893 0.895960 0.604672
v 6.046930 0.900280 0.605984
v 6.593967 0.904600 0.607296
v 1.124248 0.861098 0.049854
v 1.671285 0.865418 0.051167
v 2.218322 0.869737 0.052479
v 2.765359 0.874057 0.053791
v 3.312395 0.878377 0.055103
v 3.859432 0.882697 0.056416
v 4.406469 0.887017 0.057728
v 4.953506 0.891337 0.059040
v 5.500543 0.895657 0.060352
v 6.047579 0.899977 0.061665
v 6.594616 0.904297 0.062977
v 1.124898 0.860795 -0.494465
v 1.671934 0.865115 -0.493153
v 2.218971 0.869435 -0.491841
v 2.766008 0.873755 -0.490529
v 3.313045 0.878074 -0.489216
v 3.860082 0.882394 -0.487904
v 4.407118 0.886714 -0.486592
v 4.954155 0.891034 -0.485280
v 5.501192 0.895354 -0.483967
v 6.048229 0.899674 -0.482655
v 6.595265 0.903994 -0.481343
v 1.125547 0.860492 -1.038785
v 1.672584 0.864812 -1.037473
v 2.219620 0.869132 -1.036160
v 2.766657 0.873452 -1.034848
v 3.313694 0.877772 -1.033536
v 3.860731 0.882092 -1.032224
v 4.407768 0.886411 -1.030911
v 4.954804 0.890731 -1.029599
v 5.501841 0.895051 -1.028287
v 6.048878 0.899371 -1.026975
v 6.595915 0.903691 -1.025663
v 1.126196 0.860189 -1.583104
v 1.673233 0.864509 -1.581792
v 2.220270 0.868829 -1.580480
v 2.767307 0.873149 -1.579168
v 3.314344 0.877469 -1.577855
v 3.861380 0.881789 -1.576543
v 4.408417 0.886109 -1.575231
v 4.955454 0.890429 -1.573919
v 5.502491 0.894748 -1.572606
v 6.049528 0.899068 -1.571294
v 6.596564 0.903388 -1.569982
vt 1.002236 0.997754
vt 0.902237 0.998202
vt 0.802238 0.998651
vt 0.702239 0.999099
vt 0.602240 0.999547
vt 0.502241 0.999995
vt 0.402242 1.000443
vt 0.302243 1.000891
vt 0.202244 1.001339
vt 0.102245 1.001788
vt 0.002246 1.002236
vt 1.001788 0.897755
vt 0.901789 0.898203
vt 0.801790 0.898652
vt 0.701791 0.899100
vt 0.601792 0.899548
vt 0.501793 0.899996
vt 0.401794 0.900444
vt 0.301795 0.900892
vt 0.201796 0.901341
vt 0.101797 0.901789
vt 0.001798 0.902237
vt 1.001339 0.797756
vt 0.901340 0.798204
vt 0.801341 0.798652
vt 0.701342 0.799101
vt 0.601343 0.799549
vt 0.501345 0.799997
vt 0.401345 0.800445
vt 0.301346 0.800893
vt 0.201348 0.801341
vt 0.101348 0.801790
vt 0.001349 0.802238
vt 1.000891 0.697757
vt 0.900892 0.698205
vt 0.800893 0.698653
vt 0.700894 0.699102
vt 0.600895 0.699550
vt 0.500896 0.699998
vt 0.400897 0.700446
vt 0.300898 0.700894
vt 0.200899 0.701343
vt 0.100900 0.701791
vt 0.000901 0.702239
vt 1.000443 0.597758
vt 0.900444 0.598206
vt 0.800445 0.598655
vt 0.700446 0.599103
vt 0.600447 0.599551
vt 0.500448 0.599999
vt 0.400449 0.600447
vt 0.300450 0.600895
vt 0.200451 0.601343
vt 0.100452 0.601792
vt 0.000453 0.602240
vt 0.999995 0.497759
vt 0.899996 0.498207
vt 0.799997 0.498655
vt 0.699998 0.499104
vt 0.599999 0.499552
vt 0.500000 0.500000
vt 0.400001 0.500448
vt 0.300002 0.500896
vt 0.200003 0.501344
vt 0.100004 0.501792
vt 0.000005 0.502241
vt 0.999547 0.397760
vt 0.899548 0.398208
vt 0.799549 0.398656
vt 0.699550 0.399105
vt 0.599551 0.399553
vt 0.499552 0.400001
vt 0.399553 0.400449
vt 0.299554 0.400897
vt 0.199555 0.401345
vt 0.099556 0.401794
vt -0.000443 0.402242
vt 0.999099 0.297761
vt 0.899100 0.298209
vt 0.799101 0.298658
vt 0.699102 0.299106
vt 0.599103 0.299554
vt 0.499104 0.300002
vt 0.399105 0.300450
vt 0.299106 0.300898
vt 0.199107 0.301346
vt 0.099108 0.301795
vt -0.000891 0.302243
vt 0.998651 0.197762
vt 0.898652 0.198210
vt 0.798652 0.198659
vt 0.698653 0.199107
vt 0.598655 0.199555
vt 0.498656 0.200003
vt 0.398656 0.200451
vt 0.298657 0.200899
vt 0.198658 0.201348
vt 0.098659 0.201796
vt -0.001339 0.202244
vt 0.998202 0.097763
vt 0.898203 0.098211
vt 0.798204 0.098659
vt 0.698205 0.099108
vt 0.598206 0.099556
vt 0.498207 0.100004
vt 0.398208 0.100452
vt 0.298209 0.100900
vt 0.198210 0.101348
vt 0.098211 0.101797
vt -0.001788 0.102245
vt 0.997754 -0.002236
vt 0.897755 -0.001788
vt 0.797756 -0.001339
vt 0.697757 -0.000891
vt 0.597758 -0.000443
vt 0.497759 0.000005
vt 0.397760 0.000453
vt 0.297761 0.000901
vt 0.197762 0.001349
vt 0.097763 0.001798
vt -0.002236 0.002246
vn -0.007895 0.999969 -0.000566
vn -0.007895 0.999969 -0.000566
vn -0.007895 0.999969 -0.000566
vn -0.007895 0.999969 -0.000566
vn -0.007895 0.999969 -0.000566
vn -0.007895 0.999969 -0.000566
vn -0.007895 0.999969 -0.000566
vn -0.007895 0.999969 -0.000566
vn -0.007895 0.999969 -0.000566
vn -0.007895 0.999969 -0.000566
vn -0.007895 0.999969 -0.000566
vn -0.007895 0.999969 -0.000566
vn -0.007895 0.999969 -0.000566
vn -0.007895 0.999969 -0.000566
vn -0.007895 0.999969 -0.000566
vn -0.007895 0.999969 -0.000566
vn -0.007895 0.999969 -0.000566
vn -0.007895 0.999969 -0.000566
vn -0.007895 0.999969 -0.000566
vn -0.007895 0.999969 -0.000566
vn -0.007895 0.999969 -0.000566
vn -0.007895 0.999969 -0.000566
vn -0.007895 0.999969 -0.000566
vn -0.007895 0.999969 -0.000566
vn -0.007895 0.999969 -0.000566
vn -0.007895 0.999969 -0.000566
vn -0.007895 0.999969 -0.000566
vn -0.007895 0.999969 -0.000566
vn -0.007895 0.999969 -0.000566
vn -0.007895 0.999969 -0.000566
vn -0.007895 0.999969 -0.000566
vn -0.007895 0.999969 -0.000566
vn -0.007895 0.999969 -0.000566
vn -0.007895 0.999969 -0.000566
vn -0.007895 0.999969 -0.000566
vn -0.007895 0.999969 -0.000566
vn -0.007895 0.999969 -0.000566
vn -0.007895 0.999969 -0.000566
vn -0.007895 0.999969 -0.000566
vn -0.007895 0.999969 -0.000566
vn -0.007895 0.999969 -0.000566
vn -0.007895 0.999969 -0.000566
vn -0.007895 0.999969 -0.000566
vn -0.007895 0.999969 -0.000566
vn -0.007895 0.999969 -0.000566
vn -0.007895 0.999969 -0.000566
vn -0.007895 0.999969 -0.000566
vn -0.007895 0.999969 -0.000566
vn -0.007895 0.999969 -0.000566
vn -0.007895 0.999969 -0.000566
vn -0.007895 0.999969 -0.000566
vn -0.007895 0.999969 -0.000566
vn -0.007895 0.999969 -0.000566
vn -0.007895 0.999969 -0.000566
vn -0.007895 0.999969 -0.000566
vn -0.007895 0.999969 -0.000566
vn -0.007895 0.999969 -0.000566
vn -0.007895 0.999969 -0.000566
vn -0.007895 0.999969 -0.000566
vn -0.007895 0.999969 -0.000566
vn -0.007895 0.999969 -0.000566
vn -0.007895 0.999969 -0.000566
vn -0.007895 0.999969 -0.000566
vn -0.007895 0.999969 -0.000566
vn -0.007895 0.999969 -0.000566
vn -0.007895 0.999969 -0.000566
vn -0.007895 0.999969 -0.000566
vn -0.007895 0.999969 -0.000566
vn -0.007895 0.999969 -0.000566
vn -0.007895 0.999969 -0.000566
vn -0.007895 0.999969 -0.000566
vn -0.007895 0.999969 -0.000566
vn -0.007895 0.999969 -0.000566
vn -0.007895 0.999969 -0.000566
vn -0.007895 0.999969 -0.000566
vn -0.007895 0.999969 -0.000566
vn -0.007895 0.999969 -0.000566
vn -0.007895 0.999969 -0.000566
vn -0.007895 0.999969 -0.000566
vn -0.007895 0.999969 -0.000566
vn -0.007895 0.999969 -0.000566
vn -0.007895 0.999969 -0.000566
vn -0.007895 0.999969 -0.000566
vn -0.007895 0.999969 -0.000566
vn -0.007895 0.999969 -0.000566
vn -0.007895 0.999969 -0.000566
vn -0.007895 0.999969 -0.000566
vn -0.007895 0.999969 -0.000566
vn -0.007895 0.999969 -0.000566
vn -0.007895 0.999969 -0.000566
vn -0.007895 0.999969 -0.000566
vn -0.007895 0.999969 -0.000566
vn -0.007895 0.999969 -0.000566
vn -0.007895 0.999969 -0.000566
vn -0.007895 0.999969 -0.000566
vn -0.007895 0.999969 -0.000566
vn -0.007895 0.999969 -0.000566
vn -0.007895 0.999969 -0.000566
vn -0.007895 0.999969 -0.000566
vn -0.007895 0.999969 -0.000566
vn -0.007895 0.999969 -0.000566
vn -0.007895 0.999969 -0.000566
vn -0.007895 0.999969 -0.000566
vn -0.007895 0.999969 -0.000566
vn -0.007895 0.999969 -0.000566
vn -0.007895 0.999969 -0.000566
vn -0.007895 0.999969 -0.000566
vn -0.007895 0.999969 -0.000566
vn -0.007895 0.999969 -0.000566
vn -0.007895 0.999969 -0.000566
vn -0.007895 0.999969 -0.000566
vn -0.007895 0.999969 -0.000566
vn -0.007895 0.999969 -0.000566
vn -0.007895 0.999969 -0.000566
vn -0.007895 0.999969 -0.000566
vn -0.007895 0.999969 -0.000566
vn -0.007895 0.999969 -0.000566
vn -0.007895 0.999969 -0.000566
vn -0.007895 0.999969 -0.000566
vn -0.007895 0.999969 -0.000566
vn -0.007895 0.999969 -0.000566
s 1
g group2 locator1 pPlane1 pCube1 Book_L pPlane9
usemtl lambert6SG
f 2606/2710/2846 2607/2711/2847 2618/2722/2848 2617/2721/2849
f 2607/2711/2847 2608/2712/2850 2619/2723/2851 2618/2722/2848
f 2608/2712/2850 2609/2713/2852 2620/2724/2853 2619/2723/2851
f 2609/2713/2852 2610/2714/2854 2621/2725/2855 2620/2724/2853
f 2610/2714/2854 2611/2715/2856 2622/2726/2857 2621/2725/2855
f 2611/2715/2856 2612/2716/2858 2623/2727/2859 2622/2726/2857
f 2612/2716/2858 2613/2717/2860 2624/2728/2861 2623/2727/2859
f 2613/2717/2860 2614/2718/2862 2625/2729/2863 2624/2728/2861
f 2614/2718/2862 2615/2719/2864 2626/2730/2865 2625/2729/2863
f 2615/2719/2864 2616/2720/2866 2627/2731/2867 2626/2730/2865
f 2617/2721/2849 2618/2722/2848 2629/2733/2868 2628/2732/2869
f 2618/2722/2848 2619/2723/2851 2630/2734/2870 2629/2733/2868
f 2619/2723/2851 2620/2724/2853 2631/2735/2871 2630/2734/2870
f 2620/2724/2853 2621/2725/2855 2632/2736/2872 2631/2735/2871
f 2621/2725/2855 2622/2726/2857 2633/2737/2873 2632/2736/2872
f 2622/2726/2857 2623/2727/2859 2634/2738/2874 2633/2737/2873
f 2623/2727/2859 2624/2728/2861 2635/2739/2875 2634/2738/2874
f 2624/2728/2861 2625/2729/2863 2636/2740/2876 2635/2739/2875
f 2625/2729/2863 2626/2730/2865 2637/2741/2877 2636/2740/2876
f 2626/2730/2865 2627/2731/2867 2638/2742/2878 2637/2741/2877
f 2628/2732/2869 2629/2733/2868 2640/2744/2879 2639/2743/2880
f 2629/2733/2868 2630/2734/2870 2641/2745/2881 2640/2744/2879
f 2630/2734/2870 2631/2735/2871 2642/2746/2882 2641/2745/2881
f 2631/2735/2871 2632/2736/2872 2643/2747/2883 2642/2746/2882
f 2632/2736/2872 2633/2737/2873 2644/2748/2884 2643/2747/2883
f 2633/2737/2873 2634/2738/2874 2645/2749/2885 2644/2748/2884
f 2634/2738/2874 2635/2739/2875 2646/2750/2886 2645/2749/2885
f 2635/2739/2875 2636/2740/2876 2647/2751/2887 2646/2750/2886
f 2636/2740/2876 2637/2741/2877 2648/2752/2888 2647/2751/2887
f 2637/2741/2877 2638/2742/2878 2649/2753/2889 2648/2752/2888
f 2639/2743/2880 2640/2744/2879 2651/2755/2890 2650/2754/2891
f 2640/2744/2879 2641/2745/2881 2652/2756/2892 2651/2755/2890
f 2641/2745/2881 2642/2746/2882 2653/2757/2893 2652/2756/2892
f 2642/2746/2882 2643/2747/2883 2654/2758/2894 2653/2757/2893
f 2643/2747/2883 2644/2748/2884 2655/2759/2895 2654/2758/2894
f 2644/2748/2884 2645/2749/2885 2656/2760/2896 2655/2759/2895
f 2645/2749/2885 2646/2750/2886 2657/2761/2897 2656/2760/2896
f 2646/2750/2886 2647/2751/2887 2658/2762/2898 2657/2761/2897
f 2647/2751/2887 2648/2752/2888 2659/2763/2899 2658/2762/2898
f 2648/2752/2888 2649/2753/2889 2660/2764/2900 2659/2763/2899
f 2650/2754/2891 2651/2755/2890 2662/2766/2901 2661/2765/2902
f 2651/2755/2890 2652/2756/2892 2663/2767/2903 2662/2766/2901
f 2652/2756/2892 2653/2757/2893 2664/2768/2904 2663/2767/2903
f 2653/2757/2893 2654/2758/2894 2665/2769/2905 2664/2768/2904
f 2654/2758/2894 2655/2759/2895 2666/2770/2906 2665/2769/2905
f 2655/2759/2895 2656/2760/2896 2667/2771/2907 2666/2770/2906
f 2656/2760/2896 2657/2761/2897 2668/2772/2908 2667/2771/2907
f 2657/2761/2897 2658/2762/2898 2669/2773/2909 2668/2772/2908
f 2658/2762/2898 2659/2763/2899 2670/2774/2910 2669/2773/2909
f 2659/2763/2899 2660/2764/2900 2671/2775/2911 2670/2774/2910
f 2661/2765/2902 2662/2766/2901 2673/2777/2912 2672/2776/2913
f 2662/2766/2901 2663/2767/2903 2674/2778/2914 2673/2777/2912
f 2663/2767/2903 2664/2768/2904 2675/2779/2915 2674/2778/2914
f 2664/2768/2904 2665/2769/2905 2676/2780/2916 2675/2779/2915
f 2665/2769/2905 2666/2770/2906 2677/2781/2917 2676/2780/2916
f 2666/2770/2906 2667/2771/2907 2678/2782/2918 2677/2781/2917
f 2667/2771/2907 2668/2772/2908 2679/2783/2919 2678/2782/2918
f 2668/2772/2908 2669/2773/2909 2680/2784/2920 2679/2783/2919
f 2669/2773/2909 2670/2774/2910 2681/2785/2921 2680/2784/2920
f 2670/2774/2910 2671/2775/2911 2682/2786/2922 2681/2785/2921
f 2672/2776/2913 2673/2777/2912 2684/2788/2923 2683/2787/2924
f 2673/2777/2912 2674/2778/2914 2685/2789/2925 2684/2788/2923
f 2674/2778/2914 2675/2779/2915 2686/2790/2926 2685/2789/2925
f 2675/2779/2915 2676/2780/2916 2687/2791/2927 2686/2790/2926
f 2676/2780/2916 2677/2781/2917 2688/2792/2928 2687/2791/2927
f 2677/2781/2917 2678/2782/2918 2689/2793/2929 2688/2792/2928
f 2678/2782/2918 2679/2783/2919 2690/2794/2930 2689/2793/2929
f 2679/2783/2919 2680/2784/2920 2691/2795/2931 2690/2794/2930
f 2680/2784/2920 2681/2785/2921 2692/2796/2932 2691/2795/2931
f 2681/2785/2921 2682/2786/2922 2693/2797/2933 2692/2796/2932
f 2683/2787/2924 2684/2788/2923 2695/2799/2934 2694/2798/2935
f 2684/2788/2923 2685/2789/2925 2696/2800/2936 2695/2799/2934
f 2685/2789/2925 2686/2790/2926 2697/2801/2937 2696/2800/2936
f 2686/2790/2926 2687/2791/2927 2698/2802/2938 2697/2801/2937
f 2687/2791/2927 2688/2792/2928 2699/2803/2939 2698/2802/2938
f 2688/2792/2928 2689/2793/2929 2700/2804/2940 2699/2803/2939
f 2689/2793/2929 2690/2794/2930 2701/2805/2941 2700/2804/2940
f 2690/2794/2930 2691/2795/2931 2702/2806/2942 2701/2805/2941
f 2691/2795/2931 2692/2796/2932 2703/2807/2943 2702/2806/2942
f 2692/2796/2932 2693/2797/2933 2704/2808/2944 2703/2807/2943
f 2694/2798/2935 2695/2799/2934 2706/2810/2945 2705/2809/2946
f 2695/2799/2934 2696/2800/2936 2707/2811/2947 2706/2810/2945
f 2696/2800/2936 2697/2801/2937 2708/2812/2948 2707/2811/2947
f 2697/2801/2937 2698/2802/2938 2709/2813/2949 2708/2812/2948
f 2698/2802/2938 2699/2803/2939 2710/2814/2950 2709/2813/2949
f 2699/2803/2939 2700/2804/2940 2711/2815/2951 2710/2814/2950
f 2700/2804/2940 2701/2805/2941 2712/2816/2952 2711/2815/2951
f 2701/2805/2941 2702/2806/2942 2713/2817/2953 2712/2816/2952
f 2702/2806/2942 2703/2807/2943 2714/2818/2954 2713/2817/2953
f 2703/2807/2943 2704/2808/2944 2715/2819/2955 2714/2818/2954
f 2705/2809/2946 2706/2810/2945 2717/2821/2956 2716/2820/2957
f 2706/2810/2945 2707/2811/2947 2718/2822/2958 2717/2821/2956
f 2707/2811/2947 2708/2812/2948 2719/2823/2959 2718/2822/2958
f 2708/2812/2948 2709/2813/2949 2720/2824/2960 2719/2823/2959
f 2709/2813/2949 2710/2814/2950 2721/2825/2961 2720/2824/2960
f 2710/2814/2950 2711/2815/2951 2722/2826/2962 2721/2825/2961
f 2711/2815/2951 2712/2816/2952 2723/2827/2963 2722/2826/2962
f 2712/2816/2952 2713/2817/2953 2724/2828/2964 2723/2827/2963
f 2713/2817/2953 2714/2818/2954 2725/2829/2965 2724/2828/2964
f 2714/2818/2954 2715/2819/2955 2726/2830/2966 2725/2829/2965
g default
v 1.922374 0.940129 4.532005
v 2.327526 0.943329 4.532977
v 2.732678 0.946528 4.533949
v 3.137830 0.949728 4.534921
v 3.542982 0.952927 4.535892
v 3.948134 0.956127 4.536864
v 4.353286 0.959326 4.537836
v 4.758438 0.962526 4.538808
v 5.163590 0.965725 4.539780
v 5.568742 0.968925 4.540752
v 5.973894 0.972124 4.541724
v 1.922855 0.939905 4.128865
v 2.328007 0.943105 4.129837
v 2.733159 0.946304 4.130809
v 3.138311 0.949503 4.131781
v 3.543463 0.952703 4.132753
v 3.948615 0.955902 4.133725
v 4.353767 0.959102 4.134697
v 4.758919 0.962301 4.135669
v 5.164071 0.965501 4.136641
v 5.569223 0.968700 4.137612
v 5.974375 0.971900 4.138584
v 1.923336 0.939681 3.725726
v 2.328488 0.942880 3.726698
v 2.733640 0.946080 3.727670
v 3.138792 0.949279 3.728642
v 3.543944 0.952479 3.729614
v 3.949096 0.955678 3.730585
v 4.354248 0.958878 3.731557
v 4.759400 0.962077 3.732529
v 5.164552 0.965277 3.733501
v 5.569704 0.968476 3.734473
v 5.974856 0.971676 3.735445
v 1.923817 0.939456 3.322586
v 2.328969 0.942656 3.323558
v 2.734121 0.945855 3.324530
v 3.139273 0.949055 3.325502
v 3.544425 0.952254 3.326474
v 3.949577 0.955454 3.327446
v 4.354729 0.958653 3.328418
v 4.759881 0.961853 3.329390
v 5.165033 0.965052 3.330361
v 5.570185 0.968252 3.331333
v 5.975337 0.971451 3.332305
v 1.924298 0.939232 2.919447
v 2.329450 0.942431 2.920419
v 2.734602 0.945631 2.921391
v 3.139754 0.948830 2.922363
v 3.544906 0.952030 2.923334
v 3.950058 0.955229 2.924306
v 4.355210 0.958429 2.925278
v 4.760362 0.961628 2.926250
v 5.165514 0.964828 2.927222
v 5.570666 0.968027 2.928194
v 5.975818 0.971227 2.929166
v 1.924779 0.939008 2.516307
v 2.329931 0.942207 2.517279
v 2.735083 0.945407 2.518251
v 3.140235 0.948606 2.519223
v 3.545387 0.951806 2.520195
v 3.950539 0.955005 2.521167
v 4.355691 0.958205 2.522139
v 4.760843 0.961404 2.523111
v 5.165995 0.964604 2.524083
v 5.571147 0.967803 2.525054
v 5.976299 0.971002 2.526026
v 1.925260 0.938783 2.113168
v 2.330412 0.941983 2.114140
v 2.735564 0.945182 2.115112
v 3.140716 0.948382 2.116084
v 3.545868 0.951581 2.117055
v 3.951020 0.954781 2.118027
v 4.356172 0.957980 2.118999
v 4.761324 0.961180 2.119971
v 5.166476 0.964379 2.120943
v 5.571628 0.967579 2.121915
v 5.976779 0.970778 2.122887
v 1.925741 0.938559 1.710029
v 2.330893 0.941758 1.711000
v 2.736045 0.944958 1.711972
v 3.141197 0.948157 1.712944
v 3.546349 0.951357 1.713916
v 3.951501 0.954556 1.714888
v 4.356653 0.957756 1.715860
v 4.761805 0.960955 1.716832
v 5.166957 0.964155 1.717804
v 5.572109 0.967354 1.718775
v 5.977260 0.970554 1.719747
v 1.926222 0.938334 1.306889
v 2.331374 0.941534 1.307861
v 2.736526 0.944733 1.308833
v 3.141678 0.947933 1.309805
v 3.546830 0.951132 1.310776
v 3.951982 0.954332 1.311748
v 4.357134 0.957531 1.312720
v 4.762285 0.960731 1.313692
v 5.167438 0.963930 1.314664
v 5.572590 0.967130 1.315636
v 5.977741 0.970329 1.316608
v 1.926703 0.938110 0.903749
v 2.331855 0.941310 0.904721
v 2.737007 0.944509 0.905693
v 3.142159 0.947709 0.906665
v 3.547311 0.950908 0.907637
v 3.952463 0.954108 0.908609
v 4.357615 0.957307 0.909581
v 4.762766 0.960507 0.910553
v 5.167918 0.963706 0.911524
v 5.573071 0.966906 0.912496
v 5.978222 0.970105 0.913468
v 1.927184 0.937886 0.500610
v 2.332336 0.941085 0.501582
v 2.737488 0.944285 0.502554
v 3.142640 0.947484 0.503526
v 3.547792 0.950684 0.504498
v 3.952944 0.953883 0.505469
v 4.358096 0.957083 0.506441
v 4.763247 0.960282 0.507413
v 5.168399 0.963482 0.508385
v 5.573551 0.966681 0.509357
v 5.978703 0.969881 0.510329
vt 0.999478 1.000521
vt 0.899478 1.000417
vt 0.799479 1.000313
vt 0.699479 1.000208
vt 0.599479 1.000104
vt 0.499479 1.000000
vt 0.399479 0.999895
vt 0.299479 0.999791
vt 0.199479 0.999687
vt 0.099479 0.999583
vt -0.000521 0.999478
vt 0.999583 0.900521
vt 0.899583 0.900417
vt 0.799583 0.900313
vt 0.699583 0.900208
vt 0.599583 0.900104
vt 0.499583 0.900000
vt 0.399583 0.899896
vt 0.299583 0.899791
vt 0.199583 0.899687
vt 0.099583 0.899583
vt -0.000417 0.899478
vt 0.999687 0.800521
vt 0.899687 0.800417
vt 0.799687 0.800313
vt 0.699687 0.800208
vt 0.599687 0.800104
vt 0.499687 0.800000
vt 0.399687 0.799896
vt 0.299687 0.799791
vt 0.199687 0.799687
vt 0.099687 0.799583
vt -0.000313 0.799479
vt 0.999791 0.700521
vt 0.899791 0.700417
vt 0.799791 0.700313
vt 0.699791 0.700208
vt 0.599791 0.700104
vt 0.499792 0.700000
vt 0.399792 0.699896
vt 0.299792 0.699791
vt 0.199792 0.699687
vt 0.099792 0.699583
vt -0.000208 0.699479
vt 0.999895 0.600521
vt 0.899896 0.600417
vt 0.799896 0.600313
vt 0.699896 0.600208
vt 0.599896 0.600104
vt 0.499896 0.600000
vt 0.399896 0.599896
vt 0.299896 0.599791
vt 0.199896 0.599687
vt 0.099896 0.599583
vt -0.000104 0.599479
vt 1.000000 0.500521
vt 0.900000 0.500417
vt 0.800000 0.500313
vt 0.700000 0.500208
vt 0.600000 0.500104
vt 0.500000 0.500000
vt 0.400000 0.499896
vt 0.300000 0.499791
vt 0.200000 0.499687
vt 0.100000 0.499583
vt 0.000000 0.499479
vt 1.000104 0.400521
vt 0.900104 0.400417
vt 0.800104 0.400313
vt 0.700104 0.400209
vt 0.600104 0.400104
vt 0.500104 0.400000
vt 0.400104 0.399896
vt 0.300104 0.399792
vt 0.200104 0.399687
vt 0.100104 0.399583
vt 0.000105 0.399479
vt 1.000208 0.300521
vt 0.900208 0.300417
vt 0.800208 0.300313
vt 0.700208 0.300209
vt 0.600208 0.300104
vt 0.500209 0.300000
vt 0.400209 0.299896
vt 0.300209 0.299792
vt 0.200209 0.299687
vt 0.100209 0.299583
vt 0.000209 0.299479
vt 1.000313 0.200521
vt 0.900313 0.200417
vt 0.800313 0.200313
vt 0.700313 0.200209
vt 0.600313 0.200104
vt 0.500313 0.200000
vt 0.400313 0.199896
vt 0.300313 0.199792
vt 0.200313 0.199687
vt 0.100313 0.199583
vt 0.000313 0.199479
vt 1.000417 0.100521
vt 0.900417 0.100417
vt 0.800417 0.100313
vt 0.700417 0.100209
vt 0.600417 0.100104
vt 0.500417 0.100000
vt 0.400417 0.099896
vt 0.300417 0.099792
vt 0.200417 0.099687
vt 0.100417 0.099583
vt 0.000417 0.099479
vt 1.000521 0.000522
vt 0.900521 0.000417
vt 0.800521 0.000313
vt 0.700521 0.000209
vt 0.600521 0.000105
vt 0.500521 0.000000
vt 0.400521 -0.000104
vt 0.300521 -0.000208
vt 0.200521 -0.000313
vt 0.100521 -0.000417
vt 0.000522 -0.000521
vn -0.007895 0.999969 -0.000566
vn -0.007895 0.999969 -0.000566
vn -0.007895 0.999969 -0.000566
vn -0.007895 0.999969 -0.000566
vn -0.007895 0.999969 -0.000566
vn -0.007895 0.999969 -0.000566
vn -0.007895 0.999969 -0.000566
vn -0.007895 0.999969 -0.000566
vn -0.007895 0.999969 -0.000566
vn -0.007895 0.999969 -0.000566
vn -0.007895 0.999969 -0.000566
vn -0.007895 0.999969 -0.000566
vn -0.007895 0.999969 -0.000566
vn -0.007895 0.999969 -0.000566
vn -0.007895 0.999969 -0.000566
vn -0.007895 0.999969 -0.000566
vn -0.007895 0.999969 -0.000566
vn -0.007895 0.999969 -0.000566
vn -0.007895 0.999969 -0.000566
vn -0.007895 0.999969 -0.000566
vn -0.007895 0.999969 -0.000566
vn -0.007895 0.999969 -0.000566
vn -0.007895 0.999969 -0.000566
vn -0.007895 0.999969 -0.000566
vn -0.007895 0.999969 -0.000566
vn -0.007895 0.999969 -0.000566
vn -0.007895 0.999969 -0.000566
vn -0.007895 0.999969 -0.000566
vn -0.007895 0.999969 -0.000566
vn -0.007895 0.999969 -0.000566
vn -0.007895 0.999969 -0.000566
vn -0.007895 0.999969 -0.000566
vn -0.007895 0.999969 -0.000566
vn -0.007895 0.999969 -0.000566
vn -0.007895 0.999969 -0.000566
vn -0.007895 0.999969 -0.000566
vn -0.007895 0.999969 -0.000566
vn -0.007895 0.999969 -0.000566
vn -0.007895 0.999969 -0.000566
vn -0.007895 0.999969 -0.000566
vn -0.007895 0.999969 -0.000566
vn -0.007895 0.999969 -0.000566
vn -0.007895 0.999969 -0.000566
vn -0.007895 0.999969 -0.000566
vn -0.007895 0.999969 -0.000566
vn -0.007895 0.999969 -0.000566
vn -0.007895 0.999969 -0.000566
vn -0.007895 0.999969 -0.000566
vn -0.007895 0.999969 -0.000566
vn -0.007895 0.999969 -0.000566
vn -0.007895 0.999969 -0.000566
vn -0.007895 0.999969 -0.000566
vn -0.007895 0.999969 -0.000566
vn -0.007895 0.999969 -0.000566
vn -0.007895 0.999969 -0.000566
vn -0.007895 0.999969 -0.000566
vn -0.007895 0.999969 -0.000566
vn -0.007895 0.999969 -0.000566
vn -0.007895 0.999969 -0.000566
vn -0.007895 0.999969 -0.000566
vn -0.007895 0.999969 -0.000566
vn -0.007895 0.999969 -0.000566
vn -0.007895 0.999969 -0.000566
vn -0.007895 0.999969 -0.000566
vn -0.007895 0.999969 -0.000566
vn -0.007895 0.999969 -0.000566
vn -0.007895 0.999969 -0.000566
vn -0.007895 0.999969 -0.000566
vn -0.007895 0.999969 -0.000566
vn -0.007895 0.999969 -0.000566
vn -0.007895 0.999969 -0.000566
vn -0.007895 0.999969 -0.000566
vn -0.007895 0.999969 -0.000566
vn -0.007895 0.999969 -0.000566
vn -0.007895 0.999969 -0.000566
vn -0.007895 0.999969 -0.000566
vn -0.007895 0.999969 -0.000566
vn -0.007895 0.999969 -0.000566
vn -0.007895 0.999969 -0.000566
vn -0.007895 0.999969 -0.000566
vn -0.007895 0.999969 -0.000566
vn -0.007895 0.999969 -0.000566
vn -0.007895 0.999969 -0.000566
vn -0.007895 0.999969 -0.000566
vn -0.007895 0.999969 -0.000566
vn -0.007895 0.999969 -0.000566
vn -0.007895 0.999969 -0.000566
vn -0.007895 0.999969 -0.000566
vn -0.007895 0.999969 -0.000566
vn -0.007895 0.999969 -0.000566
vn -0.007895 0.999969 -0.000566
vn -0.007895 0.999969 -0.000566
vn -0.007895 0.999969 -0.000566
vn -0.007895 0.999969 -0.000566
vn -0.007895 0.999969 -0.000566
vn -0.007895 0.999969 -0.000566
vn -0.007895 0.999969 -0.000566
vn -0.007895 0.999969 -0.000566
vn -0.007895 0.999969 -0.000566
vn -0.007895 0.999969 -0.000566
vn -0.007895 0.999969 -0.000566
vn -0.007895 0.999969 -0.000566
vn -0.007895 0.999969 -0.000566
vn -0.007895 0.999969 -0.000566
vn -0.007895 0.999969 -0.000566
vn -0.007895 0.999969 -0.000566
vn -0.007895 0.999969 -0.000566
vn -0.007895 0.999969 -0.000566
vn -0.007895 0.999969 -0.000566
vn -0.007895 0.999969 -0.000566
vn -0.007895 0.999969 -0.000566
vn -0.007895 0.999969 -0.000566
vn -0.007895 0.999969 -0.000566
vn -0.007895 0.999969 -0.000566
vn -0.007895 0.999969 -0.000566
vn -0.007895 0.999969 -0.000566
vn -0.007895 0.999969 -0.000566
vn -0.007895 0.999969 -0.000566
vn -0.007895 0.999969 -0.000566
vn -0.007895 0.999969 -0.000566
vn -0.007895 0.999969 -0.000566
s 1
g group2 locator1 pPlane10 pPlane1 pCube1 Book_L
f 2727/2831/2967 2728/2832/2968 2739/2843/2969 2738/2842/2970
f 2728/2832/2968 2729/2833/2971 2740/2844/2972 2739/2843/2969
f 2729/2833/2971 2730/2834/2973 2741/2845/2974 2740/2844/2972
f 2730/2834/2973 2731/2835/2975 2742/2846/2976 2741/2845/2974
f 2731/2835/2975 2732/2836/2977 2743/2847/2978 2742/2846/2976
f 2732/2836/2977 2733/2837/2979 2744/2848/2980 2743/2847/2978
f 2733/2837/2979 2734/2838/2981 2745/2849/2982 2744/2848/2980
f 2734/2838/2981 2735/2839/2983 2746/2850/2984 2745/2849/2982
f 2735/2839/2983 2736/2840/2985 2747/2851/2986 2746/2850/2984
f 2736/2840/2985 2737/2841/2987 2748/2852/2988 2747/2851/2986
f 2738/2842/2970 2739/2843/2969 2750/2854/2989 2749/2853/2990
f 2739/2843/2969 2740/2844/2972 2751/2855/2991 2750/2854/2989
f 2740/2844/2972 2741/2845/2974 2752/2856/2992 2751/2855/2991
f 2741/2845/2974 2742/2846/2976 2753/2857/2993 2752/2856/2992
f 2742/2846/2976 2743/2847/2978 2754/2858/2994 2753/2857/2993
f 2743/2847/2978 2744/2848/2980 2755/2859/2995 2754/2858/2994
f 2744/2848/2980 2745/2849/2982 2756/2860/2996 2755/2859/2995
f 2745/2849/2982 2746/2850/2984 2757/2861/2997 2756/2860/2996
f 2746/2850/2984 2747/2851/2986 2758/2862/2998 2757/2861/2997
f 2747/2851/2986 2748/2852/2988 2759/2863/2999 2758/2862/2998
f 2749/2853/2990 2750/2854/2989 2761/2865/3000 2760/2864/3001
f 2750/2854/2989 2751/2855/2991 2762/2866/3002 2761/2865/3000
f 2751/2855/2991 2752/2856/2992 2763/2867/3003 2762/2866/3002
f 2752/2856/2992 2753/2857/2993 2764/2868/3004 2763/2867/3003
f 2753/2857/2993 2754/2858/2994 2765/2869/3005 2764/2868/3004
f 2754/2858/2994 2755/2859/2995 2766/2870/3006 2765/2869/3005
f 2755/2859/2995 2756/2860/2996 2767/2871/3007 2766/2870/3006
f 2756/2860/2996 2757/2861/2997 2768/2872/3008 2767/2871/3007
f 2757/2861/2997 2758/2862/2998 2769/2873/3009 2768/2872/3008
f 2758/2862/2998 2759/2863/2999 2770/2874/3010 2769/2873/3009
f 2760/2864/3001 2761/2865/3000 2772/2876/3011 2771/2875/3012
f 2761/2865/3000 2762/2866/3002 2773/2877/3013 2772/2876/3011
f 2762/2866/3002 2763/2867/3003 2774/2878/3014 2773/2877/3013
f 2763/2867/3003 2764/2868/3004 2775/2879/3015 2774/2878/3014
f 2764/2868/3004 2765/2869/3005 2776/2880/3016 2775/2879/3015
f 2765/2869/3005 2766/2870/3006 2777/2881/3017 2776/2880/3016
f 2766/2870/3006 2767/2871/3007 2778/2882/3018 2777/2881/3017
f 2767/2871/3007 2768/2872/3008 2779/2883/3019 2778/2882/3018
f 2768/2872/3008 2769/2873/3009 2780/2884/3020 2779/2883/3019
f 2769/2873/3009 2770/2874/3010 2781/2885/3021 2780/2884/3020
f 2771/2875/3012 2772/2876/3011 2783/2887/3022 2782/2886/3023
f 2772/2876/3011 2773/2877/3013 2784/2888/3024 2783/2887/3022
f 2773/2877/3013 2774/2878/3014 2785/2889/3025 2784/2888/3024
f 2774/2878/3014 2775/2879/3015 2786/2890/3026 2785/2889/3025
f 2775/2879/3015 2776/2880/3016 2787/2891/3027 2786/2890/3026
f 2776/2880/3016 2777/2881/3017 2788/2892/3028 2787/2891/3027
f 2777/2881/3017 2778/2882/3018 2789/2893/3029 2788/2892/3028
f 2778/2882/3018 2779/2883/3019 2790/2894/3030 2789/2893/3029
f 2779/2883/3019 2780/2884/3020 2791/2895/3031 2790/2894/3030
f 2780/2884/3020 2781/2885/3021 2792/2896/3032 2791/2895/3031
f 2782/2886/3023 2783/2887/3022 2794/2898/3033 2793/2897/3034
f 2783/2887/3022 2784/2888/3024 2795/2899/3035 2794/2898/3033
f 2784/2888/3024 2785/2889/3025 2796/2900/3036 2795/2899/3035
f 2785/2889/3025 2786/2890/3026 2797/2901/3037 2796/2900/3036
f 2786/2890/3026 2787/2891/3027 2798/2902/3038 2797/2901/3037
f 2787/2891/3027 2788/2892/3028 2799/2903/3039 2798/2902/3038
f 2788/2892/3028 2789/2893/3029 2800/2904/3040 2799/2903/3039
f 2789/2893/3029 2790/2894/3030 2801/2905/3041 2800/2904/3040
f 2790/2894/3030 2791/2895/3031 2802/2906/3042 2801/2905/3041
f 2791/2895/3031 2792/2896/3032 2803/2907/3043 2802/2906/3042
f 2793/2897/3034 2794/2898/3033 2805/2909/3044 2804/2908/3045
f 2794/2898/3033 2795/2899/3035 2806/2910/3046 2805/2909/3044
f 2795/2899/3035 2796/2900/3036 2807/2911/3047 2806/2910/3046
f 2796/2900/3036 2797/2901/3037 2808/2912/3048 2807/2911/3047
f 2797/2901/3037 2798/2902/3038 2809/2913/3049 2808/2912/3048
f 2798/2902/3038 2799/2903/3039 2810/2914/3050 2809/2913/3049
f 2799/2903/3039 2800/2904/3040 2811/2915/3051 2810/2914/3050
f 2800/2904/3040 2801/2905/3041 2812/2916/3052 2811/2915/3051
f 2801/2905/3041 2802/2906/3042 2813/2917/3053 2812/2916/3052
f 2802/2906/3042 2803/2907/3043 2814/2918/3054 2813/2917/3053
f 2804/2908/3045 2805/2909/3044 2816/2920/3055 2815/2919/3056
f 2805/2909/3044 2806/2910/3046 2817/2921/3057 2816/2920/3055
f 2806/2910/3046 2807/2911/3047 2818/2922/3058 2817/2921/3057
f 2807/2911/3047 2808/2912/3048 2819/2923/3059 2818/2922/3058
f 2808/2912/3048 2809/2913/3049 2820/2924/3060 2819/2923/3059
f 2809/2913/3049 2810/2914/3050 2821/2925/3061 2820/2924/3060
f 2810/2914/3050 2811/2915/3051 2822/2926/3062 2821/2925/3061
f 2811/2915/3051 2812/2916/3052 2823/2927/3063 2822/2926/3062
f 2812/2916/3052 2813/2917/3053 2824/2928/3064 2823/2927/3063
f 2813/2917/3053 2814/2918/3054 2825/2929/3065 2824/2928/3064
f 2815/2919/3056 2816/2920/3055 2827/2931/3066 2826/2930/3067
f 2816/2920/3055 2817/2921/3057 2828/2932/3068 2827/2931/3066
f 2817/2921/3057 2818/2922/3058 2829/2933/3069 2828/2932/3068
f 2818/2922/3058 2819/2923/3059 2830/2934/3070 2829/2933/3069
f 2819/2923/3059 2820/2924/3060 2831/2935/3071 2830/2934/3070
f 2820/2924/3060 2821/2925/3061 2832/2936/3072 2831/2935/3071
f 2821/2925/3061 2822/2926/3062 2833/2937/3073 2832/2936/3072
f 2822/2926/3062 2823/2927/3063 2834/2938/3074 2833/2937/3073
f 2823/2927/3063 2824/2928/3064 2835/2939/3075 2834/2938/3074
f 2824/2928/3064 2825/2929/3065 2836/2940/3076 2835/2939/3075
f 2826/2930/3067 2827/2931/3066 2838/2942/3077 2837/2941/3078
f 2827/2931/3066 2828/2932/3068 2839/2943/3079 2838/2942/3077
f 2828/2932/3068 2829/2933/3069 2840/2944/3080 2839/2943/3079
f 2829/2933/3069 2830/2934/3070 2841/2945/3081 2840/2944/3080
f 2830/2934/3070 2831/2935/3071 2842/2946/3082 2841/2945/3081
f 2831/2935/3071 2832/2936/3072 2843/2947/3083 2842/2946/3082
f 2832/2936/3072 2833/2937/3073 2844/2948/3084 2843/2947/3083
f 2833/2937/3073 2834/2938/3074 2845/2949/3085 2844/2948/3084
f 2834/2938/3074 2835/2939/3075 2846/2950/3086 2845/2949/3085
f 2835/2939/3075 2836/2940/3076 2847/2951/3087 2846/2950/3086
g default
v 1.119702 0.863218 3.860091
v 1.666739 0.867538 3.861404
v 2.213776 0.871858 3.862716
v 2.760813 0.876178 3.864028
v 3.307850 0.880498 3.865340
v 3.854886 0.884818 3.866653
v 4.401923 0.889138 3.867965
v 4.948960 0.893458 3.869277
v 5.495997 0.897778 3.870589
v 6.043034 0.902098 3.871902
v 6.590070 0.906418 3.873214
v 1.120352 0.862915 3.315772
v 1.667389 0.867235 3.317084
v 2.214425 0.871555 3.318396
v 2.761462 0.875875 3.319709
v 3.308499 0.880195 3.321021
v 3.855536 0.884515 3.322333
v 4.402573 0.888835 3.323645
v 4.949609 0.893155 3.324958
v 5.496646 0.897475 3.326270
v 6.043683 0.901795 3.327582
v 6.590720 0.906115 3.328894
v 1.121001 0.862612 2.771452
v 1.668038 0.866932 2.772765
v 2.215075 0.871252 2.774077
v 2.762112 0.875572 2.775389
v 3.309148 0.879892 2.776701
v 3.856185 0.884212 2.778013
v 4.403222 0.888532 2.779326
v 4.950259 0.892852 2.780638
v 5.497296 0.897172 2.781950
v 6.044333 0.901492 2.783262
v 6.591369 0.905812 2.784575
v 1.121651 0.862309 2.227133
v 1.668687 0.866629 2.228445
v 2.215724 0.870949 2.229757
v 2.762761 0.875269 2.231069
v 3.309798 0.879589 2.232382
v 3.856835 0.883909 2.233694
v 4.403872 0.888229 2.235006
v 4.950908 0.892549 2.236318
v 5.497945 0.896869 2.237631
v 6.044982 0.901189 2.238943
v 6.592019 0.905509 2.240255
v 1.122300 0.862006 1.682813
v 1.669337 0.866326 1.684125
v 2.216374 0.870646 1.685438
v 2.763410 0.874966 1.686750
v 3.310447 0.879286 1.688062
v 3.857484 0.883606 1.689374
v 4.404521 0.887926 1.690687
v 4.951557 0.892246 1.691999
v 5.498594 0.896566 1.693311
v 6.045631 0.900886 1.694623
v 6.592668 0.905206 1.695935
v 1.122949 0.861703 1.138494
v 1.669986 0.866023 1.139806
v 2.217023 0.870343 1.141118
v 2.764060 0.874663 1.142430
v 3.311097 0.878983 1.143742
v 3.858133 0.883303 1.145055
v 4.405170 0.887623 1.146367
v 4.952207 0.891943 1.147679
v 5.499244 0.896263 1.148991
v 6.046281 0.900583 1.150304
v 6.593317 0.904903 1.151616
v 1.123599 0.861401 0.594174
v 1.670636 0.865720 0.595486
v 2.217672 0.870040 0.596798
v 2.764709 0.874360 0.598111
v 3.311746 0.878680 0.599423
v 3.858783 0.883000 0.600735
v 4.405820 0.887320 0.602047
v 4.952856 0.891640 0.603360
v 5.499893 0.895960 0.604672
v 6.046930 0.900280 0.605984
v 6.593967 0.904600 0.607296
v 1.124248 0.861098 0.049854
v 1.671285 0.865418 0.051167
v 2.218322 0.869737 0.052479
v 2.765359 0.874057 0.053791
v 3.312395 0.878377 0.055103
v 3.859432 0.882697 0.056416
v 4.406469 0.887017 0.057728
v 4.953506 0.891337 0.059040
v 5.500543 0.895657 0.060352
v 6.047579 0.899977 0.061665
v 6.594616 0.904297 0.062977
v 1.124898 0.860795 -0.494465
v 1.671934 0.865115 -0.493153
v 2.218971 0.869435 -0.491841
v 2.766008 0.873755 -0.490529
v 3.313045 0.878074 -0.489216
v 3.860082 0.882394 -0.487904
v 4.407118 0.886714 -0.486592
v 4.954155 0.891034 -0.485280
v 5.501192 0.895354 -0.483967
v 6.048229 0.899674 -0.482655
v 6.595265 0.903994 -0.481343
v 1.125547 0.860492 -1.038785
v 1.672584 0.864812 -1.037473
v 2.219620 0.869132 -1.036160
v 2.766657 0.873452 -1.034848
v 3.313694 0.877772 -1.033536
v 3.860731 0.882092 -1.032224
v 4.407768 0.886411 -1.030911
v 4.954804 0.890731 -1.029599
v 5.501841 0.895051 -1.028287
v 6.048878 0.899371 -1.026975
v 6.595915 0.903691 -1.025663
v 1.126196 0.860189 -1.583104
v 1.673233 0.864509 -1.581792
v 2.220270 0.868829 -1.580480
v 2.767307 0.873149 -1.579168
v 3.314344 0.877469 -1.577855
v 3.861380 0.881789 -1.576543
v 4.408417 0.886109 -1.575231
v 4.955454 0.890429 -1.573919
v 5.502491 0.894748 -1.572606
v 6.049528 0.899068 -1.571294
v 6.596564 0.903388 -1.569982
vt 1.002236 0.997754
vt 0.902237 0.998202
vt 0.802238 0.998651
vt 0.702239 0.999099
vt 0.602240 0.999547
vt 0.502241 0.999995
vt 0.402242 1.000443
vt 0.302243 1.000891
vt 0.202244 1.001339
vt 0.102245 1.001788
vt 0.002246 1.002236
vt 1.001788 0.897755
vt 0.901789 0.898203
vt 0.801790 0.898652
vt 0.701791 0.899100
vt 0.601792 0.899548
vt 0.501793 0.899996
vt 0.401794 0.900444
vt 0.301795 0.900892
vt 0.201796 0.901341
vt 0.101797 0.901789
vt 0.001798 0.902237
vt 1.001339 0.797756
vt 0.901340 0.798204
vt 0.801341 0.798652
vt 0.701342 0.799101
vt 0.601343 0.799549
vt 0.501345 0.799997
vt 0.401345 0.800445
vt 0.301346 0.800893
vt 0.201348 0.801341
vt 0.101348 0.801790
vt 0.001349 0.802238
vt 1.000891 0.697757
vt 0.900892 0.698205
vt 0.800893 0.698653
vt 0.700894 0.699102
vt 0.600895 0.699550
vt 0.500896 0.699998
vt 0.400897 0.700446
vt 0.300898 0.700894
vt 0.200899 0.701343
vt 0.100900 0.701791
vt 0.000901 0.702239
vt 1.000443 0.597758
vt 0.900444 0.598206
vt 0.800445 0.598655
vt 0.700446 0.599103
vt 0.600447 0.599551
vt 0.500448 0.599999
vt 0.400449 0.600447
vt 0.300450 0.600895
vt 0.200451 0.601343
vt 0.100452 0.601792
vt 0.000453 0.602240
vt 0.999995 0.497759
vt 0.899996 0.498207
vt 0.799997 0.498655
vt 0.699998 0.499104
vt 0.599999 0.499552
vt 0.500000 0.500000
vt 0.400001 0.500448
vt 0.300002 0.500896
vt 0.200003 0.501344
vt 0.100004 0.501792
vt 0.000005 0.502241
vt 0.999547 0.397760
vt 0.899548 0.398208
vt 0.799549 0.398656
vt 0.699550 0.399105
vt 0.599551 0.399553
vt 0.499552 0.400001
vt 0.399553 0.400449
vt 0.299554 0.400897
vt 0.199555 0.401345
vt 0.099556 0.401794
vt -0.000443 0.402242
vt 0.999099 0.297761
vt 0.899100 0.298209
vt 0.799101 0.298658
vt 0.699102 0.299106
vt 0.599103 0.299554
vt 0.499104 0.300002
vt 0.399105 0.300450
vt 0.299106 0.300898
vt 0.199107 0.301346
vt 0.099108 0.301795
vt -0.000891 0.302243
vt 0.998651 0.197762
vt 0.898652 0.198210
vt 0.798652 0.198659
vt 0.698653 0.199107
vt 0.598655 0.199555
vt 0.498656 0.200003
vt 0.398656 0.200451
vt 0.298657 0.200899
vt 0.198658 0.201348
vt 0.098659 0.201796
vt -0.001339 0.202244
vt 0.998202 0.097763
vt 0.898203 0.098211
vt 0.798204 0.098659
vt 0.698205 0.099108
vt 0.598206 0.099556
vt 0.498207 0.100004
vt 0.398208 0.100452
vt 0.298209 0.100900
vt 0.198210 0.101348
vt 0.098211 0.101797
vt -0.001788 0.102245
vt 0.997754 -0.002236
vt 0.897755 -0.001788
vt 0.797756 -0.001339
vt 0.697757 -0.000891
vt 0.597758 -0.000443
vt 0.497759 0.000005
vt 0.397760 0.000453
vt 0.297761 0.000901
vt 0.197762 0.001349
vt 0.097763 0.001798
vt -0.002236 0.002246
vn -0.007895 0.999969 -0.000566
vn -0.007895 0.999969 -0.000566
vn -0.007895 0.999969 -0.000566
vn -0.007895 0.999969 -0.000566
vn -0.007895 0.999969 -0.000566
vn -0.007895 0.999969 -0.000566
vn -0.007895 0.999969 -0.000566
vn -0.007895 0.999969 -0.000566
vn -0.007895 0.999969 -0.000566
vn -0.007895 0.999969 -0.000566
vn -0.007895 0.999969 -0.000566
vn -0.007895 0.999969 -0.000566
vn -0.007895 0.999969 -0.000566
vn -0.007895 0.999969 -0.000566
vn -0.007895 0.999969 -0.000566
vn -0.007895 0.999969 -0.000566
vn -0.007895 0.999969 -0.000566
vn -0.007895 0.999969 -0.000566
vn -0.007895 0.999969 -0.000566
vn -0.007895 0.999969 -0.000566
vn -0.007895 0.999969 -0.000566
vn -0.007895 0.999969 -0.000566
vn -0.007895 0.999969 -0.000566
vn -0.007895 0.999969 -0.000566
vn -0.007895 0.999969 -0.000566
vn -0.007895 0.999969 -0.000566
vn -0.007895 0.999969 -0.000566
vn -0.007895 0.999969 -0.000566
vn -0.007895 0.999969 -0.000566
vn -0.007895 0.999969 -0.000566
vn -0.007895 0.999969 -0.000566
vn -0.007895 0.999969 -0.000566
vn -0.007895 0.999969 -0.000566
vn -0.007895 0.999969 -0.000566
vn -0.007895 0.999969 -0.000566
vn -0.007895 0.999969 -0.000566
vn -0.007895 0.999969 -0.000566
vn -0.007895 0.999969 -0.000566
vn -0.007895 0.999969 -0.000566
vn -0.007895 0.999969 -0.000566
vn -0.007895 0.999969 -0.000566
vn -0.007895 0.999969 -0.000566
vn -0.007895 0.999969 -0.000566
vn -0.007895 0.999969 -0.000566
vn -0.007895 0.999969 -0.000566
vn -0.007895 0.999969 -0.000566
vn -0.007895 0.999969 -0.000566
vn -0.007895 0.999969 -0.000566
vn -0.007895 0.999969 -0.000566
vn -0.007895 0.999969 -0.000566
vn -0.007895 0.999969 -0.000566
vn -0.007895 0.999969 -0.000566
vn -0.007895 0.999969 -0.000566
vn -0.007895 0.999969 -0.000566
vn -0.007895 0.999969 -0.000566
vn -0.007895 0.999969 -0.000566
vn -0.007895 0.999969 -0.000566
vn -0.007895 0.999969 -0.000566
vn -0.007895 0.999969 -0.000566
vn -0.007895 0.999969 -0.000566
vn -0.007895 0.999969 -0.000566
vn -0.007895 0.999969 -0.000566
vn -0.007895 0.999969 -0.000566
vn -0.007895 0.999969 -0.000566
vn -0.007895 0.999969 -0.000566
vn -0.007895 0.999969 -0.000566
vn -0.007895 0.999969 -0.000566
vn -0.007895 0.999969 -0.000566
vn -0.007895 0.999969 -0.000566
vn -0.007895 0.999969 -0.000566
vn -0.007895 0.999969 -0.000566
vn -0.007895 0.999969 -0.000566
vn -0.007895 0.999969 -0.000566
vn -0.007895 0.999969 -0.000566
vn -0.007895 0.999969 -0.000566
vn -0.007895 0.999969 -0.000566
vn -0.007895 0.999969 -0.000566
vn -0.007895 0.999969 -0.000566
vn -0.007895 0.999969 -0.000566
vn -0.007895 0.999969 -0.000566
vn -0.007895 0.999969 -0.000566
vn -0.007895 0.999969 -0.000566
vn -0.007895 0.999969 -0.000566
vn -0.007895 0.999969 -0.000566
vn -0.007895 0.999969 -0.000566
vn -0.007895 0.999969 -0.000566
vn -0.007895 0.999969 -0.000566
vn -0.007895 0.999969 -0.000566
vn -0.007895 0.999969 -0.000566
vn -0.007895 0.999969 -0.000566
vn -0.007895 0.999969 -0.000566
vn -0.007895 0.999969 -0.000566
vn -0.007895 0.999969 -0.000566
vn -0.007895 0.999969 -0.000566
vn -0.007895 0.999969 -0.000566
vn -0.007895 0.999969 -0.000566
vn -0.007895 0.999969 -0.000566
vn -0.007895 0.999969 -0.000566
vn -0.007895 0.999969 -0.000566
vn -0.007895 0.999969 -0.000566
vn -0.007895 0.999969 -0.000566
vn -0.007895 0.999969 -0.000566
vn -0.007895 0.999969 -0.000566
vn -0.007895 0.999969 -0.000566
vn -0.007895 0.999969 -0.000566
vn -0.007895 0.999969 -0.000566
vn -0.007895 0.999969 -0.000566
vn -0.007895 0.999969 -0.000566
vn -0.007895 0.999969 -0.000566
vn -0.007895 0.999969 -0.000566
vn -0.007895 0.999969 -0.000566
vn -0.007895 0.999969 -0.000566
vn -0.007895 0.999969 -0.000566
vn -0.007895 0.999969 -0.000566
vn -0.007895 0.999969 -0.000566
vn -0.007895 0.999969 -0.000566
vn -0.007895 0.999969 -0.000566
vn -0.007895 0.999969 -0.000566
vn -0.007895 0.999969 -0.000566
vn -0.007895 0.999969 -0.000566
vn -0.007895 0.999969 -0.000566
s 1
g group2 locator1 pPlane1 pCube1 Book_L pPlane9
f 2848/2952/3088 2849/2953/3089 2860/2964/3090 2859/2963/3091
f 2849/2953/3089 2850/2954/3092 2861/2965/3093 2860/2964/3090
f 2850/2954/3092 2851/2955/3094 2862/2966/3095 2861/2965/3093
f 2851/2955/3094 2852/2956/3096 2863/2967/3097 2862/2966/3095
f 2852/2956/3096 2853/2957/3098 2864/2968/3099 2863/2967/3097
f 2853/2957/3098 2854/2958/3100 2865/2969/3101 2864/2968/3099
f 2854/2958/3100 2855/2959/3102 2866/2970/3103 2865/2969/3101
f 2855/2959/3102 2856/2960/3104 2867/2971/3105 2866/2970/3103
f 2856/2960/3104 2857/2961/3106 2868/2972/3107 2867/2971/3105
f 2857/2961/3106 2858/2962/3108 2869/2973/3109 2868/2972/3107
f 2859/2963/3091 2860/2964/3090 2871/2975/3110 2870/2974/3111
f 2860/2964/3090 2861/2965/3093 2872/2976/3112 2871/2975/3110
f 2861/2965/3093 2862/2966/3095 2873/2977/3113 2872/2976/3112
f 2862/2966/3095 2863/2967/3097 2874/2978/3114 2873/2977/3113
f 2863/2967/3097 2864/2968/3099 2875/2979/3115 2874/2978/3114
f 2864/2968/3099 2865/2969/3101 2876/2980/3116 2875/2979/3115
f 2865/2969/3101 2866/2970/3103 2877/2981/3117 2876/2980/3116
f 2866/2970/3103 2867/2971/3105 2878/2982/3118 2877/2981/3117
f 2867/2971/3105 2868/2972/3107 2879/2983/3119 2878/2982/3118
f 2868/2972/3107 2869/2973/3109 2880/2984/3120 2879/2983/3119
f 2870/2974/3111 2871/2975/3110 2882/2986/3121 2881/2985/3122
f 2871/2975/3110 2872/2976/3112 2883/2987/3123 2882/2986/3121
f 2872/2976/3112 2873/2977/3113 2884/2988/3124 2883/2987/3123
f 2873/2977/3113 2874/2978/3114 2885/2989/3125 2884/2988/3124
f 2874/2978/3114 2875/2979/3115 2886/2990/3126 2885/2989/3125
f 2875/2979/3115 2876/2980/3116 2887/2991/3127 2886/2990/3126
f 2876/2980/3116 2877/2981/3117 2888/2992/3128 2887/2991/3127
f 2877/2981/3117 2878/2982/3118 2889/2993/3129 2888/2992/3128
f 2878/2982/3118 2879/2983/3119 2890/2994/3130 2889/2993/3129
f 2879/2983/3119 2880/2984/3120 2891/2995/3131 2890/2994/3130
f 2881/2985/3122 2882/2986/3121 2893/2997/3132 2892/2996/3133
f 2882/2986/3121 2883/2987/3123 2894/2998/3134 2893/2997/3132
f 2883/2987/3123 2884/2988/3124 2895/2999/3135 2894/2998/3134
f 2884/2988/3124 2885/2989/3125 2896/3000/3136 2895/2999/3135
f 2885/2989/3125 2886/2990/3126 2897/3001/3137 2896/3000/3136
f 2886/2990/3126 2887/2991/3127 2898/3002/3138 2897/3001/3137
f 2887/2991/3127 2888/2992/3128 2899/3003/3139 2898/3002/3138
f 2888/2992/3128 2889/2993/3129 2900/3004/3140 2899/3003/3139
f 2889/2993/3129 2890/2994/3130 2901/3005/3141 2900/3004/3140
f 2890/2994/3130 2891/2995/3131 2902/3006/3142 2901/3005/3141
f 2892/2996/3133 2893/2997/3132 2904/3008/3143 2903/3007/3144
f 2893/2997/3132 2894/2998/3134 2905/3009/3145 2904/3008/3143
f 2894/2998/3134 2895/2999/3135 2906/3010/3146 2905/3009/3145
f 2895/2999/3135 2896/3000/3136 2907/3011/3147 2906/3010/3146
f 2896/3000/3136 2897/3001/3137 2908/3012/3148 2907/3011/3147
f 2897/3001/3137 2898/3002/3138 2909/3013/3149 2908/3012/3148
f 2898/3002/3138 2899/3003/3139 2910/3014/3150 2909/3013/3149
f 2899/3003/3139 2900/3004/3140 2911/3015/3151 2910/3014/3150
f 2900/3004/3140 2901/3005/3141 2912/3016/3152 2911/3015/3151
f 2901/3005/3141 2902/3006/3142 2913/3017/3153 2912/3016/3152
f 2903/3007/3144 2904/3008/3143 2915/3019/3154 2914/3018/3155
f 2904/3008/3143 2905/3009/3145 2916/3020/3156 2915/3019/3154
f 2905/3009/3145 2906/3010/3146 2917/3021/3157 2916/3020/3156
f 2906/3010/3146 2907/3011/3147 2918/3022/3158 2917/3021/3157
f 2907/3011/3147 2908/3012/3148 2919/3023/3159 2918/3022/3158
f 2908/3012/3148 2909/3013/3149 2920/3024/3160 2919/3023/3159
f 2909/3013/3149 2910/3014/3150 2921/3025/3161 2920/3024/3160
f 2910/3014/3150 2911/3015/3151 2922/3026/3162 2921/3025/3161
f 2911/3015/3151 2912/3016/3152 2923/3027/3163 2922/3026/3162
f 2912/3016/3152 2913/3017/3153 2924/3028/3164 2923/3027/3163
f 2914/3018/3155 2915/3019/3154 2926/3030/3165 2925/3029/3166
f 2915/3019/3154 2916/3020/3156 2927/3031/3167 2926/3030/3165
f 2916/3020/3156 2917/3021/3157 2928/3032/3168 2927/3031/3167
f 2917/3021/3157 2918/3022/3158 2929/3033/3169 2928/3032/3168
f 2918/3022/3158 2919/3023/3159 2930/3034/3170 2929/3033/3169
f 2919/3023/3159 2920/3024/3160 2931/3035/3171 2930/3034/3170
f 2920/3024/3160 2921/3025/3161 2932/3036/3172 2931/3035/3171
f 2921/3025/3161 2922/3026/3162 2933/3037/3173 2932/3036/3172
f 2922/3026/3162 2923/3027/3163 2934/3038/3174 2933/3037/3173
f 2923/3027/3163 2924/3028/3164 2935/3039/3175 2934/3038/3174
f 2925/3029/3166 2926/3030/3165 2937/3041/3176 2936/3040/3177
f 2926/3030/3165 2927/3031/3167 2938/3042/3178 2937/3041/3176
f 2927/3031/3167 2928/3032/3168 2939/3043/3179 2938/3042/3178
f 2928/3032/3168 2929/3033/3169 2940/3044/3180 2939/3043/3179
f 2929/3033/3169 2930/3034/3170 2941/3045/3181 2940/3044/3180
f 2930/3034/3170 2931/3035/3171 2942/3046/3182 2941/3045/3181
f 2931/3035/3171 2932/3036/3172 2943/3047/3183 2942/3046/3182
f 2932/3036/3172 2933/3037/3173 2944/3048/3184 2943/3047/3183
f 2933/3037/3173 2934/3038/3174 2945/3049/3185 2944/3048/3184
f 2934/3038/3174 2935/3039/3175 2946/3050/3186 2945/3049/3185
f 2936/3040/3177 2937/3041/3176 2948/3052/3187 2947/3051/3188
f 2937/3041/3176 2938/3042/3178 2949/3053/3189 2948/3052/3187
f 2938/3042/3178 2939/3043/3179 2950/3054/3190 2949/3053/3189
f 2939/3043/3179 2940/3044/3180 2951/3055/3191 2950/3054/3190
f 2940/3044/3180 2941/3045/3181 2952/3056/3192 2951/3055/3191
f 2941/3045/3181 2942/3046/3182 2953/3057/3193 2952/3056/3192
f 2942/3046/3182 2943/3047/3183 2954/3058/3194 2953/3057/3193
f 2943/3047/3183 2944/3048/3184 2955/3059/3195 2954/3058/3194
f 2944/3048/3184 2945/3049/3185 2956/3060/3196 2955/3059/3195
f 2945/3049/3185 2946/3050/3186 2957/3061/3197 2956/3060/3196
f 2947/3051/3188 2948/3052/3187 2959/3063/3198 2958/3062/3199
f 2948/3052/3187 2949/3053/3189 2960/3064/3200 2959/3063/3198
f 2949/3053/3189 2950/3054/3190 2961/3065/3201 2960/3064/3200
f 2950/3054/3190 2951/3055/3191 2962/3066/3202 2961/3065/3201
f 2951/3055/3191 2952/3056/3192 2963/3067/3203 2962/3066/3202
f 2952/3056/3192 2953/3057/3193 2964/3068/3204 2963/3067/3203
f 2953/3057/3193 2954/3058/3194 2965/3069/3205 2964/3068/3204
f 2954/3058/3194 2955/3059/3195 2966/3070/3206 2965/3069/3205
f 2955/3059/3195 2956/3060/3196 2967/3071/3207 2966/3070/3206
f 2956/3060/3196 2957/3061/3197 2968/3072/3208 2967/3071/3207
g default
v 0.683047 0.674568 -5.026768
v 0.683047 0.674568 -4.059322
v 0.683047 0.674568 -3.091875
v 0.683047 0.674568 -2.124428
v 0.683047 0.674568 -1.156982
v 0.683047 0.674568 -0.189535
v 0.683047 0.674568 0.777912
v 0.683047 0.674568 1.745358
v 0.683047 0.674568 2.712805
v 0.683047 0.674568 3.680251
v 0.683047 0.674568 4.647698
v 1.317971 0.673856 -5.026756
v 1.317971 0.673856 -4.059310
v 1.317971 0.673856 -3.091863
v 1.317971 0.673856 -2.124417
v 1.317971 0.673856 -1.156970
v 1.317971 0.673856 -0.189524
v 1.317971 0.673856 0.777923
v 1.317971 0.673856 1.745370
v 1.317971 0.673856 2.712816
v 1.317971 0.673856 3.680263
v 1.317971 0.673856 4.647709
v 1.952895 0.673143 -5.026745
v 1.952895 0.673143 -4.059298
v 1.952895 0.673143 -3.091852
v 1.952895 0.673143 -2.124405
v 1.952895 0.673143 -1.156958
v 1.952895 0.673143 -0.189512
v 1.952895 0.673143 0.777935
v 1.952895 0.673143 1.745381
v 1.952895 0.673143 2.712828
v 1.952895 0.673143 3.680275
v 1.952895 0.673143 4.647721
v 2.587818 0.672430 -5.026733
v 2.587818 0.672430 -4.059286
v 2.587818 0.672430 -3.091840
v 2.587818 0.672430 -2.124393
v 2.587818 0.672430 -1.156947
v 2.587818 0.672430 -0.189500
v 2.587818 0.672430 0.777947
v 2.587818 0.672430 1.745393
v 2.587818 0.672430 2.712840
v 2.587818 0.672430 3.680287
v 2.587818 0.672430 4.647733
v 3.222742 0.671718 -5.026721
v 3.222742 0.671718 -4.059275
v 3.222742 0.671718 -3.091828
v 3.222742 0.671718 -2.124381
v 3.222742 0.671718 -1.156935
v 3.222742 0.671718 -0.189488
v 3.222742 0.671718 0.777959
v 3.222742 0.671718 1.745405
v 3.222742 0.671718 2.712852
v 3.222742 0.671718 3.680298
v 3.222742 0.671718 4.647745
v 3.857666 0.671005 -5.026709
v 3.857666 0.671005 -4.059263
v 3.857666 0.671005 -3.091816
v 3.857666 0.671005 -2.124370
v 3.857666 0.671005 -1.156923
v 3.857666 0.671005 -0.189476
v 3.857666 0.671005 0.777970
v 3.857666 0.671005 1.745417
v 3.857666 0.671005 2.712863
v 3.857666 0.671005 3.680310
v 3.857666 0.671005 4.647756
v 4.492590 0.670292 -5.026698
v 4.492590 0.670292 -4.059251
v 4.492590 0.670292 -3.091805
v 4.492590 0.670292 -2.124358
v 4.492590 0.670292 -1.156911
v 4.492590 0.670292 -0.189465
v 4.492590 0.670292 0.777982
v 4.492590 0.670292 1.745428
v 4.492590 0.670292 2.712875
v 4.492590 0.670292 3.680322
v 4.492590 0.670292 4.647768
v 5.127514 0.669580 -5.026686
v 5.127514 0.669580 -4.059239
v 5.127514 0.669580 -3.091793
v 5.127514 0.669580 -2.124346
v 5.127514 0.669580 -1.156900
v 5.127514 0.669580 -0.189453
v 5.127514 0.669580 0.777994
v 5.127514 0.669580 1.745440
v 5.127514 0.669580 2.712887
v 5.127514 0.669580 3.680334
v 5.127514 0.669580 4.647780
v 5.762438 0.668867 -5.026674
v 5.762438 0.668867 -4.059228
v 5.762438 0.668867 -3.091781
v 5.762438 0.668867 -2.124334
v 5.762438 0.668867 -1.156888
v 5.762438 0.668867 -0.189441
v 5.762438 0.668867 0.778006
v 5.762438 0.668867 1.745452
v 5.762438 0.668867 2.712899
v 5.762438 0.668867 3.680345
v 5.762438 0.668867 4.647792
v 6.397361 0.668154 -5.026662
v 6.397361 0.668154 -4.059216
v 6.397361 0.668154 -3.091769
v 6.397361 0.668154 -2.124323
v 6.397361 0.668154 -1.156876
v 6.397361 0.668154 -0.189429
v 6.397361 0.668154 0.778017
v 6.397361 0.668154 1.745464
v 6.397361 0.668154 2.712910
v 6.397361 0.668154 3.680357
v 6.397361 0.668154 4.647803
v 7.032285 0.667441 -5.026651
v 7.032285 0.667441 -4.059204
v 7.032285 0.667441 -3.091758
v 7.032285 0.667441 -2.124311
v 7.032285 0.667441 -1.156864
v 7.032285 0.667441 -0.189418
v 7.032285 0.667441 0.778029
v 7.032285 0.667441 1.745475
v 7.032285 0.667441 2.712922
v 7.032285 0.667441 3.680369
v 7.032285 0.667441 4.647815
vt 0.000000 0.000000
vt 0.100000 0.000000
vt 0.200000 0.000000
vt 0.300000 0.000000
vt 0.400000 0.000000
vt 0.500000 0.000000
vt 0.600000 0.000000
vt 0.700000 0.000000
vt 0.800000 0.000000
vt 0.900000 0.000000
vt 1.000000 0.000000
vt 0.000000 0.100000
vt 0.100000 0.100000
vt 0.200000 0.100000
vt 0.300000 0.100000
vt 0.400000 0.100000
vt 0.500000 0.100000
vt 0.600000 0.100000
vt 0.700000 0.100000
vt 0.800000 0.100000
vt 0.900000 0.100000
vt 1.000000 0.100000
vt 0.000000 0.200000
vt 0.100000 0.200000
vt 0.200000 0.200000
vt 0.300000 0.200000
vt 0.400000 0.200000
vt 0.500000 0.200000
vt 0.600000 0.200000
vt 0.700000 0.200000
vt 0.800000 0.200000
vt 0.900000 0.200000
vt 1.000000 0.200000
vt 0.000000 0.300000
vt 0.100000 0.300000
vt 0.200000 0.300000
vt 0.300000 0.300000
vt 0.400000 0.300000
vt 0.500000 0.300000
vt 0.600000 0.300000
vt 0.700000 0.300000
vt 0.800000 0.300000
vt 0.900000 0.300000
vt 1.000000 0.300000
vt 0.000000 0.400000
vt 0.100000 0.400000
vt 0.200000 0.400000
vt 0.300000 0.400000
vt 0.400000 0.400000
vt 0.500000 0.400000
vt 0.600000 0.400000
vt 0.700000 0.400000
vt 0.800000 0.400000
vt 0.900000 0.400000
vt 1.000000 0.400000
vt 0.000000 0.500000
vt 0.100000 0.500000
vt 0.200000 0.500000
vt 0.300000 0.500000
vt 0.400000 0.500000
vt 0.500000 0.500000
vt 0.600000 0.500000
vt 0.700000 0.500000
vt 0.800000 0.500000
vt 0.900000 0.500000
vt 1.000000 0.500000
vt 0.000000 0.600000
vt 0.100000 0.600000
vt 0.200000 0.600000
vt 0.300000 0.600000
vt 0.400000 0.600000
vt 0.500000 0.600000
vt 0.600000 0.600000
vt 0.700000 0.600000
vt 0.800000 0.600000
vt 0.900000 0.600000
vt 1.000000 0.600000
vt 0.000000 0.700000
vt 0.100000 0.700000
vt 0.200000 0.700000
vt 0.300000 0.700000
vt 0.400000 0.700000
vt 0.500000 0.700000
vt 0.600000 0.700000
vt 0.700000 0.700000
vt 0.800000 0.700000
vt 0.900000 0.700000
vt 1.000000 0.700000
vt 0.000000 0.800000
vt 0.100000 0.800000
vt 0.200000 0.800000
vt 0.300000 0.800000
vt 0.400000 0.800000
vt 0.500000 0.800000
vt 0.600000 0.800000
vt 0.700000 0.800000
vt 0.800000 0.800000
vt 0.900000 0.800000
vt 1.000000 0.800000
vt 0.000000 0.900000
vt 0.100000 0.900000
vt 0.200000 0.900000
vt 0.300000 0.900000
vt 0.400000 0.900000
vt 0.500000 0.900000
vt 0.600000 0.900000
vt 0.700000 0.900000
vt 0.800000 0.900000
vt 0.900000 0.900000
vt 1.000000 0.900000
vt 0.000000 1.000000
vt 0.100000 1.000000
vt 0.200000 1.000000
vt 0.300000 1.000000
vt 0.400000 1.000000
vt 0.500000 1.000000
vt 0.600000 1.000000
vt 0.700000 1.000000
vt 0.800000 1.000000
vt 0.900000 1.000000
vt 1.000000 1.000000
vn 0.001122 0.999999 0.000000
vn 0.001122 0.999999 0.000000
vn 0.001122 0.999999 0.000000
vn 0.001122 0.999999 0.000000
vn 0.001122 0.999999 0.000000
vn 0.001122 0.999999 0.000000
vn 0.001122 0.999999 0.000000
vn 0.001122 0.999999 0.000000
vn 0.001122 0.999999 0.000000
vn 0.001122 0.999999 0.000000
vn 0.001122 0.999999 0.000000
vn 0.001122 0.999999 0.000000
vn 0.001122 0.999999 0.000000
vn 0.001122 0.999999 0.000000
vn 0.001122 0.999999 0.000000
vn 0.001122 0.999999 0.000000
vn 0.001122 0.999999 0.000000
vn 0.001122 0.999999 0.000000
vn 0.001122 0.999999 0.000000
vn 0.001122 0.999999 0.000000
vn 0.001122 0.999999 0.000000
vn 0.001122 0.999999 0.000000
vn 0.001122 0.999999 0.000000
vn 0.001122 0.999999 0.000000
vn 0.001122 0.999999 0.000000
vn 0.001122 0.999999 0.000000
vn 0.001122 0.999999 0.000000
vn 0.001122 0.999999 0.000000
vn 0.001122 0.999999 0.000000
vn 0.001122 0.999999 0.000000
vn 0.001122 0.999999 0.000000
vn 0.001122 0.999999 0.000000
vn 0.001122 0.999999 0.000000
vn 0.001122 0.999999 0.000000
vn 0.001122 0.999999 0.000000
vn 0.001122 0.999999 0.000000
vn 0.001122 0.999999 0.000000
vn 0.001122 0.999999 0.000000
vn 0.001122 0.999999 0.000000
vn 0.001122 0.999999 0.000000
vn 0.001122 0.999999 0.000000
vn 0.001122 0.999999 0.000000
vn 0.001122 0.999999 0.000000
vn 0.001122 0.999999 0.000000
vn 0.001122 0.999999 0.000000
vn 0.001122 0.999999 0.000000
vn 0.001122 0.999999 0.000000
vn 0.001122 0.999999 0.000000
vn 0.001122 0.999999 0.000000
vn 0.001122 0.999999 0.000000
vn 0.001122 0.999999 0.000000
vn 0.001122 0.999999 0.000000
vn 0.001122 0.999999 0.000000
vn 0.001122 0.999999 0.000000
vn 0.001122 0.999999 0.000000
vn 0.001122 0.999999 0.000000
vn 0.001122 0.999999 0.000000
vn 0.001122 0.999999 0.000000
vn 0.001122 0.999999 0.000000
vn 0.001122 0.999999 0.000000
vn 0.001122 0.999999 0.000000
vn 0.001122 0.999999 0.000000
vn 0.001122 0.999999 0.000000
vn 0.001122 0.999999 0.000000
vn 0.001122 0.999999 0.000000
vn 0.001122 0.999999 0.000000
vn 0.001122 0.999999 0.000000
vn 0.001122 0.999999 0.000000
vn 0.001122 0.999999 0.000000
vn 0.001122 0.999999 0.000000
vn 0.001122 0.999999 0.000000
vn 0.001122 0.999999 0.000000
vn 0.001122 0.999999 0.000000
vn 0.001122 0.999999 0.000000
vn 0.001122 0.999999 0.000000
vn 0.001122 0.999999 0.000000
vn 0.001122 0.999999 0.000000
vn 0.001122 0.999999 0.000000
vn 0.001122 0.999999 0.000000
vn 0.001122 0.999999 0.000000
vn 0.001122 0.999999 0.000000
vn 0.001122 0.999999 0.000000
vn 0.001122 0.999999 0.000000
vn 0.001122 0.999999 0.000000
vn 0.001122 0.999999 0.000000
vn 0.001122 0.999999 0.000000
vn 0.001122 0.999999 0.000000
vn 0.001122 0.999999 0.000000
vn 0.001122 0.999999 0.000000
vn 0.001122 0.999999 0.000000
vn 0.001122 0.999999 0.000000
vn 0.001122 0.999999 0.000000
vn 0.001122 0.999999 0.000000
vn 0.001122 0.999999 0.000000
vn 0.001122 0.999999 0.000000
vn 0.001122 0.999999 0.000000
vn 0.001122 0.999999 0.000000
vn 0.001122 0.999999 0.000000
vn 0.001122 0.999999 0.000000
vn 0.001122 0.999999 0.000000
vn 0.001122 0.999999 0.000000
vn 0.001122 0.999999 0.000000
vn 0.001122 0.999999 0.000000
vn 0.001122 0.999999 0.000000
vn 0.001122 0.999999 0.000000
vn 0.001122 0.999999 0.000000
vn 0.001122 0.999999 0.000000
vn 0.001122 0.999999 0.000000
vn 0.001122 0.999999 0.000000
vn 0.001122 0.999999 0.000000
vn 0.001122 0.999999 0.000000
vn 0.001122 0.999999 0.000000
vn 0.001122 0.999999 0.000000
vn 0.001122 0.999999 0.000000
vn 0.001122 0.999999 0.000000
vn 0.001122 0.999999 0.000000
vn 0.001122 0.999999 0.000000
vn 0.001122 0.999999 0.000000
vn 0.001122 0.999999 0.000000
vn 0.001122 0.999999 0.000000
vn 0.001122 0.999999 0.000000
s 1
g pPlane17 pPlane21
f 2969/3073/3209 2970/3074/3210 2981/3085/3211 2980/3084/3212
f 2970/3074/3210 2971/3075/3213 2982/3086/3214 2981/3085/3211
f 2971/3075/3213 2972/3076/3215 2983/3087/3216 2982/3086/3214
f 2972/3076/3215 2973/3077/3217 2984/3088/3218 2983/3087/3216
f 2973/3077/3217 2974/3078/3219 2985/3089/3220 2984/3088/3218
f 2974/3078/3219 2975/3079/3221 2986/3090/3222 2985/3089/3220
f 2975/3079/3221 2976/3080/3223 2987/3091/3224 2986/3090/3222
f 2976/3080/3223 2977/3081/3225 2988/3092/3226 2987/3091/3224
f 2977/3081/3225 2978/3082/3227 2989/3093/3228 2988/3092/3226
f 2978/3082/3227 2979/3083/3229 2990/3094/3230 2989/3093/3228
f 2980/3084/3212 2981/3085/3211 2992/3096/3231 2991/3095/3232
f 2981/3085/3211 2982/3086/3214 2993/3097/3233 2992/3096/3231
f 2982/3086/3214 2983/3087/3216 2994/3098/3234 2993/3097/3233
f 2983/3087/3216 2984/3088/3218 2995/3099/3235 2994/3098/3234
f 2984/3088/3218 2985/3089/3220 2996/3100/3236 2995/3099/3235
f 2985/3089/3220 2986/3090/3222 2997/3101/3237 2996/3100/3236
f 2986/3090/3222 2987/3091/3224 2998/3102/3238 2997/3101/3237
f 2987/3091/3224 2988/3092/3226 2999/3103/3239 2998/3102/3238
f 2988/3092/3226 2989/3093/3228 3000/3104/3240 2999/3103/3239
f 2989/3093/3228 2990/3094/3230 3001/3105/3241 3000/3104/3240
f 2991/3095/3232 2992/3096/3231 3003/3107/3242 3002/3106/3243
f 2992/3096/3231 2993/3097/3233 3004/3108/3244 3003/3107/3242
f 2993/3097/3233 2994/3098/3234 3005/3109/3245 3004/3108/3244
f 2994/3098/3234 2995/3099/3235 3006/3110/3246 3005/3109/3245
f 2995/3099/3235 2996/3100/3236 3007/3111/3247 3006/3110/3246
f 2996/3100/3236 2997/3101/3237 3008/3112/3248 3007/3111/3247
f 2997/3101/3237 2998/3102/3238 3009/3113/3249 3008/3112/3248
f 2998/3102/3238 2999/3103/3239 3010/3114/3250 3009/3113/3249
f 2999/3103/3239 3000/3104/3240 3011/3115/3251 3010/3114/3250
f 3000/3104/3240 3001/3105/3241 3012/3116/3252 3011/3115/3251
f 3002/3106/3243 3003/3107/3242 3014/3118/3253 3013/3117/3254
f 3003/3107/3242 3004/3108/3244 3015/3119/3255 3014/3118/3253
f 3004/3108/3244 3005/3109/3245 3016/3120/3256 3015/3119/3255
f 3005/3109/3245 3006/3110/3246 3017/3121/3257 3016/3120/3256
f 3006/3110/3246 3007/3111/3247 3018/3122/3258 3017/3121/3257
f 3007/3111/3247 3008/3112/3248 3019/3123/3259 3018/3122/3258
f 3008/3112/3248 3009/3113/3249 3020/3124/3260 3019/3123/3259
f 3009/3113/3249 3010/3114/3250 3021/3125/3261 3020/3124/3260
f 3010/3114/3250 3011/3115/3251 3022/3126/3262 3021/3125/3261
f 3011/3115/3251 3012/3116/3252 3023/3127/3263 3022/3126/3262
f 3013/3117/3254 3014/3118/3253 3025/3129/3264 3024/3128/3265
f 3014/3118/3253 3015/3119/3255 3026/3130/3266 3025/3129/3264
f 3015/3119/3255 3016/3120/3256 3027/3131/3267 3026/3130/3266
f 3016/3120/3256 3017/3121/3257 3028/3132/3268 3027/3131/3267
f 3017/3121/3257 3018/3122/3258 3029/3133/3269 3028/3132/3268
f 3018/3122/3258 3019/3123/3259 3030/3134/3270 3029/3133/3269
f 3019/3123/3259 3020/3124/3260 3031/3135/3271 3030/3134/3270
f 3020/3124/3260 3021/3125/3261 3032/3136/3272 3031/3135/3271
f 3021/3125/3261 3022/3126/3262 3033/3137/3273 3032/3136/3272
f 3022/3126/3262 3023/3127/3263 3034/3138/3274 3033/3137/3273
f 3024/3128/3265 3025/3129/3264 3036/3140/3275 3035/3139/3276
f 3025/3129/3264 3026/3130/3266 3037/3141/3277 3036/3140/3275
f 3026/3130/3266 3027/3131/3267 3038/3142/3278 3037/3141/3277
f 3027/3131/3267 3028/3132/3268 3039/3143/3279 3038/3142/3278
f 3028/3132/3268 3029/3133/3269 3040/3144/3280 3039/3143/3279
f 3029/3133/3269 3030/3134/3270 3041/3145/3281 3040/3144/3280
f 3030/3134/3270 3031/3135/3271 3042/3146/3282 3041/3145/3281
f 3031/3135/3271 3032/3136/3272 3043/3147/3283 3042/3146/3282
f 3032/3136/3272 3033/3137/3273 3044/3148/3284 3043/3147/3283
f 3033/3137/3273 3034/3138/3274 3045/3149/3285 3044/3148/3284
f 3035/3139/3276 3036/3140/3275 3047/3151/3286 3046/3150/3287
f 3036/3140/3275 3037/3141/3277 3048/3152/3288 3047/3151/3286
f 3037/3141/3277 3038/3142/3278 3049/3153/3289 3048/3152/3288
f 3038/3142/3278 3039/3143/3279 3050/3154/3290 3049/3153/3289
f 3039/3143/3279 3040/3144/3280 3051/3155/3291 3050/3154/3290
f 3040/3144/3280 3041/3145/3281 3052/3156/3292 3051/3155/3291
f 3041/3145/3281 3042/3146/3282 3053/3157/3293 3052/3156/3292
f 3042/3146/3282 3043/3147/3283 3054/3158/3294 3053/3157/3293
f 3043/3147/3283 3044/3148/3284 3055/3159/3295 3054/3158/3294
f 3044/3148/3284 3045/3149/3285 3056/3160/3296 3055/3159/3295
f 3046/3150/3287 3047/3151/3286 3058/3162/3297 3057/3161/3298
f 3047/3151/3286 3048/3152/3288 3059/3163/3299 3058/3162/3297
f 3048/3152/3288 3049/3153/3289 3060/3164/3300 3059/3163/3299
f 3049/3153/3289 3050/3154/3290 3061/3165/3301 3060/3164/3300
f 3050/3154/3290 3051/3155/3291 3062/3166/3302 3061/3165/3301
f 3051/3155/3291 3052/3156/3292 3063/3167/3303 3062/3166/3302
f 3052/3156/3292 3053/3157/3293 3064/3168/3304 3063/3167/3303
f 3053/3157/3293 3054/3158/3294 3065/3169/3305 3064/3168/3304
f 3054/3158/3294 3055/3159/3295 3066/3170/3306 3065/3169/3305
f 3055/3159/3295 3056/3160/3296 3067/3171/3307 3066/3170/3306
f 3057/3161/3298 3058/3162/3297 3069/3173/3308 3068/3172/3309
f 3058/3162/3297 3059/3163/3299 3070/3174/3310 3069/3173/3308
f 3059/3163/3299 3060/3164/3300 3071/3175/3311 3070/3174/3310
f 3060/3164/3300 3061/3165/3301 3072/3176/3312 3071/3175/3311
f 3061/3165/3301 3062/3166/3302 3073/3177/3313 3072/3176/3312
f 3062/3166/3302 3063/3167/3303 3074/3178/3314 3073/3177/3313
f 3063/3167/3303 3064/3168/3304 3075/3179/3315 3074/3178/3314
f 3064/3168/3304 3065/3169/3305 3076/3180/3316 3075/3179/3315
f 3065/3169/3305 3066/3170/3306 3077/3181/3317 3076/3180/3316
f 3066/3170/3306 3067/3171/3307 3078/3182/3318 3077/3181/3317
f 3068/3172/3309 3069/3173/3308 3080/3184/3319 3079/3183/3320
f 3069/3173/3308 3070/3174/3310 3081/3185/3321 3080/3184/3319
f 3070/3174/3310 3071/3175/3311 3082/3186/3322 3081/3185/3321
f 3071/3175/3311 3072/3176/3312 3083/3187/3323 3082/3186/3322
f 3072/3176/3312 3073/3177/3313 3084/3188/3324 3083/3187/3323
f 3073/3177/3313 3074/3178/3314 3085/3189/3325 3084/3188/3324
f 3074/3178/3314 3075/3179/3315 3086/3190/3326 3085/3189/3325
f 3075/3179/3315 3076/3180/3316 3087/3191/3327 3086/3190/3326
f 3076/3180/3316 3077/3181/3317 3088/3192/3328 3087/3191/3327
f 3077/3181/3317 3078/3182/3318 3089/3193/3329 3088/3192/3328
g default
v 7.560312 0.940679 2.207699
v 6.858582 0.940679 2.207699
v 6.156852 0.940679 2.207699
v 5.455122 0.940679 2.207699
v 4.753392 0.940679 2.207699
v 4.051662 0.940678 2.207699
v 3.349932 0.940678 2.207699
v 2.648202 0.940679 2.207699
v 1.946472 0.940679 2.207699
v 1.244742 0.940679 2.207699
v 0.543011 0.940678 2.207699
v 7.560919 0.940677 1.508400
v 6.859189 0.940677 1.508400
v 6.157459 0.940677 1.508400
v 5.455729 0.940677 1.508400
v 4.753999 0.940677 1.508400
v 4.052269 0.940677 1.508400
v 3.350539 0.940677 1.508400
v 2.648809 0.940677 1.508400
v 1.947079 0.940677 1.508401
v 1.245349 0.940677 1.508400
v 0.543619 0.940677 1.508400
v 7.561527 0.940675 0.809102
v 6.859796 0.940675 0.809102
v 6.158066 0.940675 0.809102
v 5.456336 0.940675 0.809102
v 4.754606 0.940675 0.809102
v 4.052876 0.940675 0.809102
v 3.351146 0.940675 0.809102
v 2.649416 0.940675 0.809102
v 1.947686 0.940675 0.809102
v 1.245956 0.940675 0.809102
v 0.544226 0.940675 0.809102
v 7.562133 0.940673 0.109803
v 6.860403 0.940673 0.109803
v 6.158673 0.940673 0.109803
v 5.456943 0.940673 0.109803
v 4.755213 0.940673 0.109803
v 4.053483 0.940673 0.109803
v 3.351753 0.940673 0.109803
v 2.650023 0.940673 0.109803
v 1.948293 0.940673 0.109803
v 1.246563 0.940673 0.109803
v 0.544833 0.940673 0.109803
v 7.562741 0.940671 -0.589495
v 6.861011 0.940671 -0.589495
v 6.159281 0.940671 -0.589495
v 5.457550 0.940671 -0.589495
v 4.755820 0.940671 -0.589495
v 4.054090 0.940671 -0.589495
v 3.352360 0.940671 -0.589495
v 2.650631 0.940671 -0.589495
v 1.948900 0.940671 -0.589495
v 1.247171 0.940671 -0.589495
v 0.545440 0.940671 -0.589495
v 7.563348 0.940669 -1.288794
v 6.861618 0.940669 -1.288794
v 6.159888 0.940669 -1.288794
v 5.458158 0.940669 -1.288794
v 4.756428 0.940669 -1.288794
v 4.054698 0.940669 -1.288794
v 3.352968 0.940669 -1.288794
v 2.651237 0.940669 -1.288794
v 1.949508 0.940669 -1.288794
v 1.247777 0.940669 -1.288794
v 0.546047 0.940669 -1.288794
v 7.563955 0.940667 -1.988093
v 6.862225 0.940667 -1.988093
v 6.160495 0.940667 -1.988093
v 5.458765 0.940667 -1.988093
v 4.757035 0.940667 -1.988093
v 4.055305 0.940667 -1.988093
v 3.353575 0.940667 -1.988093
v 2.651845 0.940667 -1.988093
v 1.950115 0.940667 -1.988093
v 1.248384 0.940667 -1.988093
v 0.546654 0.940667 -1.988093
v 7.564562 0.940665 -2.687391
v 6.862832 0.940665 -2.687391
v 6.161102 0.940665 -2.687391
v 5.459372 0.940665 -2.687391
v 4.757642 0.940665 -2.687391
v 4.055912 0.940665 -2.687391
v 3.354182 0.940665 -2.687391
v 2.652452 0.940665 -2.687391
v 1.950721 0.940665 -2.687391
v 1.248992 0.940665 -2.687391
v 0.547262 0.940665 -2.687391
v 7.565169 0.940663 -3.386690
v 6.863439 0.940663 -3.386690
v 6.161709 0.940663 -3.386690
v 5.459979 0.940663 -3.386690
v 4.758249 0.940663 -3.386690
v 4.056519 0.940663 -3.386690
v 3.354789 0.940663 -3.386690
v 2.653059 0.940663 -3.386690
v 1.951329 0.940663 -3.386690
v 1.249598 0.940663 -3.386690
v 0.547869 0.940663 -3.386690
v 7.565777 0.940661 -4.085989
v 6.864046 0.940661 -4.085989
v 6.162317 0.940661 -4.085989
v 5.460586 0.940661 -4.085988
v 4.758856 0.940661 -4.085989
v 4.057126 0.940661 -4.085988
v 3.355396 0.940661 -4.085988
v 2.653667 0.940661 -4.085989
v 1.951936 0.940661 -4.085988
v 1.250206 0.940661 -4.085989
v 0.548477 0.940661 -4.085989
v 7.566383 0.940659 -4.785287
v 6.864653 0.940659 -4.785287
v 6.162924 0.940659 -4.785287
v 5.461193 0.940659 -4.785287
v 4.759464 0.940659 -4.785287
v 4.057734 0.940659 -4.785287
v 3.356003 0.940659 -4.785287
v 2.654274 0.940659 -4.785287
v 1.952543 0.940659 -4.785287
v 1.250814 0.940659 -4.785287
v 0.549084 0.940659 -4.785287
vt 0.995841 1.004125
vt 0.895844 1.003296
vt 0.896673 0.903300
vt 0.996669 0.904128
vt 0.795848 1.002468
vt 0.796676 0.902471
vt 0.695851 1.001640
vt 0.696680 0.901643
vt 0.595855 1.000811
vt 0.596683 0.900815
vt 0.495858 0.999983
vt 0.496686 0.899986
vt 0.395861 0.999154
vt 0.396690 0.899158
vt 0.295865 0.998326
vt 0.296693 0.898329
vt 0.195868 0.997498
vt 0.196697 0.897501
vt 0.095872 0.996669
vt 0.096700 0.896673
vt -0.004125 0.995841
vt -0.003296 0.895844
vt 0.897501 0.803303
vt 0.997498 0.804132
vt 0.797505 0.802475
vt 0.697508 0.801646
vt 0.597511 0.800818
vt 0.497515 0.799990
vt 0.397518 0.799161
vt 0.297522 0.798333
vt 0.197525 0.797505
vt 0.097529 0.796676
vt -0.002468 0.795848
vt 0.898329 0.703307
vt 0.998326 0.704135
vt 0.798333 0.702478
vt 0.698336 0.701650
vt 0.598340 0.700822
vt 0.498343 0.699993
vt 0.398347 0.699165
vt 0.298350 0.698336
vt 0.198354 0.697508
vt 0.098357 0.696680
vt -0.001640 0.695851
vt 0.899158 0.603310
vt 0.999154 0.604138
vt 0.799161 0.602482
vt 0.699165 0.601653
vt 0.599168 0.600825
vt 0.499172 0.599997
vt 0.399175 0.599168
vt 0.299178 0.598340
vt 0.199182 0.597511
vt 0.099185 0.596683
vt -0.000811 0.595855
vt 0.899986 0.503314
vt 0.999983 0.504142
vt 0.799990 0.502485
vt 0.699993 0.501657
vt 0.599997 0.500828
vt 0.500000 0.500000
vt 0.400003 0.499172
vt 0.300007 0.498343
vt 0.200010 0.497515
vt 0.100014 0.496686
vt 0.000017 0.495858
vt 0.900815 0.403317
vt 1.000811 0.404145
vt 0.800818 0.402489
vt 0.700822 0.401660
vt 0.600825 0.400832
vt 0.500828 0.400003
vt 0.400832 0.399175
vt 0.300835 0.398347
vt 0.200839 0.397518
vt 0.100842 0.396690
vt 0.000846 0.395861
vt 0.901643 0.303320
vt 1.001640 0.304149
vt 0.801646 0.302492
vt 0.701650 0.301664
vt 0.601653 0.300835
vt 0.501657 0.300007
vt 0.401660 0.299178
vt 0.301664 0.298350
vt 0.201667 0.297522
vt 0.101670 0.296693
vt 0.001674 0.295865
vt 0.902471 0.203324
vt 1.002468 0.204152
vt 0.802475 0.202496
vt 0.702478 0.201667
vt 0.602482 0.200839
vt 0.502485 0.200010
vt 0.402489 0.199182
vt 0.302492 0.198354
vt 0.202496 0.197525
vt 0.102499 0.196697
vt 0.002502 0.195868
vt 0.903300 0.103327
vt 1.003296 0.104156
vt 0.803303 0.102499
vt 0.703307 0.101670
vt 0.603310 0.100842
vt 0.503314 0.100014
vt 0.403317 0.099185
vt 0.303320 0.098357
vt 0.203324 0.097529
vt 0.103327 0.096700
vt 0.003331 0.095872
vt 0.904128 0.003331
vt 1.004125 0.004159
vt 0.804132 0.002502
vt 0.704135 0.001674
vt 0.604138 0.000846
vt 0.504142 0.000017
vt 0.404145 -0.000811
vt 0.304149 -0.001640
vt 0.204152 -0.002468
vt 0.104156 -0.003296
vt 0.004159 -0.004125
vn 0.000000 1.000000 -0.000003
vn 0.000000 1.000000 -0.000003
vn 0.000000 1.000000 -0.000003
vn 0.000000 1.000000 -0.000003
vn 0.000000 1.000000 -0.000003
vn 0.000000 1.000000 -0.000003
vn -0.000000 1.000000 -0.000003
vn -0.000000 1.000000 -0.000003
vn -0.000000 1.000000 -0.000003
vn -0.000000 1.000000 -0.000003
vn 0.000000 1.000000 -0.000003
vn -0.000000 1.000000 -0.000003
vn 0.000000 1.000000 -0.000003
vn 0.000000 1.000000 -0.000003
vn 0.000000 1.000000 -0.000003
vn 0.000000 1.000000 -0.000003
vn -0.000000 1.000000 -0.000003
vn -0.000000 1.000000 -0.000003
vn -0.000000 1.000000 -0.000003
vn -0.000000 1.000000 -0.000003
vn -0.000000 1.000000 -0.000003
vn -0.000000 1.000000 -0.000003
vn 0.000000 1.000000 -0.000003
vn 0.000000 1.000000 -0.000003
vn -0.000000 1.000000 -0.000003
vn -0.000000 1.000000 -0.000003
vn -0.000000 1.000000 -0.000003
vn 0.000000 1.000000 -0.000003
vn 0.000000 1.000000 -0.000003
vn -0.000000 1.000000 -0.000003
vn -0.000000 1.000000 -0.000003
vn 0.000000 1.000000 -0.000003
vn 0.000000 1.000000 -0.000003
vn 0.000000 1.000000 -0.000003
vn 0.000000 1.000000 -0.000003
vn -0.000000 1.000000 -0.000003
vn -0.000000 1.000000 -0.000003
vn -0.000000 1.000000 -0.000003
vn 0.000000 1.000000 -0.000003
vn 0.000000 1.000000 -0.000003
vn -0.000000 1.000000 -0.000003
vn -0.000000 1.000000 -0.000003
vn 0.000000 1.000000 -0.000003
vn 0.000000 1.000000 -0.000003
vn 0.000000 1.000000 -0.000003
vn -0.000000 1.000000 -0.000003
vn -0.000000 1.000000 -0.000003
vn 0.000000 1.000000 -0.000003
vn -0.000000 1.000000 -0.000003
vn -0.000000 1.000000 -0.000003
vn 0.000000 1.000000 -0.000003
vn -0.000000 1.000000 -0.000003
vn 0.000000 1.000000 -0.000003
vn 0.000000 1.000000 -0.000003
vn 0.000000 1.000000 -0.000003
vn -0.000000 1.000000 -0.000003
vn -0.000000 1.000000 -0.000003
vn -0.000000 1.000000 -0.000003
vn 0.000000 1.000000 -0.000003
vn 0.000000 1.000000 -0.000003
vn -0.000000 1.000000 -0.000003
vn -0.000000 1.000000 -0.000003
vn -0.000000 1.000000 -0.000003
vn 0.000000 1.000000 -0.000003
vn 0.000000 1.000000 -0.000003
vn 0.000000 1.000000 -0.000003
vn -0.000000 1.000000 -0.000003
vn -0.000000 1.000000 -0.000003
vn -0.000000 1.000000 -0.000003
vn 0.000000 1.000000 -0.000003
vn 0.000000 1.000000 -0.000003
vn -0.000000 1.000000 -0.000003
vn -0.000000 1.000000 -0.000003
vn 0.000000 1.000000 -0.000003
vn 0.000000 1.000000 -0.000003
vn -0.000000 1.000000 -0.000003
vn 0.000000 1.000000 -0.000003
vn -0.000000 1.000000 -0.000003
vn 0.000000 1.000000 -0.000003
vn 0.000000 1.000000 -0.000003
vn 0.000000 1.000000 -0.000003
vn -0.000000 1.000000 -0.000003
vn -0.000000 1.000000 -0.000003
vn 0.000000 1.000000 -0.000003
vn 0.000000 1.000000 -0.000003
vn 0.000000 1.000000 -0.000003
vn 0.000000 1.000000 -0.000003
vn 0.000000 1.000000 -0.000003
vn -0.000000 1.000000 -0.000003
vn 0.000000 1.000000 -0.000003
vn 0.000000 1.000000 -0.000003
vn 0.000000 1.000000 -0.000003
vn -0.000000 1.000000 -0.000003
vn -0.000000 1.000000 -0.000003
vn 0.000000 1.000000 -0.000003
vn 0.000000 1.000000 -0.000003
vn -0.000000 1.000000 -0.000003
vn 0.000000 1.000000 -0.000003
vn 0.000000 1.000000 -0.000003
vn -0.000000 1.000000 -0.000003
vn -0.000000 1.000000 -0.000003
vn -0.000000 1.000000 -0.000003
vn 0.000000 1.000000 -0.000003
vn 0.000000 1.000000 -0.000003
vn 0.000000 1.000000 -0.000003
vn 0.000000 1.000000 -0.000003
vn 0.000000 1.000000 -0.000003
vn -0.000000 1.000000 -0.000003
vn -0.000000 1.000000 -0.000003
vn 0.000000 1.000000 -0.000003
vn -0.000000 1.000000 -0.000003
vn -0.000000 1.000000 -0.000003
vn -0.000000 1.000000 -0.000003
vn -0.000000 1.000000 -0.000003
vn 0.000000 1.000000 -0.000003
vn 0.000000 1.000000 -0.000003
vn 0.000000 1.000000 -0.000003
vn 0.000000 1.000000 -0.000003
vn -0.000000 1.000000 -0.000003
vn -0.000000 1.000000 -0.000003
vn 0.000000 1.000000 -0.000003
s 1
g pPlane13 pPlane8
usemtl lambert12SG
f 3090/3194/3330 3101/3197/3331 3102/3196/3332 3091/3195/3333
f 3091/3195/3333 3102/3196/3332 3103/3199/3334 3092/3198/3335
f 3092/3198/3335 3103/3199/3334 3104/3201/3336 3093/3200/3337
f 3093/3200/3337 3104/3201/3336 3105/3203/3338 3094/3202/3339
f 3094/3202/3339 3105/3203/3338 3106/3205/3340 3095/3204/3341
f 3095/3204/3341 3106/3205/3340 3107/3207/3342 3096/3206/3343
f 3096/3206/3343 3107/3207/3342 3108/3209/3344 3097/3208/3345
f 3097/3208/3345 3108/3209/3344 3109/3211/3346 3098/3210/3347
f 3098/3210/3347 3109/3211/3346 3110/3213/3348 3099/3212/3349
f 3099/3212/3349 3110/3213/3348 3111/3215/3350 3100/3214/3351
f 3101/3197/3331 3112/3217/3352 3113/3216/3353 3102/3196/3332
f 3102/3196/3332 3113/3216/3353 3114/3218/3354 3103/3199/3334
f 3103/3199/3334 3114/3218/3354 3115/3219/3355 3104/3201/3336
f 3104/3201/3336 3115/3219/3355 3116/3220/3356 3105/3203/3338
f 3105/3203/3338 3116/3220/3356 3117/3221/3357 3106/3205/3340
f 3106/3205/3340 3117/3221/3357 3118/3222/3358 3107/3207/3342
f 3107/3207/3342 3118/3222/3358 3119/3223/3359 3108/3209/3344
f 3108/3209/3344 3119/3223/3359 3120/3224/3360 3109/3211/3346
f 3109/3211/3346 3120/3224/3360 3121/3225/3361 3110/3213/3348
f 3110/3213/3348 3121/3225/3361 3122/3226/3362 3111/3215/3350
f 3112/3217/3352 3123/3228/3363 3124/3227/3364 3113/3216/3353
f 3113/3216/3353 3124/3227/3364 3125/3229/3365 3114/3218/3354
f 3114/3218/3354 3125/3229/3365 3126/3230/3366 3115/3219/3355
f 3115/3219/3355 3126/3230/3366 3127/3231/3367 3116/3220/3356
f 3116/3220/3356 3127/3231/3367 3128/3232/3368 3117/3221/3357
f 3117/3221/3357 3128/3232/3368 3129/3233/3369 3118/3222/3358
f 3118/3222/3358 3129/3233/3369 3130/3234/3370 3119/3223/3359
f 3119/3223/3359 3130/3234/3370 3131/3235/3371 3120/3224/3360
f 3120/3224/3360 3131/3235/3371 3132/3236/3372 3121/3225/3361
f 3121/3225/3361 3132/3236/3372 3133/3237/3373 3122/3226/3362
f 3123/3228/3363 3134/3239/3374 3135/3238/3375 3124/3227/3364
f 3124/3227/3364 3135/3238/3375 3136/3240/3376 3125/3229/3365
f 3125/3229/3365 3136/3240/3376 3137/3241/3377 3126/3230/3366
f 3126/3230/3366 3137/3241/3377 3138/3242/3378 3127/3231/3367
f 3127/3231/3367 3138/3242/3378 3139/3243/3379 3128/3232/3368
f 3128/3232/3368 3139/3243/3379 3140/3244/3380 3129/3233/3369
f 3129/3233/3369 3140/3244/3380 3141/3245/3381 3130/3234/3370
f 3130/3234/3370 3141/3245/3381 3142/3246/3382 3131/3235/3371
f 3131/3235/3371 3142/3246/3382 3143/3247/3383 3132/3236/3372
f 3132/3236/3372 3143/3247/3383 3144/3248/3384 3133/3237/3373
f 3134/3239/3374 3145/3250/3385 3146/3249/3386 3135/3238/3375
f 3135/3238/3375 3146/3249/3386 3147/3251/3387 3136/3240/3376
f 3136/3240/3376 3147/3251/3387 3148/3252/3388 3137/3241/3377
f 3137/3241/3377 3148/3252/3388 3149/3253/3389 3138/3242/3378
f 3138/3242/3378 3149/3253/3389 3150/3254/3390 3139/3243/3379
f 3139/3243/3379 3150/3254/3390 3151/3255/3391 3140/3244/3380
f 3140/3244/3380 3151/3255/3391 3152/3256/3392 3141/3245/3381
f 3141/3245/3381 3152/3256/3392 3153/3257/3393 3142/3246/3382
f 3142/3246/3382 3153/3257/3393 3154/3258/3394 3143/3247/3383
f 3143/3247/3383 3154/3258/3394 3155/3259/3395 3144/3248/3384
f 3145/3250/3385 3156/3261/3396 3157/3260/3397 3146/3249/3386
f 3146/3249/3386 3157/3260/3397 3158/3262/3398 3147/3251/3387
f 3147/3251/3387 3158/3262/3398 3159/3263/3399 3148/3252/3388
f 3148/3252/3388 3159/3263/3399 3160/3264/3400 3149/3253/3389
f 3149/3253/3389 3160/3264/3400 3161/3265/3401 3150/3254/3390
f 3150/3254/3390 3161/3265/3401 3162/3266/3402 3151/3255/3391
f 3151/3255/3391 3162/3266/3402 3163/3267/3403 3152/3256/3392
f 3152/3256/3392 3163/3267/3403 3164/3268/3404 3153/3257/3393
f 3153/3257/3393 3164/3268/3404 3165/3269/3405 3154/3258/3394
f 3154/3258/3394 3165/3269/3405 3166/3270/3406 3155/3259/3395
f 3156/3261/3396 3167/3272/3407 3168/3271/3408 3157/3260/3397
f 3157/3260/3397 3168/3271/3408 3169/3273/3409 3158/3262/3398
f 3158/3262/3398 3169/3273/3409 3170/3274/3410 3159/3263/3399
f 3159/3263/3399 3170/3274/3410 3171/3275/3411 3160/3264/3400
f 3160/3264/3400 3171/3275/3411 3172/3276/3412 3161/3265/3401
f 3161/3265/3401 3172/3276/3412 3173/3277/3413 3162/3266/3402
f 3162/3266/3402 3173/3277/3413 3174/3278/3414 3163/3267/3403
f 3163/3267/3403 3174/3278/3414 3175/3279/3415 3164/3268/3404
f 3164/3268/3404 3175/3279/3415 3176/3280/3416 3165/3269/3405
f 3165/3269/3405 3176/3280/3416 3177/3281/3417 3166/3270/3406
f 3167/3272/3407 3178/3283/3418 3179/3282/3419 3168/3271/3408
f 3168/3271/3408 3179/3282/3419 3180/3284/3420 3169/3273/3409
f 3169/3273/3409 3180/3284/3420 3181/3285/3421 3170/3274/3410
f 3170/3274/3410 3181/3285/3421 3182/3286/3422 3171/3275/3411
f 3171/3275/3411 3182/3286/3422 3183/3287/3423 3172/3276/3412
f 3172/3276/3412 3183/3287/3423 3184/3288/3424 3173/3277/3413
f 3173/3277/3413 3184/3288/3424 3185/3289/3425 3174/3278/3414
f 3174/3278/3414 3185/3289/3425 3186/3290/3426 3175/3279/3415
f 3175/3279/3415 3186/3290/3426 3187/3291/3427 3176/3280/3416
f 3176/3280/3416 3187/3291/3427 3188/3292/3428 3177/3281/3417
f 3178/3283/3418 3189/3294/3429 3190/3293/3430 3179/3282/3419
f 3179/3282/3419 3190/3293/3430 3191/3295/3431 3180/3284/3420
f 3180/3284/3420 3191/3295/3431 3192/3296/3432 3181/3285/3421
f 3181/3285/3421 3192/3296/3432 3193/3297/3433 3182/3286/3422
f 3182/3286/3422 3193/3297/3433 3194/3298/3434 3183/3287/3423
f 3183/3287/3423 3194/3298/3434 3195/3299/3435 3184/3288/3424
f 3184/3288/3424 3195/3299/3435 3196/3300/3436 3185/3289/3425
f 3185/3289/3425 3196/3300/3436 3197/3301/3437 3186/3290/3426
f 3186/3290/3426 3197/3301/3437 3198/3302/3438 3187/3291/3427
f 3187/3291/3427 3198/3302/3438 3199/3303/3439 3188/3292/3428
f 3189/3294/3429 3200/3305/3440 3201/3304/3441 3190/3293/3430
f 3190/3293/3430 3201/3304/3441 3202/3306/3442 3191/3295/3431
f 3191/3295/3431 3202/3306/3442 3203/3307/3443 3192/3296/3432
f 3192/3296/3432 3203/3307/3443 3204/3308/3444 3193/3297/3433
f 3193/3297/3433 3204/3308/3444 3205/3309/3445 3194/3298/3434
f 3194/3298/3434 3205/3309/3445 3206/3310/3446 3195/3299/3435
f 3195/3299/3435 3206/3310/3446 3207/3311/3447 3196/3300/3436
f 3196/3300/3436 3207/3311/3447 3208/3312/3448 3197/3301/3437
f 3197/3301/3437 3208/3312/3448 3209/3313/3449 3198/3302/3438
f 3198/3302/3438 3209/3313/3449 3210/3314/3450 3199/3303/3439
g default
v 0.352564 0.779873 2.206622
v 1.053532 0.785408 2.208303
v 1.754500 0.790944 2.209984
v 2.455467 0.796479 2.211666
v 3.156435 0.802015 2.213347
v 3.857403 0.807551 2.215029
v 4.558370 0.813086 2.216710
v 5.259338 0.818622 2.218392
v 5.960306 0.824157 2.220073
v 6.661273 0.829693 2.221755
v 7.362241 0.835228 2.223436
v 0.353396 0.779485 1.509136
v 1.054364 0.785020 1.510817
v 1.755332 0.790556 1.512499
v 2.456299 0.796091 1.514180
v 3.157267 0.801627 1.515862
v 3.858235 0.807162 1.517543
v 4.559203 0.812698 1.519225
v 5.260170 0.818233 1.520906
v 5.961138 0.823769 1.522588
v 6.662106 0.829305 1.524269
v 7.363073 0.834840 1.525951
v 0.354229 0.779096 0.811650
v 1.055196 0.784632 0.813331
v 1.756164 0.790168 0.815013
v 2.457132 0.795703 0.816694
v 3.158099 0.801239 0.818376
v 3.859067 0.806774 0.820057
v 4.560035 0.812310 0.821739
v 5.261002 0.817845 0.823420
v 5.961970 0.823381 0.825102
v 6.662938 0.828916 0.826783
v 7.363905 0.834452 0.828465
v 0.355061 0.778708 0.114164
v 1.056028 0.784244 0.115845
v 1.756996 0.789779 0.117527
v 2.457964 0.795315 0.119208
v 3.158931 0.800850 0.120890
v 3.859899 0.806386 0.122571
v 4.560867 0.811922 0.124253
v 5.261834 0.817457 0.125934
v 5.962802 0.822993 0.127616
v 6.663770 0.828528 0.129297
v 7.364737 0.834064 0.130979
v 0.355893 0.778320 -0.583322
v 1.056860 0.783856 -0.581640
v 1.757828 0.789391 -0.579959
v 2.458796 0.794927 -0.578277
v 3.159763 0.800462 -0.576596
v 3.860731 0.805998 -0.574914
v 4.561699 0.811533 -0.573233
v 5.262666 0.817069 -0.571551
v 5.963634 0.822604 -0.569870
v 6.664602 0.828140 -0.568188
v 7.365569 0.833676 -0.566507
v 0.356725 0.777932 -1.280808
v 1.057692 0.783467 -1.279126
v 1.758660 0.789003 -1.277445
v 2.459628 0.794539 -1.275763
v 3.160596 0.800074 -1.274082
v 3.861563 0.805610 -1.272400
v 4.562531 0.811145 -1.270719
v 5.263498 0.816681 -1.269037
v 5.964466 0.822216 -1.267356
v 6.665434 0.827752 -1.265674
v 7.366401 0.833287 -1.263993
v 0.357557 0.777544 -1.978294
v 1.058525 0.783079 -1.976612
v 1.759492 0.788615 -1.974931
v 2.460460 0.794150 -1.973249
v 3.161428 0.799686 -1.971568
v 3.862395 0.805221 -1.969886
v 4.563363 0.810757 -1.968205
v 5.264330 0.816293 -1.966523
v 5.965298 0.821828 -1.964842
v 6.666266 0.827364 -1.963160
v 7.367234 0.832899 -1.961479
v 0.358389 0.777156 -2.675779
v 1.059357 0.782691 -2.674098
v 1.760324 0.788227 -2.672416
v 2.461292 0.793762 -2.670735
v 3.162260 0.799298 -2.669053
v 3.863227 0.804833 -2.667372
v 4.564195 0.810369 -2.665690
v 5.265163 0.815904 -2.664009
v 5.966130 0.821440 -2.662327
v 6.667098 0.826976 -2.660646
v 7.368066 0.832511 -2.658964
v 0.359221 0.776767 -3.373265
v 1.060189 0.782303 -3.371584
v 1.761156 0.787838 -3.369902
v 2.462124 0.793374 -3.368221
v 3.163092 0.798910 -3.366539
v 3.864059 0.804445 -3.364858
v 4.565027 0.809981 -3.363176
v 5.265995 0.815516 -3.361495
v 5.966963 0.821052 -3.359813
v 6.667930 0.826587 -3.358132
v 7.368898 0.832123 -3.356450
v 0.360053 0.776379 -4.070751
v 1.061021 0.781915 -4.069070
v 1.761989 0.787450 -4.067388
v 2.462956 0.792986 -4.065707
v 3.163924 0.798521 -4.064025
v 3.864892 0.804057 -4.062344
v 4.565859 0.809593 -4.060662
v 5.266827 0.815128 -4.058981
v 5.967795 0.820664 -4.057299
v 6.668762 0.826199 -4.055618
v 7.369730 0.831735 -4.053936
v 0.360885 0.775991 -4.768237
v 1.061853 0.781527 -4.766555
v 1.762821 0.787062 -4.764874
v 2.463788 0.792598 -4.763192
v 3.164756 0.798133 -4.761511
v 3.865724 0.803669 -4.759829
v 4.566692 0.809204 -4.758148
v 5.267659 0.814740 -4.756466
v 5.968627 0.820275 -4.754785
v 6.669595 0.825811 -4.753103
v 7.370562 0.831347 -4.751422
vt 0.999531 1.000469
vt 0.899531 1.000375
vt 0.799531 1.000281
vt 0.699531 1.000187
vt 0.599531 1.000094
vt 0.499531 1.000000
vt 0.399531 0.999906
vt 0.299531 0.999812
vt 0.199531 0.999719
vt 0.099531 0.999625
vt -0.000469 0.999531
vt 0.999625 0.900469
vt 0.899625 0.900375
vt 0.799625 0.900281
vt 0.699625 0.900187
vt 0.599625 0.900094
vt 0.499625 0.900000
vt 0.399625 0.899906
vt 0.299625 0.899812
vt 0.199625 0.899719
vt 0.099625 0.899625
vt -0.000375 0.899531
vt 0.999719 0.800469
vt 0.899719 0.800375
vt 0.799719 0.800281
vt 0.699719 0.800187
vt 0.599719 0.800094
vt 0.499719 0.800000
vt 0.399719 0.799906
vt 0.299719 0.799812
vt 0.199719 0.799719
vt 0.099719 0.799625
vt -0.000281 0.799531
vt 0.999812 0.700469
vt 0.899812 0.700375
vt 0.799812 0.700281
vt 0.699812 0.700187
vt 0.599812 0.700094
vt 0.499812 0.700000
vt 0.399812 0.699906
vt 0.299813 0.699812
vt 0.199813 0.699719
vt 0.099813 0.699625
vt -0.000187 0.699531
vt 0.999906 0.600469
vt 0.899906 0.600375
vt 0.799906 0.600281
vt 0.699906 0.600187
vt 0.599906 0.600094
vt 0.499906 0.600000
vt 0.399906 0.599906
vt 0.299906 0.599812
vt 0.199906 0.599719
vt 0.099906 0.599625
vt -0.000094 0.599531
vt 1.000000 0.500469
vt 0.900000 0.500375
vt 0.800000 0.500281
vt 0.700000 0.500188
vt 0.600000 0.500094
vt 0.500000 0.500000
vt 0.400000 0.499906
vt 0.300000 0.499812
vt 0.200000 0.499719
vt 0.100000 0.499625
vt 0.000000 0.499531
vt 1.000094 0.400469
vt 0.900094 0.400375
vt 0.800094 0.400281
vt 0.700094 0.400188
vt 0.600094 0.400094
vt 0.500094 0.400000
vt 0.400094 0.399906
vt 0.300094 0.399812
vt 0.200094 0.399719
vt 0.100094 0.399625
vt 0.000094 0.399531
vt 1.000187 0.300469
vt 0.900187 0.300375
vt 0.800187 0.300281
vt 0.700187 0.300188
vt 0.600187 0.300094
vt 0.500188 0.300000
vt 0.400188 0.299906
vt 0.300188 0.299813
vt 0.200188 0.299719
vt 0.100188 0.299625
vt 0.000188 0.299531
vt 1.000281 0.200469
vt 0.900281 0.200375
vt 0.800281 0.200281
vt 0.700281 0.200188
vt 0.600281 0.200094
vt 0.500281 0.200000
vt 0.400281 0.199906
vt 0.300281 0.199813
vt 0.200281 0.199719
vt 0.100281 0.199625
vt 0.000281 0.199531
vt 1.000375 0.100469
vt 0.900375 0.100375
vt 0.800375 0.100281
vt 0.700375 0.100188
vt 0.600375 0.100094
vt 0.500375 0.100000
vt 0.400375 0.099906
vt 0.300375 0.099813
vt 0.200375 0.099719
vt 0.100375 0.099625
vt 0.000375 0.099531
vt 1.000469 0.000469
vt 0.900469 0.000375
vt 0.800469 0.000281
vt 0.700469 0.000188
vt 0.600469 0.000094
vt 0.500469 0.000000
vt 0.400469 -0.000094
vt 0.300469 -0.000187
vt 0.200469 -0.000281
vt 0.100469 -0.000375
vt 0.000469 -0.000469
vn -0.007895 0.999969 -0.000566
vn -0.007895 0.999969 -0.000566
vn -0.007895 0.999969 -0.000566
vn -0.007895 0.999969 -0.000566
vn -0.007895 0.999969 -0.000566
vn -0.007895 0.999969 -0.000566
vn -0.007895 0.999969 -0.000566
vn -0.007895 0.999969 -0.000566
vn -0.007895 0.999969 -0.000566
vn -0.007895 0.999969 -0.000566
vn -0.007895 0.999969 -0.000566
vn -0.007895 0.999969 -0.000566
vn -0.007895 0.999969 -0.000566
vn -0.007895 0.999969 -0.000566
vn -0.007895 0.999969 -0.000566
vn -0.007895 0.999969 -0.000566
vn -0.007895 0.999969 -0.000566
vn -0.007895 0.999969 -0.000566
vn -0.007895 0.999969 -0.000566
vn -0.007895 0.999969 -0.000566
vn -0.007895 0.999969 -0.000566
vn -0.007895 0.999969 -0.000566
vn -0.007895 0.999969 -0.000566
vn -0.007895 0.999969 -0.000566
vn -0.007895 0.999969 -0.000566
vn -0.007895 0.999969 -0.000566
vn -0.007895 0.999969 -0.000566
vn -0.007895 0.999969 -0.000566
vn -0.007895 0.999969 -0.000566
vn -0.007895 0.999969 -0.000566
vn -0.007895 0.999969 -0.000566
vn -0.007895 0.999969 -0.000566
vn -0.007895 0.999969 -0.000566
vn -0.007895 0.999969 -0.000566
vn -0.007895 0.999969 -0.000566
vn -0.007895 0.999969 -0.000566
vn -0.007895 0.999969 -0.000566
vn -0.007895 0.999969 -0.000566
vn -0.007895 0.999969 -0.000566
vn -0.007895 0.999969 -0.000566
vn -0.007895 0.999969 -0.000566
vn -0.007895 0.999969 -0.000566
vn -0.007895 0.999969 -0.000566
vn -0.007895 0.999969 -0.000566
vn -0.007895 0.999969 -0.000566
vn -0.007895 0.999969 -0.000566
vn -0.007895 0.999969 -0.000566
vn -0.007895 0.999969 -0.000566
vn -0.007895 0.999969 -0.000566
vn -0.007895 0.999969 -0.000566
vn -0.007895 0.999969 -0.000566
vn -0.007895 0.999969 -0.000566
vn -0.007895 0.999969 -0.000566
vn -0.007895 0.999969 -0.000566
vn -0.007895 0.999969 -0.000566
vn -0.007895 0.999969 -0.000566
vn -0.007895 0.999969 -0.000566
vn -0.007895 0.999969 -0.000566
vn -0.007895 0.999969 -0.000566
vn -0.007895 0.999969 -0.000566
vn -0.007895 0.999969 -0.000566
vn -0.007895 0.999969 -0.000566
vn -0.007895 0.999969 -0.000566
vn -0.007895 0.999969 -0.000566
vn -0.007895 0.999969 -0.000566
vn -0.007895 0.999969 -0.000566
vn -0.007895 0.999969 -0.000566
vn -0.007895 0.999969 -0.000566
vn -0.007895 0.999969 -0.000566
vn -0.007895 0.999969 -0.000566
vn -0.007895 0.999969 -0.000566
vn -0.007895 0.999969 -0.000566
vn -0.007895 0.999969 -0.000566
vn -0.007895 0.999969 -0.000566
vn -0.007895 0.999969 -0.000566
vn -0.007895 0.999969 -0.000566
vn -0.007895 0.999969 -0.000566
vn -0.007895 0.999969 -0.000566
vn -0.007895 0.999969 -0.000566
vn -0.007895 0.999969 -0.000566
vn -0.007895 0.999969 -0.000566
vn -0.007895 0.999969 -0.000566
vn -0.007895 0.999969 -0.000566
vn -0.007895 0.999969 -0.000566
vn -0.007895 0.999969 -0.000566
vn -0.007895 0.999969 -0.000566
vn -0.007895 0.999969 -0.000566
vn -0.007895 0.999969 -0.000566
vn -0.007895 0.999969 -0.000566
vn -0.007895 0.999969 -0.000566
vn -0.007895 0.999969 -0.000566
vn -0.007895 0.999969 -0.000566
vn -0.007895 0.999969 -0.000566
vn -0.007895 0.999969 -0.000566
vn -0.007895 0.999969 -0.000566
vn -0.007895 0.999969 -0.000566
vn -0.007895 0.999969 -0.000566
vn -0.007895 0.999969 -0.000566
vn -0.007895 0.999969 -0.000566
vn -0.007895 0.999969 -0.000566
vn -0.007895 0.999969 -0.000566
vn -0.007895 0.999969 -0.000566
vn -0.007895 0.999969 -0.000566
vn -0.007895 0.999969 -0.000566
vn -0.007895 0.999969 -0.000566
vn -0.007895 0.999969 -0.000566
vn -0.007895 0.999969 -0.000566
vn -0.007895 0.999969 -0.000566
vn -0.007895 0.999969 -0.000566
vn -0.007895 0.999969 -0.000566
vn -0.007895 0.999969 -0.000566
vn -0.007895 0.999969 -0.000566
vn -0.007895 0.999969 -0.000566
vn -0.007895 0.999969 -0.000566
vn -0.007895 0.999969 -0.000566
vn -0.007895 0.999969 -0.000566
vn -0.007895 0.999969 -0.000566
vn -0.007895 0.999969 -0.000566
vn -0.007895 0.999969 -0.000566
vn -0.007895 0.999969 -0.000566
vn -0.007895 0.999969 -0.000566
s 1
g group2 locator1 pPlane1 pCube1 Book_L pPlane8
f 3211/3315/3451 3212/3316/3452 3223/3327/3453 3222/3326/3454
f 3212/3316/3452 3213/3317/3455 3224/3328/3456 3223/3327/3453
f 3213/3317/3455 3214/3318/3457 3225/3329/3458 3224/3328/3456
f 3214/3318/3457 3215/3319/3459 3226/3330/3460 3225/3329/3458
f 3215/3319/3459 3216/3320/3461 3227/3331/3462 3226/3330/3460
f 3216/3320/3461 3217/3321/3463 3228/3332/3464 3227/3331/3462
f 3217/3321/3463 3218/3322/3465 3229/3333/3466 3228/3332/3464
f 3218/3322/3465 3219/3323/3467 3230/3334/3468 3229/3333/3466
f 3219/3323/3467 3220/3324/3469 3231/3335/3470 3230/3334/3468
f 3220/3324/3469 3221/3325/3471 3232/3336/3472 3231/3335/3470
f 3222/3326/3454 3223/3327/3453 3234/3338/3473 3233/3337/3474
f 3223/3327/3453 3224/3328/3456 3235/3339/3475 3234/3338/3473
f 3224/3328/3456 3225/3329/3458 3236/3340/3476 3235/3339/3475
f 3225/3329/3458 3226/3330/3460 3237/3341/3477 3236/3340/3476
f 3226/3330/3460 3227/3331/3462 3238/3342/3478 3237/3341/3477
f 3227/3331/3462 3228/3332/3464 3239/3343/3479 3238/3342/3478
f 3228/3332/3464 3229/3333/3466 3240/3344/3480 3239/3343/3479
f 3229/3333/3466 3230/3334/3468 3241/3345/3481 3240/3344/3480
f 3230/3334/3468 3231/3335/3470 3242/3346/3482 3241/3345/3481
f 3231/3335/3470 3232/3336/3472 3243/3347/3483 3242/3346/3482
f 3233/3337/3474 3234/3338/3473 3245/3349/3484 3244/3348/3485
f 3234/3338/3473 3235/3339/3475 3246/3350/3486 3245/3349/3484
f 3235/3339/3475 3236/3340/3476 3247/3351/3487 3246/3350/3486
f 3236/3340/3476 3237/3341/3477 3248/3352/3488 3247/3351/3487
f 3237/3341/3477 3238/3342/3478 3249/3353/3489 3248/3352/3488
f 3238/3342/3478 3239/3343/3479 3250/3354/3490 3249/3353/3489
f 3239/3343/3479 3240/3344/3480 3251/3355/3491 3250/3354/3490
f 3240/3344/3480 3241/3345/3481 3252/3356/3492 3251/3355/3491
f 3241/3345/3481 3242/3346/3482 3253/3357/3493 3252/3356/3492
f 3242/3346/3482 3243/3347/3483 3254/3358/3494 3253/3357/3493
f 3244/3348/3485 3245/3349/3484 3256/3360/3495 3255/3359/3496
f 3245/3349/3484 3246/3350/3486 3257/3361/3497 3256/3360/3495
f 3246/3350/3486 3247/3351/3487 3258/3362/3498 3257/3361/3497
f 3247/3351/3487 3248/3352/3488 3259/3363/3499 3258/3362/3498
f 3248/3352/3488 3249/3353/3489 3260/3364/3500 3259/3363/3499
f 3249/3353/3489 3250/3354/3490 3261/3365/3501 3260/3364/3500
f 3250/3354/3490 3251/3355/3491 3262/3366/3502 3261/3365/3501
f 3251/3355/3491 3252/3356/3492 3263/3367/3503 3262/3366/3502
f 3252/3356/3492 3253/3357/3493 3264/3368/3504 3263/3367/3503
f 3253/3357/3493 3254/3358/3494 3265/3369/3505 3264/3368/3504
f 3255/3359/3496 3256/3360/3495 3267/3371/3506 3266/3370/3507
f 3256/3360/3495 3257/3361/3497 3268/3372/3508 3267/3371/3506
f 3257/3361/3497 3258/3362/3498 3269/3373/3509 3268/3372/3508
f 3258/3362/3498 3259/3363/3499 3270/3374/3510 3269/3373/3509
f 3259/3363/3499 3260/3364/3500 3271/3375/3511 3270/3374/3510
f 3260/3364/3500 3261/3365/3501 3272/3376/3512 3271/3375/3511
f 3261/3365/3501 3262/3366/3502 3273/3377/3513 3272/3376/3512
f 3262/3366/3502 3263/3367/3503 3274/3378/3514 3273/3377/3513
f 3263/3367/3503 3264/3368/3504 3275/3379/3515 3274/3378/3514
f 3264/3368/3504 3265/3369/3505 3276/3380/3516 3275/3379/3515
f 3266/3370/3507 3267/3371/3506 3278/3382/3517 3277/3381/3518
f 3267/3371/3506 3268/3372/3508 3279/3383/3519 3278/3382/3517
f 3268/3372/3508 3269/3373/3509 3280/3384/3520 3279/3383/3519
f 3269/3373/3509 3270/3374/3510 3281/3385/3521 3280/3384/3520
f 3270/3374/3510 3271/3375/3511 3282/3386/3522 3281/3385/3521
f 3271/3375/3511 3272/3376/3512 3283/3387/3523 3282/3386/3522
f 3272/3376/3512 3273/3377/3513 3284/3388/3524 3283/3387/3523
f 3273/3377/3513 3274/3378/3514 3285/3389/3525 3284/3388/3524
f 3274/3378/3514 3275/3379/3515 3286/3390/3526 3285/3389/3525
f 3275/3379/3515 3276/3380/3516 3287/3391/3527 3286/3390/3526
f 3277/3381/3518 3278/3382/3517 3289/3393/3528 3288/3392/3529
f 3278/3382/3517 3279/3383/3519 3290/3394/3530 3289/3393/3528
f 3279/3383/3519 3280/3384/3520 3291/3395/3531 3290/3394/3530
f 3280/3384/3520 3281/3385/3521 3292/3396/3532 3291/3395/3531
f 3281/3385/3521 3282/3386/3522 3293/3397/3533 3292/3396/3532
f 3282/3386/3522 3283/3387/3523 3294/3398/3534 3293/3397/3533
f 3283/3387/3523 3284/3388/3524 3295/3399/3535 3294/3398/3534
f 3284/3388/3524 3285/3389/3525 3296/3400/3536 3295/3399/3535
f 3285/3389/3525 3286/3390/3526 3297/3401/3537 3296/3400/3536
f 3286/3390/3526 3287/3391/3527 3298/3402/3538 3297/3401/3537
f 3288/3392/3529 3289/3393/3528 3300/3404/3539 3299/3403/3540
f 3289/3393/3528 3290/3394/3530 3301/3405/3541 3300/3404/3539
f 3290/3394/3530 3291/3395/3531 3302/3406/3542 3301/3405/3541
f 3291/3395/3531 3292/3396/3532 3303/3407/3543 3302/3406/3542
f 3292/3396/3532 3293/3397/3533 3304/3408/3544 3303/3407/3543
f 3293/3397/3533 3294/3398/3534 3305/3409/3545 3304/3408/3544
f 3294/3398/3534 3295/3399/3535 3306/3410/3546 3305/3409/3545
f 3295/3399/3535 3296/3400/3536 3307/3411/3547 3306/3410/3546
f 3296/3400/3536 3297/3401/3537 3308/3412/3548 3307/3411/3547
f 3297/3401/3537 3298/3402/3538 3309/3413/3549 3308/3412/3548
f 3299/3403/3540 3300/3404/3539 3311/3415/3550 3310/3414/3551
f 3300/3404/3539 3301/3405/3541 3312/3416/3552 3311/3415/3550
f 3301/3405/3541 3302/3406/3542 3313/3417/3553 3312/3416/3552
f 3302/3406/3542 3303/3407/3543 3314/3418/3554 3313/3417/3553
f 3303/3407/3543 3304/3408/3544 3315/3419/3555 3314/3418/3554
f 3304/3408/3544 3305/3409/3545 3316/3420/3556 3315/3419/3555
f 3305/3409/3545 3306/3410/3546 3317/3421/3557 3316/3420/3556
f 3306/3410/3546 3307/3411/3547 3318/3422/3558 3317/3421/3557
f 3307/3411/3547 3308/3412/3548 3319/3423/3559 3318/3422/3558
f 3308/3412/3548 3309/3413/3549 3320/3424/3560 3319/3423/3559
f 3310/3414/3551 3311/3415/3550 3322/3426/3561 3321/3425/3562
f 3311/3415/3550 3312/3416/3552 3323/3427/3563 3322/3426/3561
f 3312/3416/3552 3313/3417/3553 3324/3428/3564 3323/3427/3563
f 3313/3417/3553 3314/3418/3554 3325/3429/3565 3324/3428/3564
f 3314/3418/3554 3315/3419/3555 3326/3430/3566 3325/3429/3565
f 3315/3419/3555 3316/3420/3556 3327/3431/3567 3326/3430/3566
f 3316/3420/3556 3317/3421/3557 3328/3432/3568 3327/3431/3567
f 3317/3421/3557 3318/3422/3558 3329/3433/3569 3328/3432/3568
f 3318/3422/3558 3319/3423/3559 3330/3434/3570 3329/3433/3569
f 3319/3423/3559 3320/3424/3560 3331/3435/3571 3330/3434/3570
g default
v 7.764066 0.694235 -4.865184
v 7.764066 0.694235 -3.977977
v 7.764066 0.694235 -3.090770
v 7.764066 0.694235 -2.203563
v 7.764066 0.694235 -1.316357
v 7.764066 0.694235 -0.429150
v 7.764066 0.694235 0.458057
v 7.764066 0.694235 1.345264
v 7.764066 0.694235 2.232471
v 7.764066 0.694235 3.119678
v 7.764066 0.694235 4.006884
v 7.052177 0.693311 -4.865171
v 7.052177 0.693311 -3.977964
v 7.052177 0.693311 -3.090758
v 7.052177 0.693311 -2.203551
v 7.052177 0.693311 -1.316344
v 7.052177 0.693311 -0.429137
v 7.052177 0.693311 0.458070
v 7.052177 0.693311 1.345276
v 7.052177 0.693311 2.232483
v 7.052177 0.693311 3.119690
v 7.052177 0.693311 4.006897
v 6.340289 0.692386 -4.865159
v 6.340289 0.692386 -3.977952
v 6.340289 0.692386 -3.090745
v 6.340289 0.692386 -2.203538
v 6.340289 0.692386 -1.316331
v 6.340289 0.692386 -0.429125
v 6.340289 0.692386 0.458082
v 6.340289 0.692386 1.345289
v 6.340289 0.692386 2.232496
v 6.340289 0.692386 3.119703
v 6.340289 0.692386 4.006909
v 5.628400 0.691462 -4.865146
v 5.628400 0.691462 -3.977939
v 5.628400 0.691462 -3.090732
v 5.628400 0.691462 -2.203525
v 5.628400 0.691462 -1.316319
v 5.628400 0.691462 -0.429112
v 5.628400 0.691462 0.458095
v 5.628400 0.691462 1.345302
v 5.628400 0.691462 2.232509
v 5.628400 0.691462 3.119716
v 5.628400 0.691462 4.006922
v 4.916512 0.690538 -4.865133
v 4.916512 0.690538 -3.977927
v 4.916512 0.690538 -3.090720
v 4.916512 0.690538 -2.203513
v 4.916512 0.690538 -1.316306
v 4.916512 0.690538 -0.429099
v 4.916512 0.690538 0.458108
v 4.916512 0.690538 1.345314
v 4.916512 0.690538 2.232521
v 4.916512 0.690538 3.119728
v 4.916512 0.690538 4.006935
v 4.204623 0.689614 -4.865121
v 4.204623 0.689614 -3.977914
v 4.204623 0.689614 -3.090707
v 4.204623 0.689614 -2.203500
v 4.204623 0.689614 -1.316293
v 4.204623 0.689614 -0.429087
v 4.204623 0.689614 0.458120
v 4.204623 0.689614 1.345327
v 4.204623 0.689614 2.232534
v 4.204623 0.689614 3.119741
v 4.204623 0.689614 4.006947
v 3.492735 0.688689 -4.865108
v 3.492735 0.688689 -3.977901
v 3.492735 0.688689 -3.090695
v 3.492735 0.688689 -2.203488
v 3.492735 0.688689 -1.316281
v 3.492735 0.688689 -0.429074
v 3.492735 0.688689 0.458133
v 3.492735 0.688689 1.345339
v 3.492735 0.688689 2.232546
v 3.492735 0.688689 3.119753
v 3.492735 0.688689 4.006960
v 2.780847 0.687765 -4.865095
v 2.780847 0.687765 -3.977889
v 2.780847 0.687765 -3.090682
v 2.780847 0.687765 -2.203475
v 2.780847 0.687765 -1.316268
v 2.780847 0.687765 -0.429061
v 2.780847 0.687765 0.458146
v 2.780847 0.687765 1.345352
v 2.780847 0.687765 2.232559
v 2.780847 0.687765 3.119766
v 2.780847 0.687765 4.006973
v 2.068958 0.686841 -4.865083
v 2.068958 0.686841 -3.977876
v 2.068958 0.686841 -3.090669
v 2.068958 0.686841 -2.203462
v 2.068958 0.686841 -1.316256
v 2.068958 0.686841 -0.429049
v 2.068958 0.686841 0.458158
v 2.068958 0.686841 1.345365
v 2.068958 0.686841 2.232572
v 2.068958 0.686841 3.119779
v 2.068958 0.686841 4.006985
v 1.357069 0.685916 -4.865070
v 1.357069 0.685916 -3.977863
v 1.357069 0.685916 -3.090657
v 1.357069 0.685916 -2.203450
v 1.357069 0.685916 -1.316243
v 1.357069 0.685916 -0.429036
v 1.357069 0.685916 0.458171
v 1.357069 0.685916 1.345377
v 1.357069 0.685916 2.232584
v 1.357069 0.685916 3.119791
v 1.357069 0.685916 4.006998
v 0.645181 0.684992 -4.865057
v 0.645181 0.684992 -3.977851
v 0.645181 0.684992 -3.090644
v 0.645181 0.684992 -2.203437
v 0.645181 0.684992 -1.316230
v 0.645181 0.684992 -0.429024
v 0.645181 0.684992 0.458183
v 0.645181 0.684992 1.345390
v 0.645181 0.684992 2.232597
v 0.645181 0.684992 3.119804
v 0.645181 0.684992 4.007010
vt 0.000000 0.000000
vt 0.100000 0.000000
vt 0.200000 0.000000
vt 0.300000 0.000000
vt 0.400000 0.000000
vt 0.500000 0.000000
vt 0.600000 0.000000
vt 0.700000 0.000000
vt 0.800000 0.000000
vt 0.900000 0.000000
vt 1.000000 0.000000
vt 0.000000 0.100000
vt 0.100000 0.100000
vt 0.200000 0.100000
vt 0.300000 0.100000
vt 0.400000 0.100000
vt 0.500000 0.100000
vt 0.600000 0.100000
vt 0.700000 0.100000
vt 0.800000 0.100000
vt 0.900000 0.100000
vt 1.000000 0.100000
vt 0.000000 0.200000
vt 0.100000 0.200000
vt 0.200000 0.200000
vt 0.300000 0.200000
vt 0.400000 0.200000
vt 0.500000 0.200000
vt 0.600000 0.200000
vt 0.700000 0.200000
vt 0.800000 0.200000
vt 0.900000 0.200000
vt 1.000000 0.200000
vt 0.000000 0.300000
vt 0.100000 0.300000
vt 0.200000 0.300000
vt 0.300000 0.300000
vt 0.400000 0.300000
vt 0.500000 0.300000
vt 0.600000 0.300000
vt 0.700000 0.300000
vt 0.800000 0.300000
vt 0.900000 0.300000
vt 1.000000 0.300000
vt 0.000000 0.400000
vt 0.100000 0.400000
vt 0.200000 0.400000
vt 0.300000 0.400000
vt 0.400000 0.400000
vt 0.500000 0.400000
vt 0.600000 0.400000
vt 0.700000 0.400000
vt 0.800000 0.400000
vt 0.900000 0.400000
vt 1.000000 0.400000
vt 0.000000 0.500000
vt 0.100000 0.500000
vt 0.200000 0.500000
vt 0.300000 0.500000
vt 0.400000 0.500000
vt 0.500000 0.500000
vt 0.600000 0.500000
vt 0.700000 0.500000
vt 0.800000 0.500000
vt 0.900000 0.500000
vt 1.000000 0.500000
vt 0.000000 0.600000
vt 0.100000 0.600000
vt 0.200000 0.600000
vt 0.300000 0.600000
vt 0.400000 0.600000
vt 0.500000 0.600000
vt 0.600000 0.600000
vt 0.700000 0.600000
vt 0.800000 0.600000
vt 0.900000 0.600000
vt 1.000000 0.600000
vt 0.000000 0.700000
vt 0.100000 0.700000
vt 0.200000 0.700000
vt 0.300000 0.700000
vt 0.400000 0.700000
vt 0.500000 0.700000
vt 0.600000 0.700000
vt 0.700000 0.700000
vt 0.800000 0.700000
vt 0.900000 0.700000
vt 1.000000 0.700000
vt 0.000000 0.800000
vt 0.100000 0.800000
vt 0.200000 0.800000
vt 0.300000 0.800000
vt 0.400000 0.800000
vt 0.500000 0.800000
vt 0.600000 0.800000
vt 0.700000 0.800000
vt 0.800000 0.800000
vt 0.900000 0.800000
vt 1.000000 0.800000
vt 0.000000 0.900000
vt 0.100000 0.900000
vt 0.200000 0.900000
vt 0.300000 0.900000
vt 0.400000 0.900000
vt 0.500000 0.900000
vt 0.600000 0.900000
vt 0.700000 0.900000
vt 0.800000 0.900000
vt 0.900000 0.900000
vt 1.000000 0.900000
vt 0.000000 1.000000
vt 0.100000 1.000000
vt 0.200000 1.000000
vt 0.300000 1.000000
vt 0.400000 1.000000
vt 0.500000 1.000000
vt 0.600000 1.000000
vt 0.700000 1.000000
vt 0.800000 1.000000
vt 0.900000 1.000000
vt 1.000000 1.000000
vn 0.001298 -0.999999 0.000000
vn 0.001298 -0.999999 0.000000
vn 0.001298 -0.999999 0.000000
vn 0.001298 -0.999999 0.000000
vn 0.001298 -0.999999 0.000000
vn 0.001298 -0.999999 0.000000
vn 0.001298 -0.999999 0.000000
vn 0.001298 -0.999999 0.000000
vn 0.001298 -0.999999 0.000000
vn 0.001298 -0.999999 0.000000
vn 0.001298 -0.999999 0.000000
vn 0.001298 -0.999999 0.000000
vn 0.001298 -0.999999 0.000000
vn 0.001298 -0.999999 0.000000
vn 0.001298 -0.999999 0.000000
vn 0.001298 -0.999999 0.000000
vn 0.001298 -0.999999 0.000000
vn 0.001298 -0.999999 0.000000
vn 0.001298 -0.999999 0.000000
vn 0.001298 -0.999999 0.000000
vn 0.001298 -0.999999 0.000000
vn 0.001298 -0.999999 0.000000
vn 0.001298 -0.999999 0.000000
vn 0.001298 -0.999999 0.000000
vn 0.001298 -0.999999 0.000000
vn 0.001298 -0.999999 0.000000
vn 0.001298 -0.999999 0.000000
vn 0.001298 -0.999999 0.000000
vn 0.001298 -0.999999 0.000000
vn 0.001298 -0.999999 0.000000
vn 0.001298 -0.999999 0.000000
vn 0.001298 -0.999999 0.000000
vn 0.001298 -0.999999 0.000000
vn 0.001298 -0.999999 0.000000
vn 0.001298 -0.999999 0.000000
vn 0.001298 -0.999999 0.000000
vn 0.001298 -0.999999 0.000000
vn 0.001298 -0.999999 0.000000
vn 0.001298 -0.999999 0.000000
vn 0.001298 -0.999999 0.000000
vn 0.001298 -0.999999 0.000000
vn 0.001298 -0.999999 0.000000
vn 0.001298 -0.999999 0.000000
vn 0.001298 -0.999999 0.000000
vn 0.001298 -0.999999 0.000000
vn 0.001298 -0.999999 0.000000
vn 0.001298 -0.999999 0.000000
vn 0.001298 -0.999999 0.000000
vn 0.001298 -0.999999 0.000000
vn 0.001298 -0.999999 0.000000
vn 0.001298 -0.999999 0.000000
vn 0.001298 -0.999999 0.000000
vn 0.001298 -0.999999 0.000000
vn 0.001298 -0.999999 0.000000
vn 0.001298 -0.999999 0.000000
vn 0.001298 -0.999999 0.000000
vn 0.001298 -0.999999 0.000000
vn 0.001298 -0.999999 0.000000
vn 0.001298 -0.999999 0.000000
vn 0.001298 -0.999999 0.000000
vn 0.001298 -0.999999 0.000000
vn 0.001298 -0.999999 0.000000
vn 0.001298 -0.999999 0.000000
vn 0.001298 -0.999999 0.000000
vn 0.001298 -0.999999 0.000000
vn 0.001298 -0.999999 0.000000
vn 0.001298 -0.999999 0.000000
vn 0.001298 -0.999999 0.000000
vn 0.001298 -0.999999 0.000000
vn 0.001298 -0.999999 0.000000
vn 0.001298 -0.999999 0.000000
vn 0.001298 -0.999999 0.000000
vn 0.001298 -0.999999 0.000000
vn 0.001298 -0.999999 0.000000
vn 0.001298 -0.999999 0.000000
vn 0.001298 -0.999999 0.000000
vn 0.001298 -0.999999 0.000000
vn 0.001298 -0.999999 0.000000
vn 0.001298 -0.999999 0.000000
vn 0.001298 -0.999999 0.000000
vn 0.001298 -0.999999 0.000000
vn 0.001298 -0.999999 0.000000
vn 0.001298 -0.999999 0.000000
vn 0.001298 -0.999999 0.000000
vn 0.001298 -0.999999 0.000000
vn 0.001298 -0.999999 0.000000
vn 0.001298 -0.999999 0.000000
vn 0.001298 -0.999999 0.000000
vn 0.001298 -0.999999 0.000000
vn 0.001298 -0.999999 0.000000
vn 0.001298 -0.999999 0.000000
vn 0.001298 -0.999999 0.000000
vn 0.001298 -0.999999 0.000000
vn 0.001298 -0.999999 0.000000
vn 0.001298 -0.999999 0.000000
vn 0.001298 -0.999999 0.000000
vn 0.001298 -0.999999 0.000000
vn 0.001298 -0.999999 0.000000
vn 0.001298 -0.999999 0.000000
vn 0.001298 -0.999999 0.000000
vn 0.001298 -0.999999 0.000000
vn 0.001298 -0.999999 0.000000
vn 0.001298 -0.999999 0.000000
vn 0.001298 -0.999999 0.000000
vn 0.001298 -0.999999 0.000000
vn 0.001298 -0.999999 0.000000
vn 0.001298 -0.999999 0.000000
vn 0.001298 -0.999999 0.000000
vn 0.001298 -0.999999 0.000000
vn 0.001298 -0.999999 0.000000
vn 0.001298 -0.999999 0.000000
vn 0.001298 -0.999999 0.000000
vn 0.001298 -0.999999 0.000000
vn 0.001298 -0.999999 0.000000
vn 0.001298 -0.999999 0.000000
vn 0.001298 -0.999999 0.000000
vn 0.001298 -0.999999 0.000000
vn 0.001298 -0.999999 0.000000
vn 0.001298 -0.999999 0.000000
vn 0.001298 -0.999999 0.000000
vn 0.001298 -0.999999 0.000000
s 1
g pPlane20 pPlane19
f 3332/3436/3572 3333/3437/3573 3344/3448/3574 3343/3447/3575
f 3333/3437/3573 3334/3438/3576 3345/3449/3577 3344/3448/3574
f 3334/3438/3576 3335/3439/3578 3346/3450/3579 3345/3449/3577
f 3335/3439/3578 3336/3440/3580 3347/3451/3581 3346/3450/3579
f 3336/3440/3580 3337/3441/3582 3348/3452/3583 3347/3451/3581
f 3337/3441/3582 3338/3442/3584 3349/3453/3585 3348/3452/3583
f 3338/3442/3584 3339/3443/3586 3350/3454/3587 3349/3453/3585
f 3339/3443/3586 3340/3444/3588 3351/3455/3589 3350/3454/3587
f 3340/3444/3588 3341/3445/3590 3352/3456/3591 3351/3455/3589
f 3341/3445/3590 3342/3446/3592 3353/3457/3593 3352/3456/3591
f 3343/3447/3575 3344/3448/3574 3355/3459/3594 3354/3458/3595
f 3344/3448/3574 3345/3449/3577 3356/3460/3596 3355/3459/3594
f 3345/3449/3577 3346/3450/3579 3357/3461/3597 3356/3460/3596
f 3346/3450/3579 3347/3451/3581 3358/3462/3598 3357/3461/3597
f 3347/3451/3581 3348/3452/3583 3359/3463/3599 3358/3462/3598
f 3348/3452/3583 3349/3453/3585 3360/3464/3600 3359/3463/3599
f 3349/3453/3585 3350/3454/3587 3361/3465/3601 3360/3464/3600
f 3350/3454/3587 3351/3455/3589 3362/3466/3602 3361/3465/3601
f 3351/3455/3589 3352/3456/3591 3363/3467/3603 3362/3466/3602
f 3352/3456/3591 3353/3457/3593 3364/3468/3604 3363/3467/3603
f 3354/3458/3595 3355/3459/3594 3366/3470/3605 3365/3469/3606
f 3355/3459/3594 3356/3460/3596 3367/3471/3607 3366/3470/3605
f 3356/3460/3596 3357/3461/3597 3368/3472/3608 3367/3471/3607
f 3357/3461/3597 3358/3462/3598 3369/3473/3609 3368/3472/3608
f 3358/3462/3598 3359/3463/3599 3370/3474/3610 3369/3473/3609
f 3359/3463/3599 3360/3464/3600 3371/3475/3611 3370/3474/3610
f 3360/3464/3600 3361/3465/3601 3372/3476/3612 3371/3475/3611
f 3361/3465/3601 3362/3466/3602 3373/3477/3613 3372/3476/3612
f 3362/3466/3602 3363/3467/3603 3374/3478/3614 3373/3477/3613
f 3363/3467/3603 3364/3468/3604 3375/3479/3615 3374/3478/3614
f 3365/3469/3606 3366/3470/3605 3377/3481/3616 3376/3480/3617
f 3366/3470/3605 3367/3471/3607 3378/3482/3618 3377/3481/3616
f 3367/3471/3607 3368/3472/3608 3379/3483/3619 3378/3482/3618
f 3368/3472/3608 3369/3473/3609 3380/3484/3620 3379/3483/3619
f 3369/3473/3609 3370/3474/3610 3381/3485/3621 3380/3484/3620
f 3370/3474/3610 3371/3475/3611 3382/3486/3622 3381/3485/3621
f 3371/3475/3611 3372/3476/3612 3383/3487/3623 3382/3486/3622
f 3372/3476/3612 3373/3477/3613 3384/3488/3624 3383/3487/3623
f 3373/3477/3613 3374/3478/3614 3385/3489/3625 3384/3488/3624
f 3374/3478/3614 3375/3479/3615 3386/3490/3626 3385/3489/3625
f 3376/3480/3617 3377/3481/3616 3388/3492/3627 3387/3491/3628
f 3377/3481/3616 3378/3482/3618 3389/3493/3629 3388/3492/3627
f 3378/3482/3618 3379/3483/3619 3390/3494/3630 3389/3493/3629
f 3379/3483/3619 3380/3484/3620 3391/3495/3631 3390/3494/3630
f 3380/3484/3620 3381/3485/3621 3392/3496/3632 3391/3495/3631
f 3381/3485/3621 3382/3486/3622 3393/3497/3633 3392/3496/3632
f 3382/3486/3622 3383/3487/3623 3394/3498/3634 3393/3497/3633
f 3383/3487/3623 3384/3488/3624 3395/3499/3635 3394/3498/3634
f 3384/3488/3624 3385/3489/3625 3396/3500/3636 3395/3499/3635
f 3385/3489/3625 3386/3490/3626 3397/3501/3637 3396/3500/3636
f 3387/3491/3628 3388/3492/3627 3399/3503/3638 3398/3502/3639
f 3388/3492/3627 3389/3493/3629 3400/3504/3640 3399/3503/3638
f 3389/3493/3629 3390/3494/3630 3401/3505/3641 3400/3504/3640
f 3390/3494/3630 3391/3495/3631 3402/3506/3642 3401/3505/3641
f 3391/3495/3631 3392/3496/3632 3403/3507/3643 3402/3506/3642
f 3392/3496/3632 3393/3497/3633 3404/3508/3644 3403/3507/3643
f 3393/3497/3633 3394/3498/3634 3405/3509/3645 3404/3508/3644
f 3394/3498/3634 3395/3499/3635 3406/3510/3646 3405/3509/3645
f 3395/3499/3635 3396/3500/3636 3407/3511/3647 3406/3510/3646
f 3396/3500/3636 3397/3501/3637 3408/3512/3648 3407/3511/3647
f 3398/3502/3639 3399/3503/3638 3410/3514/3649 3409/3513/3650
f 3399/3503/3638 3400/3504/3640 3411/3515/3651 3410/3514/3649
f 3400/3504/3640 3401/3505/3641 3412/3516/3652 3411/3515/3651
f 3401/3505/3641 3402/3506/3642 3413/3517/3653 3412/3516/3652
f 3402/3506/3642 3403/3507/3643 3414/3518/3654 3413/3517/3653
f 3403/3507/3643 3404/3508/3644 3415/3519/3655 3414/3518/3654
f 3404/3508/3644 3405/3509/3645 3416/3520/3656 3415/3519/3655
f 3405/3509/3645 3406/3510/3646 3417/3521/3657 3416/3520/3656
f 3406/3510/3646 3407/3511/3647 3418/3522/3658 3417/3521/3657
f 3407/3511/3647 3408/3512/3648 3419/3523/3659 3418/3522/3658
f 3409/3513/3650 3410/3514/3649 3421/3525/3660 3420/3524/3661
f 3410/3514/3649 3411/3515/3651 3422/3526/3662 3421/3525/3660
f 3411/3515/3651 3412/3516/3652 3423/3527/3663 3422/3526/3662
f 3412/3516/3652 3413/3517/3653 3424/3528/3664 3423/3527/3663
f 3413/3517/3653 3414/3518/3654 3425/3529/3665 3424/3528/3664
f 3414/3518/3654 3415/3519/3655 3426/3530/3666 3425/3529/3665
f 3415/3519/3655 3416/3520/3656 3427/3531/3667 3426/3530/3666
f 3416/3520/3656 3417/3521/3657 3428/3532/3668 3427/3531/3667
f 3417/3521/3657 3418/3522/3658 3429/3533/3669 3428/3532/3668
f 3418/3522/3658 3419/3523/3659 3430/3534/3670 3429/3533/3669
f 3420/3524/3661 3421/3525/3660 3432/3536/3671 3431/3535/3672
f 3421/3525/3660 3422/3526/3662 3433/3537/3673 3432/3536/3671
f 3422/3526/3662 3423/3527/3663 3434/3538/3674 3433/3537/3673
f 3423/3527/3663 3424/3528/3664 3435/3539/3675 3434/3538/3674
f 3424/3528/3664 3425/3529/3665 3436/3540/3676 3435/3539/3675
f 3425/3529/3665 3426/3530/3666 3437/3541/3677 3436/3540/3676
f 3426/3530/3666 3427/3531/3667 3438/3542/3678 3437/3541/3677
f 3427/3531/3667 3428/3532/3668 3439/3543/3679 3438/3542/3678
f 3428/3532/3668 3429/3533/3669 3440/3544/3680 3439/3543/3679
f 3429/3533/3669 3430/3534/3670 3441/3545/3681 3440/3544/3680
f 3431/3535/3672 3432/3536/3671 3443/3547/3682 3442/3546/3683
f 3432/3536/3671 3433/3537/3673 3444/3548/3684 3443/3547/3682
f 3433/3537/3673 3434/3538/3674 3445/3549/3685 3444/3548/3684
f 3434/3538/3674 3435/3539/3675 3446/3550/3686 3445/3549/3685
f 3435/3539/3675 3436/3540/3676 3447/3551/3687 3446/3550/3686
f 3436/3540/3676 3437/3541/3677 3448/3552/3688 3447/3551/3687
f 3437/3541/3677 3438/3542/3678 3449/3553/3689 3448/3552/3688
f 3438/3542/3678 3439/3543/3679 3450/3554/3690 3449/3553/3689
f 3439/3543/3679 3440/3544/3680 3451/3555/3691 3450/3554/3690
f 3440/3544/3680 3441/3545/3681 3452/3556/3692 3451/3555/3691
g default
v 0.203589 0.442540 4.927825
v 7.923509 0.442540 4.921444
v -0.140514 0.442540 4.671045
v -0.140515 0.302394 4.671047
v -0.014863 0.176741 4.670941
v 0.203377 0.176741 4.670763
v 7.923293 0.176741 4.664382
v 8.128971 0.176741 4.664212
v 7.923295 0.442540 4.664379
v 0.203377 0.442540 4.670761
v -0.033062 0.442540 4.928021
v -0.140391 0.442540 4.820870
v -0.033062 0.346814 4.928021
v -0.140391 0.302394 4.820870
v 0.203589 0.283981 4.927825
v 0.203501 0.176741 4.820585
v 7.923509 0.283981 4.921445
v 7.923419 0.176741 4.814204
v 8.129186 0.283981 4.921274
v 8.129098 0.176741 4.814034
v 0.029770 0.283981 4.927969
v -0.014739 0.176741 4.820766
v 0.029770 0.442540 4.927969
v 0.299312 0.442540 4.670681
v 0.299527 0.442540 4.927746
v 0.299527 0.283981 4.927746
v 0.299436 0.176741 4.820506
v 0.299315 0.176741 4.670684
v 0.203502 0.442540 4.822635
v 0.299439 0.442540 4.822556
v 7.923422 0.442540 4.816253
v 8.128971 0.370502 4.664210
v 8.056935 0.442540 4.664269
v 8.057061 0.442540 4.816143
v 8.129099 0.370503 4.815528
v 8.129186 0.370502 4.921274
v 8.057148 0.442540 4.921334
v -0.140514 0.377139 4.671046
v -0.140390 0.377139 4.820870
v -0.033062 0.397869 4.928021
v 0.029770 0.368547 4.927969
v 0.203589 0.368547 4.927825
v 0.299527 0.368547 4.927746
v 7.923508 0.368547 4.921444
v -0.144584 0.302394 -0.251669
v -0.144583 0.377139 -0.251669
v -0.144584 0.442540 -0.251669
v 0.199308 0.442540 -0.251951
v 0.295243 0.442540 -0.252032
v 7.919228 0.442540 -0.258334
v 8.052868 0.442540 -0.258443
v 8.124908 0.370502 -0.258504
v 8.124908 0.176741 -0.258503
v 7.919231 0.176741 -0.258333
v 0.295246 0.176741 -0.252031
v 0.199308 0.176741 -0.251950
v -0.018932 0.176741 -0.251771
v 0.195026 0.442540 -5.431725
v 7.914946 0.442540 -5.438107
v -0.148653 0.442540 -5.174376
v -0.148653 0.302394 -5.174378
v -0.023001 0.176741 -5.174480
v 0.195239 0.176741 -5.174663
v 7.915159 0.176741 -5.181047
v 8.120836 0.176741 -5.181214
v 7.915161 0.442540 -5.181042
v 0.195239 0.442540 -5.174661
v -0.041625 0.442540 -5.431533
v -0.148777 0.442540 -5.324200
v -0.041625 0.346814 -5.431535
v -0.148777 0.302394 -5.324200
v 0.195026 0.283981 -5.431725
v 0.195115 0.176741 -5.324485
v 7.914945 0.283981 -5.438107
v 7.915035 0.176741 -5.330869
v 8.120623 0.283981 -5.438277
v 8.120712 0.176741 -5.331036
v 0.021208 0.283981 -5.431582
v -0.023125 0.176741 -5.324304
v 0.021208 0.442540 -5.431582
v 0.291174 0.442540 -5.174740
v 0.290964 0.442540 -5.431805
v 0.290964 0.283981 -5.431805
v 0.291050 0.176741 -5.324564
v 0.291177 0.176741 -5.174742
v 0.195113 0.442540 -5.326535
v 0.291050 0.442540 -5.326614
v 7.915033 0.442540 -5.332916
v 8.120836 0.370502 -5.181213
v 8.048801 0.442540 -5.181155
v 8.048671 0.442540 -5.333030
v 8.120711 0.370503 -5.332530
v 8.120623 0.370502 -5.438277
v 8.048586 0.442540 -5.438220
v -0.148653 0.377139 -5.174377
v -0.148776 0.377139 -5.324200
v -0.041625 0.397868 -5.431533
v 0.021208 0.368547 -5.431585
v 0.195026 0.368547 -5.431725
v 0.290964 0.368547 -5.431808
v 7.914945 0.368547 -5.438109
v 0.203589 0.847474 4.927825
v 0.203377 0.847474 4.670762
v -0.140391 0.847474 4.820870
v 0.029770 0.847474 4.927969
v -0.140514 0.847474 4.671045
v -0.033062 0.847474 4.928021
v 0.203502 0.847474 4.822638
v -0.144584 0.847474 -0.251667
v 0.195026 0.847474 -5.431725
v 0.195239 0.847474 -5.174662
v -0.148777 0.847474 -5.324200
v 0.021208 0.847474 -5.431582
v -0.148653 0.847474 -5.174376
v -0.041625 0.847474 -5.431532
v 0.195113 0.847474 -5.326537
vt 0.042472 0.713237
vt 0.042450 0.710902
vt 0.045026 0.710826
vt 0.045050 0.713156
vt 0.170998 0.737218
vt 0.050255 0.744197
vt 0.049950 0.742432
vt 0.170945 0.735352
vt 0.171126 0.741665
vt 0.050766 0.748429
vt 0.171282 0.747122
vt 0.050882 0.753650
vt 0.050923 0.755942
vt 0.171351 0.749521
vt 0.176989 0.946074
vt 0.057587 0.943138
vt 0.058051 0.938176
vt 0.176843 0.940976
vt 0.170359 0.710432
vt 0.048784 0.713039
vt 0.048749 0.710716
vt 0.170291 0.708050
vt 0.170898 0.733722
vt 0.049701 0.740883
vt 0.049191 0.731129
vt 0.170610 0.723639
vt 0.042398 0.741433
vt 0.041782 0.731572
vt 0.045512 0.731342
vt 0.045103 0.742569
vt 0.045960 0.743881
vt 0.046819 0.745291
vt 0.043565 0.747296
vt 0.042623 0.746622
vt 0.047646 0.748869
vt 0.044255 0.749281
vt 0.043627 0.753489
vt 0.047318 0.753799
vt 0.047235 0.755978
vt 0.043501 0.755896
vt 0.054389 0.938317
vt 0.054898 0.942415
vt 0.052156 0.942927
vt 0.050701 0.938715
vt 0.041585 0.753195
vt 0.042421 0.748563
vt 0.041423 0.755862
vt 0.042549 0.723095
vt 0.042718 0.727341
vt 0.040823 0.747884
vt 0.050907 0.943894
vt 0.048666 0.939089
vt 0.044157 0.524265
vt 0.165090 0.520903
vt 0.037860 0.524448
vt 0.040436 0.524373
vt 0.048797 0.722839
vt 0.045115 0.722992
vt 0.177198 0.953328
vt 0.044063 0.520991
vt 0.056399 0.947728
vt 0.177126 0.950837
vt 0.040341 0.521100
vt 0.052755 0.945847
vt 0.048920 0.943764
vt 0.298140 0.706041
vt 0.295561 0.706089
vt 0.295469 0.703760
vt 0.298047 0.703700
vt 0.292147 0.735545
vt 0.291944 0.737323
vt 0.291676 0.741574
vt 0.291859 0.746789
vt 0.291950 0.749077
vt 0.295281 0.931386
vt 0.296028 0.936313
vt 0.291747 0.703848
vt 0.291840 0.706165
vt 0.292268 0.724227
vt 0.292307 0.733985
vt 0.299625 0.734137
vt 0.296993 0.735400
vt 0.295952 0.724242
vt 0.298544 0.721643
vt 0.296213 0.736759
vt 0.299701 0.739301
vt 0.298800 0.740029
vt 0.295437 0.738216
vt 0.298225 0.742049
vt 0.294816 0.741833
vt 0.299093 0.746212
vt 0.295426 0.746732
vt 0.299357 0.748606
vt 0.295633 0.748902
vt 0.298945 0.931316
vt 0.302649 0.931502
vt 0.301439 0.935790
vt 0.298671 0.935437
vt 0.300014 0.741226
vt 0.301115 0.745801
vt 0.301430 0.748453
vt 0.301571 0.740457
vt 0.301234 0.724275
vt 0.305498 0.724318
vt 0.304702 0.931758
vt 0.302741 0.936684
vt 0.286061 0.517570
vt 0.289782 0.517475
vt 0.292358 0.517410
vt 0.295907 0.715904
vt 0.292207 0.715934
vt 0.297477 0.940827
vt 0.285974 0.514297
vt 0.301008 0.938740
vt 0.289698 0.514202
vt 0.292275 0.514137
vt 0.298528 0.720117
vt 0.299689 0.724263
vt 0.298477 0.715882
vt 0.042785 0.728872
vt 0.040241 0.731671
vt 0.304717 0.936440
vt 0.302885 0.940047
vt 0.298343 0.943169
vt 0.164999 0.517630
vt 0.303239 0.748340
vt 0.306495 0.932014
vt 0.305413 0.734212
vt 0.037765 0.521175
vt 0.050956 0.947259
vt 0.055670 0.950116
vt 0.039610 0.755854
vt 0.046891 0.939447
vt 0.039777 0.752920
vt 0.035987 0.731952
vt 0.301159 0.734159
vt 0.302904 0.745422
vt 0.295931 0.734073
vt 0.300498 0.738642
vt 0.040867 0.741540
vt 0.036623 0.741829
vt 0.046084 0.741166
vt 0.041790 0.746010
vn 0.000000 1.000000 0.000001
vn -0.000000 1.000000 -0.000000
vn 0.000000 1.000000 -0.000000
vn 0.000001 1.000000 -0.000000
vn -1.000000 0.000007 0.000827
vn -1.000000 0.000010 0.000827
vn -1.000000 0.000003 0.000827
vn -1.000000 0.000001 0.000827
vn -0.707110 -0.707103 0.000584
vn -0.707110 -0.707103 0.000585
vn -0.707110 -0.707103 0.000585
vn -0.707110 -0.707103 0.000584
vn 0.000001 -1.000000 0.000000
vn 0.000001 -1.000000 -0.000000
vn 0.000001 -1.000000 -0.000000
vn 0.000001 -1.000000 0.000000
vn 0.000000 -1.000000 -0.000000
vn 0.000000 -1.000000 0.000000
vn 0.000000 -1.000000 -0.000000
vn 0.000000 -1.000000 -0.000000
vn 0.000000 -1.000000 -0.000000
vn 0.000000 -1.000000 -0.000000
vn -0.000000 1.000000 0.000000
vn -0.000000 1.000000 0.000000
vn -0.000000 1.000000 0.000000
vn -0.000000 1.000000 0.000000
vn -1.000000 -0.000001 0.000827
vn -1.000000 -0.000001 0.000827
vn -1.000000 -0.000000 0.000827
vn -1.000000 -0.000000 0.000827
vn -0.706524 -0.000001 0.707689
vn -0.706524 0.000000 0.707689
vn -0.706524 0.000000 0.707689
vn -0.706524 -0.000001 0.707689
vn -0.706525 0.000000 0.707688
vn -0.706526 0.000005 0.707687
vn -0.706526 0.000005 0.707687
vn -0.706525 -0.000000 0.707688
vn -0.499417 -0.499998 0.707520
vn -0.499417 -0.499999 0.707520
vn -0.499417 -0.499998 0.707520
vn -0.499417 -0.499999 0.707520
vn 0.000585 -0.707107 0.707106
vn 0.000584 -0.707107 0.707107
vn 0.000584 -0.707107 0.707107
vn 0.000585 -0.707107 0.707106
vn 0.000584 -0.707108 0.707106
vn 0.000584 -0.707108 0.707106
vn 0.000584 -0.707108 0.707106
vn 0.000585 -0.707108 0.707105
vn 0.000585 -0.707108 0.707105
vn 0.000584 -0.707108 0.707106
vn 0.000827 0.000000 1.000000
vn 0.000827 0.000000 1.000000
vn 0.000827 0.000000 1.000000
vn 0.000827 0.000000 1.000000
vn 0.000827 0.000003 1.000000
vn 0.000827 0.000002 1.000000
vn 0.000827 0.000000 1.000000
vn 0.000827 0.000000 1.000000
vn 0.000827 0.000000 1.000000
vn 0.000827 0.000000 1.000000
vn 0.000827 0.000003 1.000000
vn 0.000828 0.000002 1.000000
vn 0.000827 0.000002 1.000000
vn 0.000827 0.000002 1.000000
vn -1.000000 0.000010 0.000827
vn -1.000000 0.000003 0.000826
vn -0.707110 -0.707103 0.000583
vn -0.707110 -0.707103 0.000583
vn 0.000001 -1.000000 -0.000000
vn 0.000001 -1.000000 -0.000000
vn 0.000000 -1.000000 -0.000000
vn 0.000000 -1.000000 -0.000000
vn 0.000000 -1.000000 -0.000000
vn -1.000000 -0.000001 0.000823
vn -1.000000 0.000000 0.000822
vn 0.000827 0.000000 1.000000
vn 0.000827 0.000000 1.000000
vn -0.000000 1.000000 0.000000
vn 0.000000 1.000000 0.000000
vn -0.000000 1.000000 -0.000000
vn -0.000000 1.000000 -0.000000
vn 1.000000 0.000000 -0.000827
vn 0.754599 0.656186 -0.000624
vn 0.754599 0.656186 -0.000624
vn 1.000000 0.000000 -0.000827
vn 0.707110 0.707104 -0.000584
vn 0.707110 0.707104 -0.000584
vn 0.707110 0.707104 -0.000584
vn 0.707110 0.707104 -0.000584
vn 0.707107 0.707107 -0.000588
vn 0.707107 0.707107 -0.000588
vn 0.707102 0.707111 -0.000579
vn 0.707102 0.707111 -0.000579
vn 1.000000 0.000000 -0.000840
vn 1.000000 0.000000 -0.000827
vn 1.000000 0.000000 -0.000827
vn 1.000000 0.000000 -0.000843
vn -0.000000 1.000000 -0.000000
vn -0.000000 1.000000 -0.000000
vn 1.000000 0.000000 -0.000825
vn 1.000000 0.000000 -0.000826
vn 1.000000 0.000000 -0.000826
vn 1.000000 0.000000 -0.000825
vn -0.000000 1.000000 0.000000
vn 0.000000 1.000000 0.000000
vn 0.000827 0.000000 1.000000
vn 0.000827 0.000000 1.000000
vn 0.000827 0.000000 1.000000
vn 0.000827 0.000000 1.000000
vn -0.000001 1.000000 0.000001
vn -0.000002 1.000000 0.000000
vn -0.000000 1.000000 -0.000000
vn -0.000000 1.000000 -0.000001
vn -1.000000 0.000000 0.000827
vn -1.000000 0.000005 0.000827
vn -0.707110 -0.707104 0.000584
vn -0.707110 -0.707103 0.000584
vn 0.000001 -1.000000 -0.000000
vn 0.000001 -1.000000 -0.000000
vn 0.000000 -1.000000 -0.000000
vn 0.000000 -1.000000 -0.000000
vn 0.000000 -1.000000 -0.000000
vn 0.000000 -1.000000 -0.000000
vn 0.000000 -1.000000 -0.000000
vn -0.000002 1.000000 -0.000000
vn -0.000000 1.000000 -0.000000
vn -0.000000 1.000000 -0.000000
vn -0.000002 1.000000 -0.000000
vn -1.000000 0.000000 0.000827
vn -1.000000 -0.000001 0.000827
vn -0.707700 0.000000 -0.706513
vn -0.707700 0.000000 -0.706513
vn -0.707700 0.000000 -0.706513
vn -0.707700 0.000000 -0.706514
vn -0.707707 0.000014 -0.706506
vn -0.707706 0.000012 -0.706507
vn -0.707711 0.000023 -0.706503
vn -0.707711 0.000023 -0.706502
vn -0.500582 -0.500019 -0.706682
vn -0.500582 -0.500019 -0.706682
vn -0.500582 -0.500019 -0.706682
vn -0.500582 -0.500019 -0.706682
vn -0.000584 -0.707110 -0.707104
vn -0.000584 -0.707110 -0.707104
vn -0.000584 -0.707109 -0.707105
vn -0.000584 -0.707109 -0.707105
vn -0.000585 -0.707103 -0.707110
vn -0.000585 -0.707103 -0.707110
vn -0.000584 -0.707103 -0.707110
vn -0.000584 -0.707103 -0.707110
vn -0.000579 -0.707102 -0.707111
vn -0.000579 -0.707102 -0.707111
vn -0.000814 -0.000028 -1.000000
vn -0.000811 0.000001 -1.000000
vn -0.000827 0.000000 -1.000000
vn -0.000827 -0.000026 -1.000000
vn -0.000827 -0.000003 -1.000000
vn -0.000827 -0.000035 -1.000000
vn -0.000827 0.000007 -1.000000
vn -0.000816 0.000005 -1.000000
vn -0.000817 0.000001 -1.000000
vn -0.000827 0.000000 -1.000000
vn -0.000826 -0.000035 -1.000000
vn -0.000826 -0.000003 -1.000000
vn -0.000821 -0.000021 -1.000000
vn -0.000820 -0.000027 -1.000000
vn -1.000000 0.000005 0.000824
vn -1.000000 0.000000 0.000824
vn -0.707111 -0.707103 0.000584
vn -0.707111 -0.707103 0.000584
vn 0.000000 -1.000000 -0.000001
vn 0.000001 -1.000000 -0.000001
vn 0.000000 -1.000000 -0.000000
vn 0.000000 -1.000000 -0.000000
vn 0.000000 -1.000000 -0.000000
vn -1.000000 -0.000001 0.000826
vn -1.000000 0.000000 0.000827
vn -0.000791 0.000010 -1.000000
vn -0.000781 0.000000 -1.000000
vn 0.000000 1.000000 -0.000000
vn 0.000000 1.000000 0.000000
vn -0.000000 1.000000 -0.000000
vn -0.000000 1.000000 -0.000001
vn 1.000000 0.000000 -0.000827
vn 1.000000 0.000000 -0.000827
vn 0.754599 0.656186 -0.000624
vn 0.754599 0.656186 -0.000624
vn 0.707112 0.707102 -0.000585
vn 0.707112 0.707102 -0.000585
vn 0.707111 0.707102 -0.000585
vn 0.707112 0.707102 -0.000585
vn 0.707109 0.707104 -0.000588
vn 0.707109 0.707104 -0.000588
vn 0.707106 0.707107 -0.000584
vn 0.707106 0.707107 -0.000584
vn 1.000000 0.000000 -0.000827
vn 1.000000 0.000000 -0.000827
vn 1.000000 0.000000 -0.000825
vn 1.000000 0.000000 -0.000825
vn -0.000000 1.000000 -0.000000
vn -0.000001 1.000000 -0.000001
vn 1.000000 0.000000 -0.000827
vn 1.000000 0.000000 -0.000827
vn 1.000000 0.000000 -0.000827
vn 1.000000 0.000000 -0.000827
vn 0.000000 1.000000 0.000000
vn 0.000000 1.000000 0.000000
vn -0.000790 0.000004 -1.000000
vn -0.000827 0.000034 -1.000000
vn -0.000827 0.000033 -1.000000
vn -0.000827 -0.000005 -1.000000
vn 1.000000 0.000000 -0.000827
vn 1.000000 0.000000 -0.000827
vn 0.000827 0.000000 1.000000
vn 1.000000 0.000000 -0.000827
vn 1.000000 0.000000 -0.000827
vn 0.749598 0.661893 -0.000620
vn 0.746709 0.665150 -0.000617
vn 0.748180 0.663496 -0.000618
vn 0.749598 0.661893 -0.000620
vn 0.749598 0.661893 -0.000620
vn 0.749598 0.661893 -0.000620
vn 0.749598 0.661893 -0.000620
vn 0.749598 0.661893 -0.000620
vn 0.749598 0.661893 -0.000620
vn 0.749598 0.661893 -0.000620
vn 0.749598 0.661893 -0.000620
vn -0.000789 0.000002 -1.000000
vn -0.000000 1.000000 -0.000001
vn -0.000000 1.000000 -0.000001
vn -0.000000 1.000000 -0.000001
s 1
g Book_R group2 locator1
usemtl lambert3SG
f 3453/3557/3693 3477/3558/3694 3482/3559/3695 3481/3560/3696
s 2
f 3497/3561/3697 3456/3562/3698 3490/3563/3699 3498/3564/3700
s 3
f 3456/3562/3701 3497/3561/3702 3509/3565/3703 3457/3566/3704
s 4
f 3508/3567/3705 3458/3568/3706 3457/3566/3707 3509/3565/3708
f 3480/3569/3709 3458/3568/3706 3508/3567/3705 3507/3570/3710
f 3505/3571/3711 3460/3572/3712 3459/3573/3713 3506/3574/3714
s 1
f 3500/3575/3715 3462/3576/3716 3476/3577/3717 3501/3578/3718
s 2
f 3499/3579/3719 3455/3580/3720 3558/3581/3721 3561/3582/3722
s 6
f 3463/3583/3723 3559/3584/3724 3556/3585/3725 3464/3698/3726
f 3491/3587/3727 3466/3588/3728 3465/3589/3729 3492/3590/3730
s off
f 3466/3588/3731 3474/3591/3732 3473/3592/3733 3465/3589/3734
s 7
f 3467/3593/3735 3473/3592/3736 3474/3591/3737 3468/3594/3738
f 3468/3594/3738 3479/3595/3739 3478/3596/3740 3467/3593/3735
f 3470/3597/3741 3472/3598/3742 3471/3599/3743 3469/3600/3744
s 8
f 3473/3592/3745 3467/3593/3746 3494/3601/3747 3493/3602/3748
f 3467/3593/3746 3478/3596/3749 3495/3603/3750 3494/3601/3747
f 3453/3697/3751 3554/3691/3752 3557/3677/3753 3475/3696/3754
f 3469/3600/3755 3471/3599/3756 3488/3607/3757 3496/3608/3758
s 2
f 3466/3588/3759 3491/3587/3760 3490/3563/3699 3456/3562/3698
s 3
f 3466/3588/3761 3456/3562/3701 3457/3566/3704 3474/3591/3762
s 4
f 3458/3568/3706 3468/3594/3763 3474/3591/3764 3457/3566/3707
f 3479/3595/3765 3468/3594/3763 3458/3568/3706 3480/3569/3709
f 3460/3572/3712 3472/3598/3766 3470/3597/3767 3459/3573/3713
s 2
f 3464/3698/3768 3556/3585/3769 3558/3581/3721 3455/3580/3720
s 8
f 3492/3590/3770 3465/3589/3771 3473/3592/3745 3493/3602/3748
s 1
f 3461/3609/3772 3502/3610/3773 3501/3578/3718 3476/3577/3717
f 3477/3558/3694 3454/3611/3774 3483/3612/3775 3482/3559/3695
s 8
f 3478/3596/3749 3469/3600/3755 3496/3608/3758 3495/3603/3750
s 7
f 3479/3595/3739 3470/3597/3741 3469/3600/3744 3478/3596/3740
s 4
f 3459/3573/3713 3470/3597/3767 3479/3595/3765 3480/3569/3709
f 3506/3574/3714 3459/3573/3713 3480/3569/3709 3507/3570/3710
s 11
f 3481/3560/3776 3462/3576/3777 3555/3613/3778 3560/3614/3779
s 1
f 3482/3559/3695 3476/3577/3717 3462/3576/3716 3481/3560/3696
f 3483/3612/3775 3461/3609/3772 3476/3577/3717 3482/3559/3695
s 12
f 3503/3615/3780 3485/3687/3781 3484/3617/3782 3504/3618/3783
f 3485/3687/3781 3486/3686/3784 3487/3620/3785 3484/3617/3782
f 3486/3686/3784 3489/3621/3786 3488/3607/3787 3487/3620/3785
s 13
f 3487/3620/3788 3488/3607/3789 3471/3599/3790 3472/3598/3791
s 1
f 3454/3611/3774 3489/3685/3792 3486/3619/3793 3483/3612/3775
s 13
f 3504/3618/3794 3484/3617/3795 3460/3572/3796 3505/3571/3797
s 1
f 3485/3616/3798 3503/3681/3799 3502/3610/3773 3461/3609/3772
f 3486/3619/3793 3485/3616/3798 3461/3609/3772 3483/3612/3775
s 13
f 3484/3617/3795 3487/3620/3788 3472/3598/3791 3460/3572/3796
s 2
f 3455/3580/3720 3499/3579/3719 3498/3564/3700 3490/3563/3699
f 3491/3587/3760 3464/3586/3768 3455/3580/3720 3490/3563/3699
s 6
f 3464/3586/3726 3491/3587/3727 3492/3590/3730 3463/3699/3723
s 8
f 3463/3699/3800 3492/3590/3770 3493/3602/3748 3475/3606/3754
f 3494/3601/3747 3453/3690/3751 3475/3606/3754 3493/3602/3748
f 3495/3603/3750 3477/3688/3801 3453/3690/3751 3494/3601/3747
f 3496/3608/3758 3454/3689/3802 3477/3688/3801 3495/3603/3750
f 3488/3607/3757 3489/3621/3803 3454/3689/3802 3496/3608/3758
s 14
f 3510/3622/3804 3538/3623/3805 3539/3624/3806 3534/3625/3807
s 2
f 3497/3561/3697 3498/3564/3700 3547/3626/3808 3513/3627/3809
s 3
f 3513/3627/3810 3514/3628/3811 3509/3565/3703 3497/3561/3702
s 4
f 3508/3567/3705 3509/3565/3708 3514/3628/3812 3515/3629/3813
f 3537/3630/3814 3507/3570/3710 3508/3567/3705 3515/3629/3813
f 3505/3571/3815 3506/3574/3816 3516/3631/3817 3517/3632/3818
s 14
f 3500/3575/3819 3501/3578/3820 3533/3633/3821 3519/3634/3822
s 2
f 3499/3579/3719 3561/3582/3722 3566/3635/3823 3512/3636/3824
s 16
f 3520/3637/3825 3521/3694/3826 3564/3639/3827 3567/3674/3828
f 3548/3641/3829 3549/3642/3830 3522/3643/3831 3523/3644/3832
s off
f 3523/3644/3833 3522/3643/3834 3530/3645/3835 3531/3646/3836
s 17
f 3524/3647/3837 3525/3648/3838 3531/3646/3839 3530/3645/3840
f 3525/3648/3838 3524/3647/3837 3535/3649/3841 3536/3650/3842
f 3527/3651/3843 3526/3652/3844 3528/3653/3845 3529/3654/3846
s 18
f 3530/3645/3847 3550/3655/3848 3551/3656/3849 3524/3647/3850
f 3524/3647/3850 3551/3656/3849 3552/3657/3851 3535/3649/3852
f 3510/3684/3853 3532/3692/3854 3565/3659/3855 3562/3660/3856
f 3526/3652/3857 3553/3661/3858 3545/3662/3859 3528/3653/3860
s 2
f 3523/3644/3861 3513/3627/3809 3547/3626/3808 3548/3641/3862
s 3
f 3523/3644/3863 3531/3646/3864 3514/3628/3811 3513/3627/3810
s 4
f 3515/3629/3813 3514/3628/3812 3531/3646/3865 3525/3648/3866
f 3536/3650/3867 3537/3630/3814 3515/3629/3813 3525/3648/3866
f 3517/3632/3818 3516/3631/3817 3527/3651/3868 3529/3654/3869
s 2
f 3521/3694/3870 3512/3636/3824 3566/3635/3823 3564/3639/3871
s 18
f 3549/3642/3872 3550/3655/3848 3530/3645/3847 3522/3643/3873
s 14
f 3518/3663/3874 3533/3633/3821 3501/3578/3820 3502/3610/3875
f 3534/3625/3807 3539/3624/3806 3540/3664/3876 3511/3665/3877
s 18
f 3535/3649/3852 3552/3657/3851 3553/3661/3858 3526/3652/3857
s 17
f 3536/3650/3842 3535/3649/3841 3526/3652/3844 3527/3651/3843
s 4
f 3516/3631/3817 3537/3630/3814 3536/3650/3867 3527/3651/3868
f 3506/3574/3816 3507/3570/3710 3537/3630/3814 3516/3631/3817
s 11
f 3538/3623/3878 3568/3666/3879 3563/3667/3880 3519/3634/3881
s 14
f 3539/3624/3806 3538/3623/3805 3519/3634/3822 3533/3633/3821
f 3540/3664/3876 3539/3624/3806 3533/3633/3821 3518/3663/3874
s 20
f 3503/3615/3882 3504/3618/3883 3541/3668/3884 3542/3680/3885
f 3542/3680/3885 3541/3668/3884 3544/3670/3886 3543/3679/3887
f 3543/3679/3887 3544/3670/3886 3545/3662/3888 3546/3678/3889
s 21
f 3544/3670/3890 3529/3654/3891 3528/3653/3892 3545/3662/3893
s 14
f 3511/3665/3877 3540/3664/3876 3543/3671/3894 3546/3672/3895
s 21
f 3504/3618/3896 3505/3571/3897 3517/3632/3898 3541/3668/3899
s 14
f 3542/3669/3900 3518/3663/3874 3502/3610/3875 3503/3681/3901
f 3543/3671/3894 3540/3664/3876 3518/3663/3874 3542/3669/3900
s 21
f 3541/3668/3899 3517/3632/3898 3529/3654/3891 3544/3670/3890
s 2
f 3512/3636/3824 3547/3626/3808 3498/3564/3700 3499/3579/3719
f 3548/3641/3862 3547/3626/3808 3512/3636/3824 3521/3638/3870
s 16
f 3521/3638/3826 3520/3695/3825 3549/3642/3830 3548/3641/3829
s 18
f 3520/3695/3902 3532/3658/3854 3550/3655/3848 3549/3642/3872
f 3551/3656/3849 3550/3655/3848 3532/3658/3854 3510/3693/3853
f 3552/3657/3851 3551/3656/3849 3510/3693/3853 3534/3682/3903
f 3553/3661/3858 3552/3657/3851 3534/3682/3903 3511/3683/3904
f 3545/3662/3859 3553/3661/3858 3511/3683/3904 3546/3678/3905
s 11
f 3560/3614/3779 3554/3604/3906 3453/3557/3907 3481/3560/3776
s 8
f 3557/3677/3753 3559/3584/3908 3463/3583/3800 3475/3696/3754
s 11
f 3562/3675/3909 3568/3666/3879 3538/3623/3878 3510/3622/3910
f 3500/3575/3911 3519/3634/3881 3563/3667/3880 3568/3666/3912 3564/3639/3913 3566/3635/3914 3561/3582/3915 3558/3581/3916 3556/3585/3917 3559/3676/3918 3557/3605/3919 3554/3604/3920 3560/3614/3921 3555/3613/3778 3462/3576/3777
s 18
f 3567/3674/3922 3565/3659/3855 3532/3692/3854 3520/3637/3902
s 11
f 3564/3639/3913 3568/3666/3912 3562/3675/3923 3565/3673/3924 3567/3640/3925
g default
v 7.899016 0.445982 4.971956
v 7.890539 0.445982 -5.282947
v 0.201273 0.445982 5.010804
v 0.192770 0.445983 -5.276585
v 7.899042 0.847474 5.003070
v 7.890540 0.847474 -5.282948
v 0.201273 0.847474 5.009433
v 0.192770 0.847474 -5.276584
v 0.201033 0.445982 4.719637
v 7.898775 0.445982 4.681710
v 7.898800 0.847474 4.711942
v 0.201032 0.847474 4.718304
v 7.890765 0.445982 -5.009366
v 0.192997 0.445982 -5.002140
v 0.192997 0.847474 -5.002175
v 7.890767 0.847473 -5.008539
v 7.444592 0.445982 -5.282580
v 7.444819 0.445982 -5.008948
v 7.452829 0.445982 4.683907
v 7.453070 0.445982 4.974206
v 7.453094 0.847474 5.003439
v 7.452854 0.847473 4.712310
v 7.444818 0.847474 -5.008171
v 7.444592 0.847474 -5.282580
v 0.594622 0.445983 -5.276918
v 0.594849 0.445982 -5.002518
v 0.602884 0.445982 4.717657
v 0.603124 0.445982 5.008776
v 0.603125 0.847474 5.009101
v 0.602885 0.847474 4.717973
v 0.594850 0.847474 -5.002507
v 0.594623 0.847474 -5.276917
vt 0.530662 0.575908
vt 0.525485 0.294670
vt 0.525646 0.301824
vt 0.530531 0.568754
vt 0.535845 0.575813
vt 0.530669 0.294576
vt 0.715913 0.298339
vt 0.708765 0.298470
vt 0.708634 0.291315
vt 0.713786 0.572553
vt 0.535714 0.568659
vt 0.530829 0.301729
vt 0.528151 0.438863
vt 0.528574 0.431705
vt 0.533741 0.431611
vt 0.533334 0.438768
vt 0.703879 0.298559
vt 0.703748 0.291405
vt 0.706390 0.435598
vt 0.706274 0.428450
vt 0.711144 0.428360
vt 0.711275 0.435508
vt 0.708901 0.572643
vt 0.708770 0.565489
vt 0.706127 0.420510
vt 0.710999 0.420421
vt 0.533563 0.423672
vt 0.528395 0.423767
vt 0.528296 0.446803
vt 0.533480 0.446708
vt 0.706535 0.443537
vt 0.718147 0.420290
vt 0.713655 0.565399
vt 0.708503 0.284168
vt 0.715781 0.291185
vt 0.518499 0.301985
vt 0.521229 0.423926
vt 0.711421 0.443448
vt 0.521405 0.431865
vt 0.703617 0.284257
vt 0.530562 0.287427
vt 0.518338 0.294831
vt 0.525379 0.287522
vt 0.718292 0.428230
vn 0.002937 0.001303 0.999995
vn 0.002937 0.001303 0.999995
vn 0.002935 -0.034677 0.999394
vn 0.002935 -0.034677 0.999394
vn -1.000000 0.000001 0.000827
vn -1.000000 0.000001 0.000827
vn -1.000000 0.000001 0.000827
vn -1.000000 0.000001 0.000827
vn -0.000827 0.000000 -1.000000
vn -0.000827 0.000000 -1.000000
vn -0.000827 0.000003 -1.000000
vn -0.000827 0.000003 -1.000000
vn -0.000000 1.000000 0.000000
vn 0.000000 1.000000 -0.000000
vn 0.000000 1.000000 -0.000000
vn 0.000000 1.000000 -0.000000
vn -0.000000 -1.000000 -0.000000
vn -0.000000 -1.000000 -0.000000
vn 0.000000 -1.000000 -0.000000
vn -0.000000 -1.000000 -0.000000
vn 1.000000 0.000000 -0.000831
vn 1.000000 0.000000 -0.000831
vn 1.000000 -0.000001 -0.000827
vn 1.000000 -0.000001 -0.000827
vn -0.000000 -1.000000 -0.000000
vn -0.000000 -1.000000 -0.000000
vn -0.000000 -1.000000 -0.000000
vn -0.000000 -1.000000 -0.000000
vn 1.000000 -0.000001 -0.000826
vn 1.000000 -0.000001 -0.000826
vn 1.000000 -0.000002 -0.000829
vn 1.000000 -0.000002 -0.000829
vn 0.000000 1.000000 -0.000000
vn 0.000000 1.000000 0.000000
vn 0.000000 1.000000 0.000000
vn 0.000000 1.000000 0.000000
vn -1.000000 0.000001 0.000827
vn -1.000000 0.000001 0.000827
vn -1.000000 0.000001 0.000827
vn -1.000000 0.000001 0.000827
vn -0.000000 -1.000000 -0.000000
vn -0.000000 -1.000000 -0.000000
vn -0.000000 -1.000000 -0.000000
vn -0.000000 -1.000000 -0.000000
vn -0.000000 -1.000000 -0.000000
vn -0.000000 -1.000000 -0.000000
vn -0.000000 -1.000000 -0.000000
vn -0.000000 -1.000000 -0.000000
vn 0.002934 -0.039123 0.999230
vn 0.002934 -0.039124 0.999230
vn 0.002928 -0.074943 0.997184
vn 0.002928 -0.074943 0.997184
vn 0.000000 1.000000 -0.000000
vn 0.000000 1.000000 -0.000000
vn -0.000000 1.000000 -0.000000
vn -0.000000 1.000000 -0.000000
vn 0.000000 1.000000 0.000000
vn -0.000000 1.000000 0.000000
vn 0.000000 1.000000 0.000000
vn 0.000000 1.000000 0.000000
vn -0.000826 -0.000000 -1.000000
vn -0.000827 -0.000000 -1.000000
vn -0.000827 -0.000000 -1.000000
vn -0.000826 -0.000000 -1.000000
s 1
g pCube1 Book_R group2 locator1
f 3575/3741/3926 3571/3701/3927 3596/3702/3928 3597/3735/3929
s 2
f 3580/3740/3930 3577/3705/3931 3571/3701/3932 3575/3742/3933
s 3
f 3600/3706/3934 3593/3707/3935 3572/3708/3936 3576/3734/3937
s 4
f 3575/3700/3938 3597/3703/3939 3598/3710/3940 3580/3704/3941
s 5
f 3577/3705/3942 3595/3711/3943 3596/3702/3944 3571/3701/3945
s 6
f 3573/3712/3946 3569/3713/3947 3578/3714/3948 3579/3715/3949
s 5
f 3572/3708/3950 3593/3707/3951 3594/3716/3952 3582/3717/3953
s 6
f 3584/3718/3954 3581/3719/3955 3570/3720/3956 3574/3721/3957
s 4
f 3583/3722/3958 3599/3723/3959 3600/3732/3960 3576/3709/3961
s 2
f 3576/3733/3962 3572/3708/3963 3582/3717/3964 3583/3739/3965
s 5
f 3582/3717/3953 3594/3716/3952 3595/3711/3943 3577/3705/3942
s 2
f 3583/3739/3965 3582/3717/3964 3577/3705/3931 3580/3740/3930
s 4
f 3580/3704/3941 3598/3710/3940 3599/3723/3959 3583/3722/3958
s 6
f 3579/3715/3949 3578/3714/3948 3581/3719/3955 3584/3718/3954
s 5
f 3586/3724/3966 3585/3725/3967 3570/3720/3968 3581/3719/3969
f 3587/3726/3970 3586/3724/3966 3581/3719/3969 3578/3714/3971
f 3588/3727/3972 3587/3726/3970 3578/3714/3971 3569/3713/3973
s 1
f 3589/3736/3974 3588/3727/3975 3569/3713/3976 3573/3738/3977
s 4
f 3590/3729/3978 3589/3728/3979 3573/3712/3980 3579/3715/3981
f 3591/3730/3982 3590/3729/3978 3579/3715/3981 3584/3718/3983
f 3592/3737/3984 3591/3730/3982 3584/3718/3983 3574/3721/3985
s 3
f 3570/3720/3986 3585/3725/3987 3592/3731/3988 3574/3743/3989
s 5
f 3594/3716/3952 3593/3707/3951 3585/3725/3967 3586/3724/3966
f 3595/3711/3943 3594/3716/3952 3586/3724/3966 3587/3726/3970
f 3596/3702/3944 3595/3711/3943 3587/3726/3970 3588/3727/3972
s 1
f 3597/3735/3929 3596/3702/3928 3588/3727/3975 3589/3736/3974
s 4
f 3598/3710/3940 3597/3703/3939 3589/3728/3979 3590/3729/3978
f 3599/3723/3959 3598/3710/3940 3590/3729/3978 3591/3730/3982
f 3600/3732/3960 3599/3723/3959 3591/3730/3982 3592/3737/3984
s 3
f 3592/3731/3988 3585/3725/3987 3593/3707/3935 3600/3706/3934
g default
v 0.202929 1.261623 4.927923
v 7.922850 1.261623 4.922528
v -0.141142 1.261655 4.671098
v -0.141142 1.401801 4.671118
v -0.015490 1.527454 4.671044
v 0.202749 1.527454 4.670894
v 7.922666 1.527454 4.665500
v 8.128344 1.527454 4.665356
v 7.922668 1.261656 4.665463
v 0.202749 1.261656 4.670858
v -0.033723 1.261623 4.928088
v -0.141038 1.261637 4.820923
v -0.033723 1.357348 4.928100
v -0.141038 1.401782 4.820941
v 0.202929 1.420181 4.927943
v 0.202854 1.527435 4.820717
v 7.922850 1.420181 4.922549
v 7.922773 1.527435 4.815322
v 8.128527 1.420181 4.922404
v 8.128452 1.527435 4.815178
v 0.029110 1.420181 4.928065
v -0.015385 1.527435 4.820869
v 0.029110 1.261623 4.928044
v 0.298684 1.261656 4.670791
v 0.298867 1.261623 4.927856
v 0.298867 1.420181 4.927876
v 0.298789 1.527435 4.820650
v 0.298687 1.527454 4.670827
v 0.202855 1.261636 4.822733
v 0.298792 1.261636 4.822666
v 7.922776 1.261636 4.817337
v 8.128344 1.333694 4.665330
v 8.056308 1.261656 4.665370
v 8.056414 1.261636 4.817244
v 8.128453 1.333673 4.816647
v 8.128527 1.333661 4.922393
v 8.056488 1.261623 4.922435
v -0.141142 1.327056 4.671108
v -0.141037 1.327037 4.820931
v -0.033723 1.306294 4.928094
v 0.029110 1.335616 4.928054
v 0.202929 1.335616 4.927932
v 0.298867 1.335616 4.927865
v 7.922849 1.335616 4.922537
v -0.144582 1.402430 -0.251598
v -0.144582 1.327685 -0.251607
v -0.144582 1.262285 -0.251615
v 0.199309 1.262284 -0.251854
v 0.295244 1.262284 -0.251923
v 7.919230 1.262284 -0.257251
v 8.052870 1.262284 -0.257343
v 8.124910 1.334323 -0.257385
v 8.124910 1.528083 -0.257359
v 7.919233 1.528083 -0.257215
v 0.295247 1.528083 -0.251887
v 0.199309 1.528083 -0.251819
v -0.018930 1.528083 -0.251668
v 0.195689 1.262946 -5.431629
v 7.915610 1.262946 -5.437024
v -0.148023 1.262914 -5.174324
v -0.148023 1.403059 -5.174308
v -0.022370 1.528712 -5.174378
v 0.195869 1.528712 -5.174532
v 7.915790 1.528712 -5.179930
v 8.121467 1.528712 -5.180071
v 7.915792 1.262913 -5.179959
v 0.195869 1.262914 -5.174564
v -0.040962 1.262946 -5.431466
v -0.148127 1.262933 -5.324148
v -0.040962 1.358672 -5.431457
v -0.148127 1.403078 -5.324130
v 0.195689 1.421505 -5.431609
v 0.195764 1.528731 -5.324354
v 7.915609 1.421505 -5.437003
v 7.915685 1.528731 -5.329752
v 8.121287 1.421505 -5.437147
v 8.121362 1.528731 -5.329893
v 0.021871 1.421505 -5.431487
v -0.022475 1.528731 -5.324202
v 0.021871 1.262946 -5.431507
v 0.291804 1.262913 -5.174631
v 0.291627 1.262946 -5.431696
v 0.291627 1.421505 -5.431676
v 0.291699 1.528731 -5.324421
v 0.291807 1.528712 -5.174599
v 0.195763 1.262933 -5.326439
v 0.291699 1.262933 -5.326506
v 7.915683 1.262933 -5.331833
v 8.121467 1.334952 -5.180094
v 8.049432 1.262913 -5.180055
v 8.049322 1.262933 -5.331930
v 8.121361 1.334970 -5.331412
v 8.121287 1.334985 -5.437158
v 8.049250 1.262946 -5.437120
v -0.148023 1.328314 -5.174316
v -0.148127 1.328333 -5.324139
v -0.040962 1.307618 -5.431461
v 0.021871 1.336939 -5.431501
v 0.195689 1.336939 -5.431619
v 0.291627 1.336939 -5.431689
v 7.915609 1.336939 -5.437017
v 0.202929 0.856689 4.927871
v 0.202749 0.856722 4.670807
v -0.141038 0.856702 4.820871
v 0.029110 0.856689 4.927993
v -0.141142 0.856721 4.671047
v -0.033723 0.856689 4.928037
v 0.202855 0.856702 4.822684
v -0.144582 0.857351 -0.251666
v 0.195689 0.858012 -5.431681
v 0.195869 0.857979 -5.174617
v -0.148127 0.857998 -5.324200
v 0.021871 0.858012 -5.431559
v -0.148023 0.857979 -5.174375
v -0.040962 0.858012 -5.431517
v 0.195763 0.857999 -5.326492
vt 0.042472 0.258323
vt 0.042450 0.255988
vt 0.045026 0.255912
vt 0.045050 0.258242
vt 0.170998 0.282304
vt 0.050255 0.289283
vt 0.049950 0.287518
vt 0.170945 0.280439
vt 0.171126 0.286751
vt 0.050766 0.293516
vt 0.171282 0.292209
vt 0.050882 0.298737
vt 0.050923 0.301028
vt 0.171351 0.294607
vt 0.176989 0.491161
vt 0.057587 0.488225
vt 0.058051 0.483263
vt 0.176843 0.486062
vt 0.170359 0.255519
vt 0.048784 0.258125
vt 0.048749 0.255803
vt 0.170291 0.253137
vt 0.170898 0.278809
vt 0.049701 0.285969
vt 0.049191 0.276216
vt 0.170610 0.268726
vt 0.042398 0.286519
vt 0.041782 0.276659
vt 0.045512 0.276429
vt 0.045103 0.287655
vt 0.045960 0.288967
vt 0.046819 0.290377
vt 0.043565 0.292383
vt 0.042623 0.291708
vt 0.047646 0.293955
vt 0.044255 0.294368
vt 0.043627 0.298576
vt 0.047318 0.298885
vt 0.047235 0.301064
vt 0.043501 0.300983
vt 0.054389 0.483403
vt 0.054898 0.487501
vt 0.052156 0.488013
vt 0.050701 0.483801
vt 0.041585 0.298282
vt 0.042421 0.293649
vt 0.041423 0.300949
vt 0.042549 0.268181
vt 0.042718 0.272427
vt 0.040823 0.292970
vt 0.050907 0.488980
vt 0.048666 0.484175
vt 0.044157 0.069351
vt 0.165090 0.065990
vt 0.037860 0.069534
vt 0.040436 0.069459
vt 0.048797 0.267926
vt 0.045115 0.268078
vt 0.177198 0.498415
vt 0.044063 0.066078
vt 0.056399 0.492815
vt 0.177126 0.495924
vt 0.040341 0.066186
vt 0.052755 0.490933
vt 0.048920 0.488850
vt 0.298140 0.251128
vt 0.295561 0.251176
vt 0.295469 0.248846
vt 0.298047 0.248786
vt 0.292147 0.280631
vt 0.291944 0.282409
vt 0.291676 0.286661
vt 0.291859 0.291876
vt 0.291950 0.294163
vt 0.295281 0.476472
vt 0.296028 0.481400
vt 0.291747 0.248934
vt 0.291840 0.251251
vt 0.292268 0.269314
vt 0.292307 0.279072
vt 0.299625 0.279223
vt 0.296993 0.280486
vt 0.295952 0.269329
vt 0.298544 0.266730
vt 0.296213 0.281845
vt 0.299701 0.284388
vt 0.298800 0.285115
vt 0.295437 0.283302
vt 0.298225 0.287135
vt 0.294816 0.286919
vt 0.299093 0.291298
vt 0.295426 0.291819
vt 0.299357 0.293693
vt 0.295633 0.293988
vt 0.298945 0.476403
vt 0.302649 0.476588
vt 0.301439 0.480877
vt 0.298671 0.480523
vt 0.300014 0.286313
vt 0.301115 0.290887
vt 0.301430 0.293539
vt 0.301571 0.285543
vt 0.301234 0.269361
vt 0.305498 0.269404
vt 0.304702 0.476845
vt 0.302741 0.481770
vt 0.286061 0.062657
vt 0.289782 0.062562
vt 0.292358 0.062497
vt 0.295907 0.260991
vt 0.292207 0.261021
vt 0.297477 0.485914
vt 0.285974 0.059383
vt 0.301008 0.483827
vt 0.289698 0.059288
vt 0.292275 0.059223
vt 0.298528 0.265203
vt 0.299689 0.269349
vt 0.298477 0.260968
vt 0.042785 0.273958
vt 0.040241 0.276758
vt 0.304717 0.481527
vt 0.302885 0.485133
vt 0.298343 0.488256
vt 0.164999 0.062716
vt 0.303239 0.293427
vt 0.306495 0.477100
vt 0.305413 0.279299
vt 0.037765 0.066261
vt 0.050956 0.492346
vt 0.055670 0.495203
vt 0.039610 0.300940
vt 0.046891 0.484533
vt 0.039777 0.298006
vt 0.035987 0.277038
vt 0.301159 0.279246
vt 0.302904 0.290509
vt 0.295931 0.279160
vt 0.300498 0.283729
vt 0.040867 0.286627
vt 0.036623 0.286915
vt 0.046084 0.286253
vt 0.041790 0.291096
vn -0.000000 -1.000000 -0.000127
vn -0.000000 -1.000000 -0.000128
vn -0.000000 -1.000000 -0.000128
vn 0.000001 -1.000000 -0.000128
vn -1.000000 -0.000007 0.000699
vn -1.000000 -0.000010 0.000699
vn -1.000000 -0.000003 0.000699
vn -1.000000 -0.000001 0.000699
vn -0.707110 0.707103 0.000584
vn -0.707110 0.707103 0.000585
vn -0.707110 0.707103 0.000585
vn -0.707110 0.707103 0.000584
vn 0.000001 1.000000 0.000128
vn 0.000001 1.000000 0.000128
vn 0.000001 1.000000 0.000128
vn 0.000001 1.000000 0.000128
vn 0.000000 1.000000 0.000128
vn 0.000000 1.000000 0.000128
vn 0.000000 1.000000 0.000128
vn 0.000000 1.000000 0.000128
vn 0.000000 1.000000 0.000128
vn 0.000000 1.000000 0.000128
vn -0.000000 -1.000000 -0.000128
vn -0.000000 -1.000000 -0.000128
vn -0.000000 -1.000000 -0.000128
vn -0.000000 -1.000000 -0.000128
vn -1.000000 0.000001 0.000699
vn -1.000000 0.000001 0.000699
vn -1.000000 0.000000 0.000699
vn -1.000000 -0.000000 0.000699
vn -0.706614 -0.000090 0.707599
vn -0.706614 -0.000090 0.707599
vn -0.706614 -0.000090 0.707599
vn -0.706614 -0.000090 0.707599
vn -0.706616 -0.000091 0.707597
vn -0.706616 -0.000095 0.707597
vn -0.706616 -0.000095 0.707597
vn -0.706616 -0.000090 0.707598
vn -0.499507 0.499908 0.707520
vn -0.499507 0.499908 0.707520
vn -0.499507 0.499908 0.707520
vn -0.499507 0.499908 0.707520
vn 0.000494 0.707017 0.707197
vn 0.000494 0.707016 0.707197
vn 0.000494 0.707016 0.707197
vn 0.000494 0.707017 0.707197
vn 0.000494 0.707017 0.707196
vn 0.000494 0.707017 0.707196
vn 0.000494 0.707017 0.707196
vn 0.000495 0.707018 0.707196
vn 0.000495 0.707018 0.707196
vn 0.000494 0.707017 0.707196
vn 0.000699 -0.000128 1.000000
vn 0.000699 -0.000128 1.000000
vn 0.000699 -0.000128 1.000000
vn 0.000699 -0.000128 1.000000
vn 0.000699 -0.000131 1.000000
vn 0.000699 -0.000129 1.000000
vn 0.000699 -0.000128 1.000000
vn 0.000699 -0.000128 1.000000
vn 0.000699 -0.000128 1.000000
vn 0.000699 -0.000128 1.000000
vn 0.000699 -0.000131 1.000000
vn 0.000700 -0.000130 1.000000
vn 0.000700 -0.000130 1.000000
vn 0.000699 -0.000129 1.000000
vn -1.000000 -0.000010 0.000699
vn -1.000000 -0.000003 0.000698
vn -0.707110 0.707103 0.000583
vn -0.707110 0.707103 0.000583
vn 0.000001 1.000000 0.000128
vn 0.000001 1.000000 0.000128
vn 0.000000 1.000000 0.000128
vn 0.000000 1.000000 0.000128
vn 0.000000 1.000000 0.000128
vn -1.000000 0.000001 0.000695
vn -1.000000 0.000000 0.000695
vn 0.000699 -0.000128 1.000000
vn 0.000699 -0.000128 1.000000
vn -0.000000 -1.000000 -0.000128
vn -0.000000 -1.000000 -0.000128
vn -0.000000 -1.000000 -0.000128
vn -0.000000 -1.000000 -0.000128
vn 1.000000 0.000000 -0.000699
vn 0.754599 -0.656186 -0.000611
vn 0.754599 -0.656186 -0.000611
vn 1.000000 0.000000 -0.000699
vn 0.707110 -0.707104 -0.000584
vn 0.707110 -0.707104 -0.000584
vn 0.707110 -0.707104 -0.000584
vn 0.707110 -0.707104 -0.000584
vn 0.707107 -0.707107 -0.000588
vn 0.707107 -0.707107 -0.000588
vn 0.707102 -0.707111 -0.000579
vn 0.707102 -0.707111 -0.000579
vn 1.000000 -0.000000 -0.000712
vn 1.000000 0.000000 -0.000699
vn 1.000000 0.000000 -0.000699
vn 1.000000 -0.000000 -0.000715
vn -0.000000 -1.000000 -0.000128
vn -0.000000 -1.000000 -0.000128
vn 1.000000 -0.000000 -0.000698
vn 1.000000 -0.000000 -0.000698
vn 1.000000 -0.000000 -0.000698
vn 1.000000 -0.000000 -0.000698
vn -0.000000 -1.000000 -0.000128
vn -0.000000 -1.000000 -0.000128
vn 0.000699 -0.000128 1.000000
vn 0.000699 -0.000128 1.000000
vn 0.000699 -0.000128 1.000000
vn 0.000699 -0.000128 1.000000
vn -0.000001 -1.000000 -0.000127
vn -0.000002 -1.000000 -0.000127
vn -0.000000 -1.000000 -0.000128
vn -0.000000 -1.000000 -0.000128
vn -1.000000 -0.000000 0.000699
vn -1.000000 -0.000005 0.000699
vn -0.707110 0.707104 0.000584
vn -0.707110 0.707103 0.000584
vn 0.000001 1.000000 0.000128
vn 0.000001 1.000000 0.000128
vn 0.000000 1.000000 0.000128
vn 0.000000 1.000000 0.000128
vn 0.000000 1.000000 0.000128
vn 0.000000 1.000000 0.000128
vn 0.000000 1.000000 0.000128
vn -0.000002 -1.000000 -0.000128
vn -0.000000 -1.000000 -0.000128
vn -0.000000 -1.000000 -0.000128
vn -0.000002 -1.000000 -0.000128
vn -1.000000 -0.000000 0.000699
vn -1.000000 0.000001 0.000699
vn -0.707610 0.000090 -0.706604
vn -0.707610 0.000090 -0.706604
vn -0.707609 0.000090 -0.706604
vn -0.707609 0.000090 -0.706604
vn -0.707617 0.000076 -0.706597
vn -0.707616 0.000078 -0.706598
vn -0.707620 0.000067 -0.706593
vn -0.707620 0.000067 -0.706593
vn -0.500491 0.500109 -0.706682
vn -0.500491 0.500109 -0.706682
vn -0.500491 0.500109 -0.706682
vn -0.500491 0.500109 -0.706682
vn -0.000494 0.707200 -0.707013
vn -0.000494 0.707200 -0.707013
vn -0.000493 0.707199 -0.707014
vn -0.000493 0.707199 -0.707014
vn -0.000494 0.707194 -0.707020
vn -0.000494 0.707194 -0.707020
vn -0.000494 0.707194 -0.707020
vn -0.000494 0.707194 -0.707020
vn -0.000489 0.707192 -0.707021
vn -0.000489 0.707192 -0.707021
vn -0.000686 0.000156 -1.000000
vn -0.000683 0.000127 -1.000000
vn -0.000699 0.000128 -1.000000
vn -0.000699 0.000154 -1.000000
vn -0.000699 0.000131 -1.000000
vn -0.000699 0.000163 -1.000000
vn -0.000699 0.000121 -1.000000
vn -0.000688 0.000122 -1.000000
vn -0.000689 0.000127 -1.000000
vn -0.000699 0.000128 -1.000000
vn -0.000699 0.000163 -1.000000
vn -0.000699 0.000131 -1.000000
vn -0.000694 0.000149 -1.000000
vn -0.000692 0.000155 -1.000000
vn -1.000000 -0.000005 0.000696
vn -1.000000 0.000000 0.000696
vn -0.707111 0.707103 0.000584
vn -0.707111 0.707103 0.000584
vn 0.000001 1.000000 0.000127
vn 0.000001 1.000000 0.000127
vn 0.000000 1.000000 0.000128
vn 0.000000 1.000000 0.000128
vn 0.000000 1.000000 0.000128
vn -1.000000 0.000001 0.000698
vn -1.000000 -0.000000 0.000699
vn -0.000664 0.000118 -1.000000
vn -0.000653 0.000128 -1.000000
vn -0.000000 -1.000000 -0.000128
vn -0.000000 -1.000000 -0.000128
vn -0.000000 -1.000000 -0.000128
vn -0.000000 -1.000000 -0.000128
vn 1.000000 0.000000 -0.000699
vn 1.000000 0.000000 -0.000699
vn 0.754599 -0.656186 -0.000611
vn 0.754599 -0.656186 -0.000611
vn 0.707112 -0.707102 -0.000585
vn 0.707112 -0.707102 -0.000585
vn 0.707111 -0.707102 -0.000585
vn 0.707112 -0.707102 -0.000585
vn 0.707109 -0.707104 -0.000588
vn 0.707109 -0.707104 -0.000588
vn 0.707106 -0.707107 -0.000584
vn 0.707106 -0.707107 -0.000584
vn 1.000000 -0.000000 -0.000699
vn 1.000000 0.000000 -0.000699
vn 1.000000 -0.000000 -0.000698
vn 1.000000 -0.000000 -0.000698
vn -0.000000 -1.000000 -0.000128
vn -0.000001 -1.000000 -0.000128
vn 1.000000 0.000000 -0.000699
vn 1.000000 0.000000 -0.000699
vn 1.000000 0.000000 -0.000699
vn 1.000000 0.000000 -0.000699
vn -0.000000 -1.000000 -0.000128
vn -0.000000 -1.000000 -0.000128
vn -0.000662 0.000124 -1.000000
vn -0.000699 0.000094 -1.000000
vn -0.000699 0.000095 -1.000000
vn -0.000699 0.000133 -1.000000
vn 1.000000 0.000000 -0.000699
vn 1.000000 0.000000 -0.000699
vn 0.000699 -0.000128 1.000000
vn 1.000000 0.000000 -0.000699
vn 1.000000 0.000000 -0.000699
vn 0.749598 -0.661893 -0.000608
vn 0.746709 -0.665150 -0.000607
vn 0.748180 -0.663496 -0.000608
vn 0.749598 -0.661893 -0.000608
vn 0.749598 -0.661893 -0.000608
vn 0.749598 -0.661893 -0.000608
vn 0.749598 -0.661893 -0.000608
vn 0.749598 -0.661893 -0.000608
vn 0.749598 -0.661893 -0.000608
vn 0.749598 -0.661893 -0.000608
vn 0.749598 -0.661893 -0.000608
vn -0.000661 0.000125 -1.000000
vn -0.000000 -1.000000 -0.000129
vn -0.000000 -1.000000 -0.000129
vn -0.000000 -1.000000 -0.000129
s 1
g group2 locator1 Book_L
usemtl lambert3SG
f 3601/3744/3990 3625/3745/3991 3630/3746/3992 3629/3747/3993
s 2
f 3645/3748/3994 3604/3749/3995 3638/3750/3996 3646/3751/3997
s 3
f 3604/3749/3998 3645/3748/3999 3657/3752/4000 3605/3753/4001
s 4
f 3656/3754/4002 3606/3755/4003 3605/3753/4004 3657/3752/4005
f 3628/3756/4006 3606/3755/4003 3656/3754/4002 3655/3757/4007
f 3653/3758/4008 3608/3759/4009 3607/3760/4010 3654/3761/4011
s 1
f 3648/3762/4012 3610/3763/4013 3624/3764/4014 3649/3765/4015
s 2
f 3647/3766/4016 3603/3767/4017 3706/3768/4018 3709/3769/4019
s 6
f 3611/3770/4020 3707/3771/4021 3704/3772/4022 3612/3885/4023
f 3639/3774/4024 3614/3775/4025 3613/3776/4026 3640/3777/4027
s off
f 3614/3775/4028 3622/3778/4029 3621/3779/4030 3613/3776/4031
s 7
f 3615/3780/4032 3621/3779/4033 3622/3778/4034 3616/3781/4035
f 3616/3781/4035 3627/3782/4036 3626/3783/4037 3615/3780/4032
f 3618/3784/4038 3620/3785/4039 3619/3786/4040 3617/3787/4041
s 8
f 3621/3779/4042 3615/3780/4043 3642/3788/4044 3641/3789/4045
f 3615/3780/4043 3626/3783/4046 3643/3790/4047 3642/3788/4044
f 3601/3884/4048 3702/3878/4049 3705/3864/4050 3623/3883/4051
f 3617/3787/4052 3619/3786/4053 3636/3794/4054 3644/3795/4055
s 2
f 3614/3775/4056 3639/3774/4057 3638/3750/3996 3604/3749/3995
s 3
f 3614/3775/4058 3604/3749/3998 3605/3753/4001 3622/3778/4059
s 4
f 3606/3755/4003 3616/3781/4060 3622/3778/4061 3605/3753/4004
f 3627/3782/4062 3616/3781/4060 3606/3755/4003 3628/3756/4006
f 3608/3759/4009 3620/3785/4063 3618/3784/4064 3607/3760/4010
s 2
f 3612/3885/4065 3704/3772/4066 3706/3768/4018 3603/3767/4017
s 8
f 3640/3777/4067 3613/3776/4068 3621/3779/4042 3641/3789/4045
s 1
f 3609/3796/4069 3650/3797/4070 3649/3765/4015 3624/3764/4014
f 3625/3745/3991 3602/3798/4071 3631/3799/4072 3630/3746/3992
s 8
f 3626/3783/4046 3617/3787/4052 3644/3795/4055 3643/3790/4047
s 7
f 3627/3782/4036 3618/3784/4038 3617/3787/4041 3626/3783/4037
s 4
f 3607/3760/4010 3618/3784/4064 3627/3782/4062 3628/3756/4006
f 3654/3761/4011 3607/3760/4010 3628/3756/4006 3655/3757/4007
s 11
f 3629/3747/4073 3610/3763/4074 3703/3800/4075 3708/3801/4076
s 1
f 3630/3746/3992 3624/3764/4014 3610/3763/4013 3629/3747/3993
f 3631/3799/4072 3609/3796/4069 3624/3764/4014 3630/3746/3992
s 12
f 3651/3802/4077 3633/3874/4078 3632/3804/4079 3652/3805/4080
f 3633/3874/4078 3634/3873/4081 3635/3807/4082 3632/3804/4079
f 3634/3873/4081 3637/3808/4083 3636/3794/4084 3635/3807/4082
s 13
f 3635/3807/4085 3636/3794/4086 3619/3786/4087 3620/3785/4088
s 1
f 3602/3798/4071 3637/3872/4089 3634/3806/4090 3631/3799/4072
s 13
f 3652/3805/4091 3632/3804/4092 3608/3759/4093 3653/3758/4094
s 1
f 3633/3803/4095 3651/3868/4096 3650/3797/4070 3609/3796/4069
f 3634/3806/4090 3633/3803/4095 3609/3796/4069 3631/3799/4072
s 13
f 3632/3804/4092 3635/3807/4085 3620/3785/4088 3608/3759/4093
s 2
f 3603/3767/4017 3647/3766/4016 3646/3751/3997 3638/3750/3996
f 3639/3774/4057 3612/3773/4065 3603/3767/4017 3638/3750/3996
s 6
f 3612/3773/4023 3639/3774/4024 3640/3777/4027 3611/3886/4020
s 8
f 3611/3886/4097 3640/3777/4067 3641/3789/4045 3623/3793/4051
f 3642/3788/4044 3601/3877/4048 3623/3793/4051 3641/3789/4045
f 3643/3790/4047 3625/3875/4098 3601/3877/4048 3642/3788/4044
f 3644/3795/4055 3602/3876/4099 3625/3875/4098 3643/3790/4047
f 3636/3794/4054 3637/3808/4100 3602/3876/4099 3644/3795/4055
s 14
f 3658/3809/4101 3686/3810/4102 3687/3811/4103 3682/3812/4104
s 2
f 3645/3748/3994 3646/3751/3997 3695/3813/4105 3661/3814/4106
s 3
f 3661/3814/4107 3662/3815/4108 3657/3752/4000 3645/3748/3999
s 4
f 3656/3754/4002 3657/3752/4005 3662/3815/4109 3663/3816/4110
f 3685/3817/4111 3655/3757/4007 3656/3754/4002 3663/3816/4110
f 3653/3758/4112 3654/3761/4113 3664/3818/4114 3665/3819/4115
s 14
f 3648/3762/4116 3649/3765/4117 3681/3820/4118 3667/3821/4119
s 2
f 3647/3766/4016 3709/3769/4019 3714/3822/4120 3660/3823/4121
s 16
f 3668/3824/4122 3669/3881/4123 3712/3826/4124 3715/3861/4125
f 3696/3828/4126 3697/3829/4127 3670/3830/4128 3671/3831/4129
s off
f 3671/3831/4130 3670/3830/4131 3678/3832/4132 3679/3833/4133
s 17
f 3672/3834/4134 3673/3835/4135 3679/3833/4136 3678/3832/4137
f 3673/3835/4135 3672/3834/4134 3683/3836/4138 3684/3837/4139
f 3675/3838/4140 3674/3839/4141 3676/3840/4142 3677/3841/4143
s 18
f 3678/3832/4144 3698/3842/4145 3699/3843/4146 3672/3834/4147
f 3672/3834/4147 3699/3843/4146 3700/3844/4148 3683/3836/4149
f 3658/3871/4150 3680/3879/4151 3713/3846/4152 3710/3847/4153
f 3674/3839/4154 3701/3848/4155 3693/3849/4156 3676/3840/4157
s 2
f 3671/3831/4158 3661/3814/4106 3695/3813/4105 3696/3828/4159
s 3
f 3671/3831/4160 3679/3833/4161 3662/3815/4108 3661/3814/4107
s 4
f 3663/3816/4110 3662/3815/4109 3679/3833/4162 3673/3835/4163
f 3684/3837/4164 3685/3817/4111 3663/3816/4110 3673/3835/4163
f 3665/3819/4115 3664/3818/4114 3675/3838/4165 3677/3841/4166
s 2
f 3669/3881/4167 3660/3823/4121 3714/3822/4120 3712/3826/4168
s 18
f 3697/3829/4169 3698/3842/4145 3678/3832/4144 3670/3830/4170
s 14
f 3666/3850/4171 3681/3820/4118 3649/3765/4117 3650/3797/4172
f 3682/3812/4104 3687/3811/4103 3688/3851/4173 3659/3852/4174
s 18
f 3683/3836/4149 3700/3844/4148 3701/3848/4155 3674/3839/4154
s 17
f 3684/3837/4139 3683/3836/4138 3674/3839/4141 3675/3838/4140
s 4
f 3664/3818/4114 3685/3817/4111 3684/3837/4164 3675/3838/4165
f 3654/3761/4113 3655/3757/4007 3685/3817/4111 3664/3818/4114
s 11
f 3686/3810/4175 3716/3853/4176 3711/3854/4177 3667/3821/4178
s 14
f 3687/3811/4103 3686/3810/4102 3667/3821/4119 3681/3820/4118
f 3688/3851/4173 3687/3811/4103 3681/3820/4118 3666/3850/4171
s 20
f 3651/3802/4179 3652/3805/4180 3689/3855/4181 3690/3867/4182
f 3690/3867/4182 3689/3855/4181 3692/3857/4183 3691/3866/4184
f 3691/3866/4184 3692/3857/4183 3693/3849/4185 3694/3865/4186
s 21
f 3692/3857/4187 3677/3841/4188 3676/3840/4189 3693/3849/4190
s 14
f 3659/3852/4174 3688/3851/4173 3691/3858/4191 3694/3859/4192
s 21
f 3652/3805/4193 3653/3758/4194 3665/3819/4195 3689/3855/4196
s 14
f 3690/3856/4197 3666/3850/4171 3650/3797/4172 3651/3868/4198
f 3691/3858/4191 3688/3851/4173 3666/3850/4171 3690/3856/4197
s 21
f 3689/3855/4196 3665/3819/4195 3677/3841/4188 3692/3857/4187
s 2
f 3660/3823/4121 3695/3813/4105 3646/3751/3997 3647/3766/4016
f 3696/3828/4159 3695/3813/4105 3660/3823/4121 3669/3825/4167
s 16
f 3669/3825/4123 3668/3882/4122 3697/3829/4127 3696/3828/4126
s 18
f 3668/3882/4199 3680/3845/4151 3698/3842/4145 3697/3829/4169
f 3699/3843/4146 3698/3842/4145 3680/3845/4151 3658/3880/4150
f 3700/3844/4148 3699/3843/4146 3658/3880/4150 3682/3869/4200
f 3701/3848/4155 3700/3844/4148 3682/3869/4200 3659/3870/4201
f 3693/3849/4156 3701/3848/4155 3659/3870/4201 3694/3865/4202
s 11
f 3708/3801/4076 3702/3791/4203 3601/3744/4204 3629/3747/4073
s 8
f 3705/3864/4050 3707/3771/4205 3611/3770/4097 3623/3883/4051
s 11
f 3710/3862/4206 3716/3853/4176 3686/3810/4175 3658/3809/4207
f 3648/3762/4208 3667/3821/4178 3711/3854/4177 3716/3853/4209 3712/3826/4210 3714/3822/4211 3709/3769/4212 3706/3768/4213 3704/3772/4214 3707/3863/4215 3705/3792/4216 3702/3791/4217 3708/3801/4218 3703/3800/4075 3610/3763/4074
s 18
f 3715/3861/4219 3713/3846/4152 3680/3879/4151 3668/3824/4199
s 11
f 3712/3826/4210 3716/3853/4209 3710/3862/4220 3713/3860/4221 3715/3827/4222
g default
v 7.898350 1.258174 4.973036
v 7.891183 1.259484 -5.281869
v 0.200602 1.258170 5.010901
v 0.193413 1.259484 -5.276489
v 7.898372 0.856679 5.004099
v 7.891183 0.857993 -5.281920
v 0.200602 0.856678 5.009479
v 0.193413 0.857992 -5.276541
v 0.200399 1.258207 4.719733
v 7.898146 1.258211 4.682790
v 7.898168 0.856716 4.712970
v 0.200398 0.856715 4.718350
v 7.891375 1.259449 -5.008287
v 0.193605 1.259449 -5.002044
v 0.193605 0.857957 -5.002131
v 7.891375 0.857958 -5.007511
v 7.445236 1.259484 -5.281557
v 7.445428 1.259449 -5.007926
v 7.452200 1.258211 4.684931
v 7.452403 1.258174 4.975229
v 7.452424 0.856679 5.004411
v 7.452222 0.856716 4.713282
v 7.445427 0.857958 -5.007199
v 7.445236 0.857993 -5.281608
v 0.595266 1.259484 -5.276770
v 0.595457 1.259449 -5.002370
v 0.602250 1.258208 4.717805
v 0.602454 1.258170 5.008924
v 0.602454 0.856678 5.009198
v 0.602251 0.856715 4.718069
v 0.595458 0.857957 -5.002412
v 0.595266 0.857992 -5.276822
vt 0.530662 0.979541
vt 0.525485 0.698303
vt 0.525646 0.705457
vt 0.530531 0.972386
vt 0.535845 0.979446
vt 0.530669 0.698208
vt 0.715913 0.701971
vt 0.708765 0.702102
vt 0.708634 0.694948
vt 0.713786 0.976186
vt 0.535714 0.972292
vt 0.530829 0.705362
vt 0.528151 0.842496
vt 0.528574 0.835338
vt 0.533741 0.835243
vt 0.533334 0.842401
vt 0.703879 0.702192
vt 0.703748 0.695037
vt 0.706390 0.839230
vt 0.706274 0.832082
vt 0.711144 0.831993
vt 0.711275 0.839141
vt 0.708901 0.976275
vt 0.708770 0.969121
vt 0.706127 0.824143
vt 0.710999 0.824054
vt 0.533563 0.827304
vt 0.528395 0.827399
vt 0.528296 0.850435
vt 0.533480 0.850340
vt 0.706535 0.847170
vt 0.718147 0.823923
vt 0.713655 0.969031
vt 0.708503 0.687800
vt 0.715781 0.694817
vt 0.518499 0.705617
vt 0.521229 0.827558
vt 0.711421 0.847080
vt 0.521405 0.835497
vt 0.703617 0.687889
vt 0.530562 0.691060
vt 0.518338 0.698463
vt 0.525379 0.691154
vt 0.718292 0.831862
vn 0.002809 -0.001431 0.999995
vn 0.002809 -0.001431 0.999995
vn 0.002807 0.034550 0.999399
vn 0.002807 0.034550 0.999399
vn -1.000000 -0.000001 0.000699
vn -1.000000 -0.000001 0.000699
vn -1.000000 -0.000001 0.000698
vn -1.000000 -0.000001 0.000698
vn -0.000699 0.000126 -1.000000
vn -0.000699 0.000126 -1.000000
vn -0.000699 0.000127 -1.000000
vn -0.000699 0.000127 -1.000000
vn -0.000000 -1.000000 -0.000128
vn -0.000000 -1.000000 -0.000128
vn -0.000000 -1.000000 -0.000128
vn -0.000000 -1.000000 -0.000128
vn 0.000000 1.000000 0.000128
vn 0.000000 1.000000 0.000128
vn 0.000000 1.000000 0.000128
vn 0.000000 1.000000 0.000128
vn 1.000000 0.000001 -0.000703
vn 1.000000 0.000001 -0.000703
vn 1.000000 0.000001 -0.000699
vn 1.000000 0.000001 -0.000699
vn 0.000000 1.000000 0.000127
vn 0.000000 1.000000 0.000127
vn 0.000000 1.000000 0.000128
vn 0.000000 1.000000 0.000128
vn 1.000000 0.000001 -0.000699
vn 1.000000 0.000001 -0.000699
vn 1.000000 0.000001 -0.000701
vn 1.000000 0.000001 -0.000701
vn -0.000000 -1.000000 -0.000128
vn -0.000000 -1.000000 -0.000128
vn -0.000000 -1.000000 -0.000128
vn -0.000000 -1.000000 -0.000127
vn -1.000000 -0.000001 0.000699
vn -1.000000 -0.000001 0.000699
vn -1.000000 -0.000001 0.000699
vn -1.000000 -0.000001 0.000699
vn 0.000000 1.000000 0.000128
vn 0.000000 1.000000 0.000127
vn -0.000000 1.000000 0.000127
vn 0.000000 1.000000 0.000128
vn 0.000000 1.000000 0.000128
vn 0.000000 1.000000 0.000128
vn 0.000000 1.000000 0.000128
vn 0.000000 1.000000 0.000128
vn 0.002807 0.038997 0.999235
vn 0.002807 0.038997 0.999235
vn 0.002800 0.074817 0.997193
vn 0.002800 0.074817 0.997193
vn -0.000000 -1.000000 -0.000128
vn -0.000000 -1.000000 -0.000128
vn -0.000000 -1.000000 -0.000128
vn -0.000000 -1.000000 -0.000128
vn -0.000000 -1.000000 -0.000128
vn -0.000000 -1.000000 -0.000128
vn -0.000000 -1.000000 -0.000128
vn 0.000000 -1.000000 -0.000128
vn -0.000699 0.000127 -1.000000
vn -0.000699 0.000126 -1.000000
vn -0.000699 0.000126 -1.000000
vn -0.000699 0.000127 -1.000000
s 1
g group2 locator1 pCube1 Book_L
f 3723/3928/4223 3719/3888/4224 3744/3889/4225 3745/3922/4226
s 2
f 3728/3927/4227 3725/3892/4228 3719/3888/4229 3723/3929/4230
s 3
f 3748/3893/4231 3741/3894/4232 3720/3895/4233 3724/3921/4234
s 4
f 3723/3887/4235 3745/3890/4236 3746/3897/4237 3728/3891/4238
s 5
f 3725/3892/4239 3743/3898/4240 3744/3889/4241 3719/3888/4242
s 6
f 3721/3899/4243 3717/3900/4244 3726/3901/4245 3727/3902/4246
s 5
f 3720/3895/4247 3741/3894/4248 3742/3903/4249 3730/3904/4250
s 6
f 3732/3905/4251 3729/3906/4252 3718/3907/4253 3722/3908/4254
s 4
f 3731/3909/4255 3747/3910/4256 3748/3919/4257 3724/3896/4258
s 2
f 3724/3920/4259 3720/3895/4260 3730/3904/4261 3731/3926/4262
s 5
f 3730/3904/4250 3742/3903/4249 3743/3898/4240 3725/3892/4239
s 2
f 3731/3926/4262 3730/3904/4261 3725/3892/4228 3728/3927/4227
s 4
f 3728/3891/4238 3746/3897/4237 3747/3910/4256 3731/3909/4255
s 6
f 3727/3902/4246 3726/3901/4245 3729/3906/4252 3732/3905/4251
s 5
f 3734/3911/4263 3733/3912/4264 3718/3907/4265 3729/3906/4266
f 3735/3913/4267 3734/3911/4263 3729/3906/4266 3726/3901/4268
f 3736/3914/4269 3735/3913/4267 3726/3901/4268 3717/3900/4270
s 1
f 3737/3923/4271 3736/3914/4272 3717/3900/4273 3721/3925/4274
s 4
f 3738/3916/4275 3737/3915/4276 3721/3899/4277 3727/3902/4278
f 3739/3917/4279 3738/3916/4275 3727/3902/4278 3732/3905/4280
f 3740/3924/4281 3739/3917/4279 3732/3905/4280 3722/3908/4282
s 3
f 3718/3907/4283 3733/3912/4284 3740/3918/4285 3722/3930/4286
s 5
f 3742/3903/4249 3741/3894/4248 3733/3912/4264 3734/3911/4263
f 3743/3898/4240 3742/3903/4249 3734/3911/4263 3735/3913/4267
f 3744/3889/4241 3743/3898/4240 3735/3913/4267 3736/3914/4269
s 1
f 3745/3922/4226 3744/3889/4225 3736/3914/4272 3737/3923/4271
s 4
f 3746/3897/4237 3745/3890/4236 3737/3915/4276 3738/3916/4275
f 3747/3910/4256 3746/3897/4237 3738/3916/4275 3739/3917/4279
f 3748/3919/4257 3747/3910/4256 3739/3917/4279 3740/3924/4281
s 3
f 3740/3918/4285 3733/3912/4284 3741/3894/4232 3748/3893/4231
g default
v 7.866543 0.839661 4.836221
v 7.067885 0.839174 4.836882
v 6.269226 0.838686 4.837542
v 5.470568 0.838198 4.838202
v 4.671909 0.837711 4.838862
v 3.873251 0.837223 4.839522
v 3.074592 0.836736 4.840182
v 2.275934 0.836248 4.840842
v 1.477276 0.835760 4.841502
v 0.678617 0.835273 4.842162
v -0.120041 0.834785 4.842822
v 7.865709 0.839083 3.826205
v 7.067050 0.838595 3.826865
v 6.268392 0.838108 3.827525
v 5.469733 0.837620 3.828186
v 4.671075 0.837133 3.828846
v 3.872417 0.836645 3.829506
v 3.073758 0.836157 3.830166
v 2.275100 0.835670 3.830826
v 1.476441 0.835182 3.831486
v 0.677783 0.834695 3.832146
v -0.120876 0.834207 3.832806
v 7.864874 0.838505 2.816189
v 7.066216 0.838017 2.816849
v 6.267557 0.837530 2.817509
v 5.468899 0.837042 2.818169
v 4.670240 0.836554 2.818829
v 3.871582 0.836067 2.819490
v 3.072923 0.835579 2.820150
v 2.274265 0.835092 2.820810
v 1.475607 0.834604 2.821470
v 0.676948 0.834116 2.822130
v -0.121710 0.833629 2.822790
v 7.864040 0.837927 1.806172
v 7.065381 0.837439 1.806833
v 6.266723 0.836951 1.807493
v 5.468064 0.836464 1.808153
v 4.669406 0.835976 1.808813
v 3.870748 0.835489 1.809473
v 3.072089 0.835001 1.810133
v 2.273431 0.834513 1.810793
v 1.474772 0.834026 1.811453
v 0.676114 0.833538 1.812113
v -0.122544 0.833051 1.812773
v 7.863205 0.837348 0.796156
v 7.064547 0.836861 0.796816
v 6.265889 0.836373 0.797476
v 5.467230 0.835886 0.798137
v 4.668572 0.835398 0.798797
v 3.869913 0.834910 0.799457
v 3.071255 0.834423 0.800117
v 2.272596 0.833935 0.800777
v 1.473938 0.833448 0.801437
v 0.675279 0.832960 0.802097
v -0.123379 0.832472 0.802757
v 7.862371 0.836770 -0.213860
v 7.063713 0.836283 -0.213200
v 6.265054 0.835795 -0.212540
v 5.466396 0.835307 -0.211880
v 4.667737 0.834820 -0.211220
v 3.869079 0.834332 -0.210559
v 3.070420 0.833845 -0.209899
v 2.271762 0.833357 -0.209239
v 1.473103 0.832869 -0.208579
v 0.674445 0.832382 -0.207919
v -0.124213 0.831894 -0.207259
v 7.861536 0.836192 -1.223876
v 7.062878 0.835704 -1.223216
v 6.264220 0.835217 -1.222556
v 5.465561 0.834729 -1.221896
v 4.666903 0.834242 -1.221236
v 3.868244 0.833754 -1.220576
v 3.069586 0.833266 -1.219916
v 2.270928 0.832779 -1.219256
v 1.472269 0.832291 -1.218596
v 0.673610 0.831804 -1.217936
v -0.125048 0.831316 -1.217275
v 7.860702 0.835614 -2.233892
v 7.062044 0.835126 -2.233232
v 6.263385 0.834639 -2.232572
v 5.464727 0.834151 -2.231912
v 4.666068 0.833663 -2.231252
v 3.867410 0.833176 -2.230592
v 3.068751 0.832688 -2.229932
v 2.270093 0.832201 -2.229272
v 1.471435 0.831713 -2.228612
v 0.672776 0.831225 -2.227951
v -0.125882 0.830738 -2.227291
v 7.859868 0.835036 -3.243909
v 7.061209 0.834548 -3.243249
v 6.262551 0.834060 -3.242589
v 5.463892 0.833573 -3.241929
v 4.665234 0.833085 -3.241268
v 3.866575 0.832598 -3.240608
v 3.067917 0.832110 -3.239948
v 2.269259 0.831622 -3.239288
v 1.470600 0.831135 -3.238628
v 0.671942 0.830647 -3.237968
v -0.126717 0.830160 -3.237308
v 7.859033 0.834457 -4.253925
v 7.060375 0.833970 -4.253265
v 6.261716 0.833482 -4.252605
v 5.463058 0.832995 -4.251945
v 4.664399 0.832507 -4.251285
v 3.865741 0.832019 -4.250625
v 3.067082 0.831532 -4.249965
v 2.268424 0.831044 -4.249305
v 1.469766 0.830557 -4.248645
v 0.671107 0.830069 -4.247985
v -0.127551 0.829581 -4.247324
v 7.858199 0.833879 -5.263941
v 7.059540 0.833392 -5.263281
v 6.260882 0.832904 -5.262621
v 5.462223 0.832416 -5.261961
v 4.663565 0.831929 -5.261301
v 3.864907 0.831441 -5.260641
v 3.066248 0.830954 -5.259981
v 2.267590 0.830466 -5.259321
v 1.468931 0.829978 -5.258661
v 0.670273 0.829491 -5.258000
v -0.128385 0.829003 -5.257340
vt 0.000000 0.000000
vt 0.100000 0.000000
vt 0.200000 0.000000
vt 0.300000 0.000000
vt 0.400000 0.000000
vt 0.500000 0.000000
vt 0.600000 0.000000
vt 0.700000 0.000000
vt 0.800000 0.000000
vt 0.900000 0.000000
vt 1.000000 0.000000
vt 0.000000 0.100000
vt 0.100000 0.100000
vt 0.200000 0.100000
vt 0.300000 0.100000
vt 0.400000 0.100000
vt 0.500000 0.100000
vt 0.600000 0.100000
vt 0.700000 0.100000
vt 0.800000 0.100000
vt 0.900000 0.100000
vt 1.000000 0.100000
vt 0.000000 0.200000
vt 0.100000 0.200000
vt 0.200000 0.200000
vt 0.300000 0.200000
vt 0.400000 0.200000
vt 0.500000 0.200000
vt 0.600000 0.200000
vt 0.700000 0.200000
vt 0.800000 0.200000
vt 0.900000 0.200000
vt 1.000000 0.200000
vt 0.000000 0.300000
vt 0.100000 0.300000
vt 0.200000 0.300000
vt 0.300000 0.300000
vt 0.400000 0.300000
vt 0.500000 0.300000
vt 0.600000 0.300000
vt 0.700000 0.300000
vt 0.800000 0.300000
vt 0.900000 0.300000
vt 1.000000 0.300000
vt 0.000000 0.400000
vt 0.100000 0.400000
vt 0.200000 0.400000
vt 0.300000 0.400000
vt 0.400000 0.400000
vt 0.500000 0.400000
vt 0.600000 0.400000
vt 0.700000 0.400000
vt 0.800000 0.400000
vt 0.900000 0.400000
vt 1.000000 0.400000
vt 0.000000 0.500000
vt 0.100000 0.500000
vt 0.200000 0.500000
vt 0.300000 0.500000
vt 0.400000 0.500000
vt 0.500000 0.500000
vt 0.600000 0.500000
vt 0.700000 0.500000
vt 0.800000 0.500000
vt 0.900000 0.500000
vt 1.000000 0.500000
vt 0.000000 0.600000
vt 0.100000 0.600000
vt 0.200000 0.600000
vt 0.300000 0.600000
vt 0.400000 0.600000
vt 0.500000 0.600000
vt 0.600000 0.600000
vt 0.700000 0.600000
vt 0.800000 0.600000
vt 0.900000 0.600000
vt 1.000000 0.600000
vt 0.000000 0.700000
vt 0.100000 0.700000
vt 0.200000 0.700000
vt 0.300000 0.700000
vt 0.400000 0.700000
vt 0.500000 0.700000
vt 0.600000 0.700000
vt 0.700000 0.700000
vt 0.800000 0.700000
vt 0.900000 0.700000
vt 1.000000 0.700000
vt 0.000000 0.800000
vt 0.100000 0.800000
vt 0.200000 0.800000
vt 0.300000 0.800000
vt 0.400000 0.800000
vt 0.500000 0.800000
vt 0.600000 0.800000
vt 0.700000 0.800000
vt 0.800000 0.800000
vt 0.900000 0.800000
vt 1.000000 0.800000
vt 0.000000 0.900000
vt 0.100000 0.900000
vt 0.200000 0.900000
vt 0.300000 0.900000
vt 0.400000 0.900000
vt 0.500000 0.900000
vt 0.600000 0.900000
vt 0.700000 0.900000
vt 0.800000 0.900000
vt 0.900000 0.900000
vt 1.000000 0.900000
vt 0.000000 1.000000
vt 0.100000 1.000000
vt 0.200000 1.000000
vt 0.300000 1.000000
vt 0.400000 1.000000
vt 0.500000 1.000000
vt 0.600000 1.000000
vt 0.700000 1.000000
vt 0.800000 1.000000
vt 0.900000 1.000000
vt 1.000000 1.000000
vn 0.000611 -1.000000 0.000572
vn 0.000611 -1.000000 0.000572
vn 0.000611 -1.000000 0.000572
vn 0.000611 -1.000000 0.000572
vn 0.000611 -1.000000 0.000572
vn 0.000611 -1.000000 0.000572
vn 0.000611 -1.000000 0.000572
vn 0.000611 -1.000000 0.000572
vn 0.000611 -1.000000 0.000572
vn 0.000611 -1.000000 0.000572
vn 0.000611 -1.000000 0.000572
vn 0.000611 -1.000000 0.000572
vn 0.000611 -1.000000 0.000572
vn 0.000611 -1.000000 0.000572
vn 0.000611 -1.000000 0.000572
vn 0.000611 -1.000000 0.000572
vn 0.000611 -1.000000 0.000572
vn 0.000611 -1.000000 0.000572
vn 0.000611 -1.000000 0.000572
vn 0.000611 -1.000000 0.000572
vn 0.000611 -1.000000 0.000572
vn 0.000611 -1.000000 0.000572
vn 0.000611 -1.000000 0.000572
vn 0.000611 -1.000000 0.000572
vn 0.000611 -1.000000 0.000572
vn 0.000611 -1.000000 0.000572
vn 0.000611 -1.000000 0.000572
vn 0.000611 -1.000000 0.000572
vn 0.000611 -1.000000 0.000572
vn 0.000611 -1.000000 0.000572
vn 0.000611 -1.000000 0.000572
vn 0.000611 -1.000000 0.000572
vn 0.000611 -1.000000 0.000572
vn 0.000611 -1.000000 0.000572
vn 0.000611 -1.000000 0.000572
vn 0.000611 -1.000000 0.000572
vn 0.000611 -1.000000 0.000572
vn 0.000611 -1.000000 0.000572
vn 0.000611 -1.000000 0.000572
vn 0.000611 -1.000000 0.000572
vn 0.000611 -1.000000 0.000572
vn 0.000611 -1.000000 0.000572
vn 0.000611 -1.000000 0.000572
vn 0.000611 -1.000000 0.000572
vn 0.000611 -1.000000 0.000572
vn 0.000611 -1.000000 0.000572
vn 0.000611 -1.000000 0.000572
vn 0.000611 -1.000000 0.000572
vn 0.000611 -1.000000 0.000572
vn 0.000611 -1.000000 0.000572
vn 0.000611 -1.000000 0.000572
vn 0.000611 -1.000000 0.000572
vn 0.000611 -1.000000 0.000572
vn 0.000611 -1.000000 0.000572
vn 0.000611 -1.000000 0.000572
vn 0.000611 -1.000000 0.000572
vn 0.000611 -1.000000 0.000572
vn 0.000611 -1.000000 0.000572
vn 0.000611 -1.000000 0.000572
vn 0.000611 -1.000000 0.000572
vn 0.000611 -1.000000 0.000572
vn 0.000611 -1.000000 0.000572
vn 0.000611 -1.000000 0.000572
vn 0.000611 -1.000000 0.000572
vn 0.000611 -1.000000 0.000572
vn 0.000611 -1.000000 0.000572
vn 0.000611 -1.000000 0.000572
vn 0.000611 -1.000000 0.000572
vn 0.000611 -1.000000 0.000572
vn 0.000611 -1.000000 0.000572
vn 0.000611 -1.000000 0.000572
vn 0.000611 -1.000000 0.000572
vn 0.000611 -1.000000 0.000572
vn 0.000611 -1.000000 0.000572
vn 0.000611 -1.000000 0.000572
vn 0.000611 -1.000000 0.000572
vn 0.000611 -1.000000 0.000572
vn 0.000611 -1.000000 0.000572
vn 0.000611 -1.000000 0.000572
vn 0.000611 -1.000000 0.000572
vn 0.000611 -1.000000 0.000572
vn 0.000611 -1.000000 0.000572
vn 0.000611 -1.000000 0.000572
vn 0.000611 -1.000000 0.000572
vn 0.000611 -1.000000 0.000572
vn 0.000611 -1.000000 0.000572
vn 0.000611 -1.000000 0.000572
vn 0.000611 -1.000000 0.000572
vn 0.000611 -1.000000 0.000572
vn 0.000611 -1.000000 0.000572
vn 0.000611 -1.000000 0.000572
vn 0.000611 -1.000000 0.000572
vn 0.000611 -1.000000 0.000572
vn 0.000611 -1.000000 0.000572
vn 0.000611 -1.000000 0.000572
vn 0.000611 -1.000000 0.000572
vn 0.000611 -1.000000 0.000572
vn 0.000611 -1.000000 0.000572
vn 0.000611 -1.000000 0.000572
vn 0.000611 -1.000000 0.000572
vn 0.000611 -1.000000 0.000572
vn 0.000611 -1.000000 0.000572
vn 0.000611 -1.000000 0.000572
vn 0.000611 -1.000000 0.000572
vn 0.000611 -1.000000 0.000572
vn 0.000611 -1.000000 0.000572
vn 0.000611 -1.000000 0.000572
vn 0.000611 -1.000000 0.000572
vn 0.000611 -1.000000 0.000572
vn 0.000611 -1.000000 0.000572
vn 0.000611 -1.000000 0.000572
vn 0.000611 -1.000000 0.000572
vn 0.000611 -1.000000 0.000572
vn 0.000611 -1.000000 0.000572
vn 0.000611 -1.000000 0.000572
vn 0.000611 -1.000000 0.000572
vn 0.000611 -1.000000 0.000572
vn 0.000611 -1.000000 0.000572
vn 0.000611 -1.000000 0.000572
vn 0.000611 -1.000000 0.000572
vn 0.000611 -1.000000 0.000572
s 1
g group2 locator1 pPlane1 pCube1 Book_L
f 3749/3931/4287 3750/3932/4288 3761/3943/4289 3760/3942/4290
f 3750/3932/4288 3751/3933/4291 3762/3944/4292 3761/3943/4289
f 3751/3933/4291 3752/3934/4293 3763/3945/4294 3762/3944/4292
f 3752/3934/4293 3753/3935/4295 3764/3946/4296 3763/3945/4294
f 3753/3935/4295 3754/3936/4297 3765/3947/4298 3764/3946/4296
f 3754/3936/4297 3755/3937/4299 3766/3948/4300 3765/3947/4298
f 3755/3937/4299 3756/3938/4301 3767/3949/4302 3766/3948/4300
f 3756/3938/4301 3757/3939/4303 3768/3950/4304 3767/3949/4302
f 3757/3939/4303 3758/3940/4305 3769/3951/4306 3768/3950/4304
f 3758/3940/4305 3759/3941/4307 3770/3952/4308 3769/3951/4306
f 3760/3942/4290 3761/3943/4289 3772/3954/4309 3771/3953/4310
f 3761/3943/4289 3762/3944/4292 3773/3955/4311 3772/3954/4309
f 3762/3944/4292 3763/3945/4294 3774/3956/4312 3773/3955/4311
f 3763/3945/4294 3764/3946/4296 3775/3957/4313 3774/3956/4312
f 3764/3946/4296 3765/3947/4298 3776/3958/4314 3775/3957/4313
f 3765/3947/4298 3766/3948/4300 3777/3959/4315 3776/3958/4314
f 3766/3948/4300 3767/3949/4302 3778/3960/4316 3777/3959/4315
f 3767/3949/4302 3768/3950/4304 3779/3961/4317 3778/3960/4316
f 3768/3950/4304 3769/3951/4306 3780/3962/4318 3779/3961/4317
f 3769/3951/4306 3770/3952/4308 3781/3963/4319 3780/3962/4318
f 3771/3953/4310 3772/3954/4309 3783/3965/4320 3782/3964/4321
f 3772/3954/4309 3773/3955/4311 3784/3966/4322 3783/3965/4320
f 3773/3955/4311 3774/3956/4312 3785/3967/4323 3784/3966/4322
f 3774/3956/4312 3775/3957/4313 3786/3968/4324 3785/3967/4323
f 3775/3957/4313 3776/3958/4314 3787/3969/4325 3786/3968/4324
f 3776/3958/4314 3777/3959/4315 3788/3970/4326 3787/3969/4325
f 3777/3959/4315 3778/3960/4316 3789/3971/4327 3788/3970/4326
f 3778/3960/4316 3779/3961/4317 3790/3972/4328 3789/3971/4327
f 3779/3961/4317 3780/3962/4318 3791/3973/4329 3790/3972/4328
f 3780/3962/4318 3781/3963/4319 3792/3974/4330 3791/3973/4329
f 3782/3964/4321 3783/3965/4320 3794/3976/4331 3793/3975/4332
f 3783/3965/4320 3784/3966/4322 3795/3977/4333 3794/3976/4331
f 3784/3966/4322 3785/3967/4323 3796/3978/4334 3795/3977/4333
f 3785/3967/4323 3786/3968/4324 3797/3979/4335 3796/3978/4334
f 3786/3968/4324 3787/3969/4325 3798/3980/4336 3797/3979/4335
f 3787/3969/4325 3788/3970/4326 3799/3981/4337 3798/3980/4336
f 3788/3970/4326 3789/3971/4327 3800/3982/4338 3799/3981/4337
f 3789/3971/4327 3790/3972/4328 3801/3983/4339 3800/3982/4338
f 3790/3972/4328 3791/3973/4329 3802/3984/4340 3801/3983/4339
f 3791/3973/4329 3792/3974/4330 3803/3985/4341 3802/3984/4340
f 3793/3975/4332 3794/3976/4331 3805/3987/4342 3804/3986/4343
f 3794/3976/4331 3795/3977/4333 3806/3988/4344 3805/3987/4342
f 3795/3977/4333 3796/3978/4334 3807/3989/4345 3806/3988/4344
f 3796/3978/4334 3797/3979/4335 3808/3990/4346 3807/3989/4345
f 3797/3979/4335 3798/3980/4336 3809/3991/4347 3808/3990/4346
f 3798/3980/4336 3799/3981/4337 3810/3992/4348 3809/3991/4347
f 3799/3981/4337 3800/3982/4338 3811/3993/4349 3810/3992/4348
f 3800/3982/4338 3801/3983/4339 3812/3994/4350 3811/3993/4349
f 3801/3983/4339 3802/3984/4340 3813/3995/4351 3812/3994/4350
f 3802/3984/4340 3803/3985/4341 3814/3996/4352 3813/3995/4351
f 3804/3986/4343 3805/3987/4342 3816/3998/4353 3815/3997/4354
f 3805/3987/4342 3806/3988/4344 3817/3999/4355 3816/3998/4353
f 3806/3988/4344 3807/3989/4345 3818/4000/4356 3817/3999/4355
f 3807/3989/4345 3808/3990/4346 3819/4001/4357 3818/4000/4356
f 3808/3990/4346 3809/3991/4347 3820/4002/4358 3819/4001/4357
f 3809/3991/4347 3810/3992/4348 3821/4003/4359 3820/4002/4358
f 3810/3992/4348 3811/3993/4349 3822/4004/4360 3821/4003/4359
f 3811/3993/4349 3812/3994/4350 3823/4005/4361 3822/4004/4360
f 3812/3994/4350 3813/3995/4351 3824/4006/4362 3823/4005/4361
f 3813/3995/4351 3814/3996/4352 3825/4007/4363 3824/4006/4362
f 3815/3997/4354 3816/3998/4353 3827/4009/4364 3826/4008/4365
f 3816/3998/4353 3817/3999/4355 3828/4010/4366 3827/4009/4364
f 3817/3999/4355 3818/4000/4356 3829/4011/4367 3828/4010/4366
f 3818/4000/4356 3819/4001/4357 3830/4012/4368 3829/4011/4367
f 3819/4001/4357 3820/4002/4358 3831/4013/4369 3830/4012/4368
f 3820/4002/4358 3821/4003/4359 3832/4014/4370 3831/4013/4369
f 3821/4003/4359 3822/4004/4360 3833/4015/4371 3832/4014/4370
f 3822/4004/4360 3823/4005/4361 3834/4016/4372 3833/4015/4371
f 3823/4005/4361 3824/4006/4362 3835/4017/4373 3834/4016/4372
f 3824/4006/4362 3825/4007/4363 3836/4018/4374 3835/4017/4373
f 3826/4008/4365 3827/4009/4364 3838/4020/4375 3837/4019/4376
f 3827/4009/4364 3828/4010/4366 3839/4021/4377 3838/4020/4375
f 3828/4010/4366 3829/4011/4367 3840/4022/4378 3839/4021/4377
f 3829/4011/4367 3830/4012/4368 3841/4023/4379 3840/4022/4378
f 3830/4012/4368 3831/4013/4369 3842/4024/4380 3841/4023/4379
f 3831/4013/4369 3832/4014/4370 3843/4025/4381 3842/4024/4380
f 3832/4014/4370 3833/4015/4371 3844/4026/4382 3843/4025/4381
f 3833/4015/4371 3834/4016/4372 3845/4027/4383 3844/4026/4382
f 3834/4016/4372 3835/4017/4373 3846/4028/4384 3845/4027/4383
f 3835/4017/4373 3836/4018/4374 3847/4029/4385 3846/4028/4384
f 3837/4019/4376 3838/4020/4375 3849/4031/4386 3848/4030/4387
f 3838/4020/4375 3839/4021/4377 3850/4032/4388 3849/4031/4386
f 3839/4021/4377 3840/4022/4378 3851/4033/4389 3850/4032/4388
f 3840/4022/4378 3841/4023/4379 3852/4034/4390 3851/4033/4389
f 3841/4023/4379 3842/4024/4380 3853/4035/4391 3852/4034/4390
f 3842/4024/4380 3843/4025/4381 3854/4036/4392 3853/4035/4391
f 3843/4025/4381 3844/4026/4382 3855/4037/4393 3854/4036/4392
f 3844/4026/4382 3845/4027/4383 3856/4038/4394 3855/4037/4393
f 3845/4027/4383 3846/4028/4384 3857/4039/4395 3856/4038/4394
f 3846/4028/4384 3847/4029/4385 3858/4040/4396 3857/4039/4395
f 3848/4030/4387 3849/4031/4386 3860/4042/4397 3859/4041/4398
f 3849/4031/4386 3850/4032/4388 3861/4043/4399 3860/4042/4397
f 3850/4032/4388 3851/4033/4389 3862/4044/4400 3861/4043/4399
f 3851/4033/4389 3852/4034/4390 3863/4045/4401 3862/4044/4400
f 3852/4034/4390 3853/4035/4391 3864/4046/4402 3863/4045/4401
f 3853/4035/4391 3854/4036/4392 3865/4047/4403 3864/4046/4402
f 3854/4036/4392 3855/4037/4393 3866/4048/4404 3865/4047/4403
f 3855/4037/4393 3856/4038/4394 3867/4049/4405 3866/4048/4404
f 3856/4038/4394 3857/4039/4395 3868/4050/4406 3867/4049/4405
f 3857/4039/4395 3858/4040/4396 3869/4051/4407 3868/4050/4406
g default
v 0.352564 0.779873 2.206622
v 1.053532 0.785408 2.208303
v 1.754500 0.790944 2.209984
v 2.455467 0.796479 2.211666
v 3.156435 0.802015 2.213347
v 3.857403 0.807551 2.215029
v 4.558370 0.813086 2.216710
v 5.259338 0.818622 2.218392
v 5.960306 0.824157 2.220073
v 6.661273 0.829693 2.221755
v 7.362241 0.835228 2.223436
v 0.353396 0.779485 1.509136
v 1.054364 0.785020 1.510817
v 1.755332 0.790556 1.512499
v 2.456299 0.796091 1.514180
v 3.157267 0.801627 1.515862
v 3.858235 0.807162 1.517543
v 4.559203 0.812698 1.519225
v 5.260170 0.818233 1.520906
v 5.961138 0.823769 1.522588
v 6.662106 0.829305 1.524269
v 7.363073 0.834840 1.525951
v 0.354229 0.779096 0.811650
v 1.055196 0.784632 0.813331
v 1.756164 0.790168 0.815013
v 2.457132 0.795703 0.816694
v 3.158099 0.801239 0.818376
v 3.859067 0.806774 0.820057
v 4.560035 0.812310 0.821739
v 5.261002 0.817845 0.823420
v 5.961970 0.823381 0.825102
v 6.662938 0.828916 0.826783
v 7.363905 0.834452 0.828465
v 0.355061 0.778708 0.114164
v 1.056028 0.784244 0.115845
v 1.756996 0.789779 0.117527
v 2.457964 0.795315 0.119208
v 3.158931 0.800850 0.120890
v 3.859899 0.806386 0.122571
v 4.560867 0.811922 0.124253
v 5.261834 0.817457 0.125934
v 5.962802 0.822993 0.127616
v 6.663770 0.828528 0.129297
v 7.364737 0.834064 0.130979
v 0.355893 0.778320 -0.583322
v 1.056860 0.783856 -0.581640
v 1.757828 0.789391 -0.579959
v 2.458796 0.794927 -0.578277
v 3.159763 0.800462 -0.576596
v 3.860731 0.805998 -0.574914
v 4.561699 0.811533 -0.573233
v 5.262666 0.817069 -0.571551
v 5.963634 0.822604 -0.569870
v 6.664602 0.828140 -0.568188
v 7.365569 0.833676 -0.566507
v 0.356725 0.777932 -1.280808
v 1.057692 0.783467 -1.279126
v 1.758660 0.789003 -1.277445
v 2.459628 0.794539 -1.275763
v 3.160596 0.800074 -1.274082
v 3.861563 0.805610 -1.272400
v 4.562531 0.811145 -1.270719
v 5.263498 0.816681 -1.269037
v 5.964466 0.822216 -1.267356
v 6.665434 0.827752 -1.265674
v 7.366401 0.833287 -1.263993
v 0.357557 0.777544 -1.978294
v 1.058525 0.783079 -1.976612
v 1.759492 0.788615 -1.974931
v 2.460460 0.794150 -1.973249
v 3.161428 0.799686 -1.971568
v 3.862395 0.805221 -1.969886
v 4.563363 0.810757 -1.968205
v 5.264330 0.816293 -1.966523
v 5.965298 0.821828 -1.964842
v 6.666266 0.827364 -1.963160
v 7.367234 0.832899 -1.961479
v 0.358389 0.777156 -2.675779
v 1.059357 0.782691 -2.674098
v 1.760324 0.788227 -2.672416
v 2.461292 0.793762 -2.670735
v 3.162260 0.799298 -2.669053
v 3.863227 0.804833 -2.667372
v 4.564195 0.810369 -2.665690
v 5.265163 0.815904 -2.664009
v 5.966130 0.821440 -2.662327
v 6.667098 0.826976 -2.660646
v 7.368066 0.832511 -2.658964
v 0.359221 0.776767 -3.373265
v 1.060189 0.782303 -3.371584
v 1.761156 0.787838 -3.369902
v 2.462124 0.793374 -3.368221
v 3.163092 0.798910 -3.366539
v 3.864059 0.804445 -3.364858
v 4.565027 0.809981 -3.363176
v 5.265995 0.815516 -3.361495
v 5.966963 0.821052 -3.359813
v 6.667930 0.826587 -3.358132
v 7.368898 0.832123 -3.356450
v 0.360053 0.776379 -4.070751
v 1.061021 0.781915 -4.069070
v 1.761989 0.787450 -4.067388
v 2.462956 0.792986 -4.065707
v 3.163924 0.798521 -4.064025
v 3.864892 0.804057 -4.062344
v 4.565859 0.809593 -4.060662
v 5.266827 0.815128 -4.058981
v 5.967795 0.820664 -4.057299
v 6.668762 0.826199 -4.055618
v 7.369730 0.831735 -4.053936
v 0.360885 0.775991 -4.768237
v 1.061853 0.781527 -4.766555
v 1.762821 0.787062 -4.764874
v 2.463788 0.792598 -4.763192
v 3.164756 0.798133 -4.761511
v 3.865724 0.803669 -4.759829
v 4.566692 0.809204 -4.758148
v 5.267659 0.814740 -4.756466
v 5.968627 0.820275 -4.754785
v 6.669595 0.825811 -4.753103
v 7.370562 0.831347 -4.751422
vt 0.999531 1.000469
vt 0.899531 1.000375
vt 0.799531 1.000281
vt 0.699531 1.000187
vt 0.599531 1.000094
vt 0.499531 1.000000
vt 0.399531 0.999906
vt 0.299531 0.999812
vt 0.199531 0.999719
vt 0.099531 0.999625
vt -0.000469 0.999531
vt 0.999625 0.900469
vt 0.899625 0.900375
vt 0.799625 0.900281
vt 0.699625 0.900187
vt 0.599625 0.900094
vt 0.499625 0.900000
vt 0.399625 0.899906
vt 0.299625 0.899812
vt 0.199625 0.899719
vt 0.099625 0.899625
vt -0.000375 0.899531
vt 0.999719 0.800469
vt 0.899719 0.800375
vt 0.799719 0.800281
vt 0.699719 0.800187
vt 0.599719 0.800094
vt 0.499719 0.800000
vt 0.399719 0.799906
vt 0.299719 0.799812
vt 0.199719 0.799719
vt 0.099719 0.799625
vt -0.000281 0.799531
vt 0.999812 0.700469
vt 0.899812 0.700375
vt 0.799812 0.700281
vt 0.699812 0.700187
vt 0.599812 0.700094
vt 0.499812 0.700000
vt 0.399812 0.699906
vt 0.299813 0.699812
vt 0.199813 0.699719
vt 0.099813 0.699625
vt -0.000187 0.699531
vt 0.999906 0.600469
vt 0.899906 0.600375
vt 0.799906 0.600281
vt 0.699906 0.600187
vt 0.599906 0.600094
vt 0.499906 0.600000
vt 0.399906 0.599906
vt 0.299906 0.599812
vt 0.199906 0.599719
vt 0.099906 0.599625
vt -0.000094 0.599531
vt 1.000000 0.500469
vt 0.900000 0.500375
vt 0.800000 0.500281
vt 0.700000 0.500188
vt 0.600000 0.500094
vt 0.500000 0.500000
vt 0.400000 0.499906
vt 0.300000 0.499812
vt 0.200000 0.499719
vt 0.100000 0.499625
vt 0.000000 0.499531
vt 1.000094 0.400469
vt 0.900094 0.400375
vt 0.800094 0.400281
vt 0.700094 0.400188
vt 0.600094 0.400094
vt 0.500094 0.400000
vt 0.400094 0.399906
vt 0.300094 0.399812
vt 0.200094 0.399719
vt 0.100094 0.399625
vt 0.000094 0.399531
vt 1.000187 0.300469
vt 0.900187 0.300375
vt 0.800187 0.300281
vt 0.700187 0.300188
vt 0.600187 0.300094
vt 0.500188 0.300000
vt 0.400188 0.299906
vt 0.300188 0.299813
vt 0.200188 0.299719
vt 0.100188 0.299625
vt 0.000188 0.299531
vt 1.000281 0.200469
vt 0.900281 0.200375
vt 0.800281 0.200281
vt 0.700281 0.200188
vt 0.600281 0.200094
vt 0.500281 0.200000
vt 0.400281 0.199906
vt 0.300281 0.199813
vt 0.200281 0.199719
vt 0.100281 0.199625
vt 0.000281 0.199531
vt 1.000375 0.100469
vt 0.900375 0.100375
vt 0.800375 0.100281
vt 0.700375 0.100188
vt 0.600375 0.100094
vt 0.500375 0.100000
vt 0.400375 0.099906
vt 0.300375 0.099813
vt 0.200375 0.099719
vt 0.100375 0.099625
vt 0.000375 0.099531
vt 1.000469 0.000469
vt 0.900469 0.000375
vt 0.800469 0.000281
vt 0.700469 0.000188
vt 0.600469 0.000094
vt 0.500469 0.000000
vt 0.400469 -0.000094
vt 0.300469 -0.000187
vt 0.200469 -0.000281
vt 0.100469 -0.000375
vt 0.000469 -0.000469
vn -0.007895 0.999969 -0.000566
vn -0.007895 0.999969 -0.000566
vn -0.007895 0.999969 -0.000566
vn -0.007895 0.999969 -0.000566
vn -0.007895 0.999969 -0.000566
vn -0.007895 0.999969 -0.000566
vn -0.007895 0.999969 -0.000566
vn -0.007895 0.999969 -0.000566
vn -0.007895 0.999969 -0.000566
vn -0.007895 0.999969 -0.000566
vn -0.007895 0.999969 -0.000566
vn -0.007895 0.999969 -0.000566
vn -0.007895 0.999969 -0.000566
vn -0.007895 0.999969 -0.000566
vn -0.007895 0.999969 -0.000566
vn -0.007895 0.999969 -0.000566
vn -0.007895 0.999969 -0.000566
vn -0.007895 0.999969 -0.000566
vn -0.007895 0.999969 -0.000566
vn -0.007895 0.999969 -0.000566
vn -0.007895 0.999969 -0.000566
vn -0.007895 0.999969 -0.000566
vn -0.007895 0.999969 -0.000566
vn -0.007895 0.999969 -0.000566
vn -0.007895 0.999969 -0.000566
vn -0.007895 0.999969 -0.000566
vn -0.007895 0.999969 -0.000566
vn -0.007895 0.999969 -0.000566
vn -0.007895 0.999969 -0.000566
vn -0.007895 0.999969 -0.000566
vn -0.007895 0.999969 -0.000566
vn -0.007895 0.999969 -0.000566
vn -0.007895 0.999969 -0.000566
vn -0.007895 0.999969 -0.000566
vn -0.007895 0.999969 -0.000566
vn -0.007895 0.999969 -0.000566
vn -0.007895 0.999969 -0.000566
vn -0.007895 0.999969 -0.000566
vn -0.007895 0.999969 -0.000566
vn -0.007895 0.999969 -0.000566
vn -0.007895 0.999969 -0.000566
vn -0.007895 0.999969 -0.000566
vn -0.007895 0.999969 -0.000566
vn -0.007895 0.999969 -0.000566
vn -0.007895 0.999969 -0.000566
vn -0.007895 0.999969 -0.000566
vn -0.007895 0.999969 -0.000566
vn -0.007895 0.999969 -0.000566
vn -0.007895 0.999969 -0.000566
vn -0.007895 0.999969 -0.000566
vn -0.007895 0.999969 -0.000566
vn -0.007895 0.999969 -0.000566
vn -0.007895 0.999969 -0.000566
vn -0.007895 0.999969 -0.000566
vn -0.007895 0.999969 -0.000566
vn -0.007895 0.999969 -0.000566
vn -0.007895 0.999969 -0.000566
vn -0.007895 0.999969 -0.000566
vn -0.007895 0.999969 -0.000566
vn -0.007895 0.999969 -0.000566
vn -0.007895 0.999969 -0.000566
vn -0.007895 0.999969 -0.000566
vn -0.007895 0.999969 -0.000566
vn -0.007895 0.999969 -0.000566
vn -0.007895 0.999969 -0.000566
vn -0.007895 0.999969 -0.000566
vn -0.007895 0.999969 -0.000566
vn -0.007895 0.999969 -0.000566
vn -0.007895 0.999969 -0.000566
vn -0.007895 0.999969 -0.000566
vn -0.007895 0.999969 -0.000566
vn -0.007895 0.999969 -0.000566
vn -0.007895 0.999969 -0.000566
vn -0.007895 0.999969 -0.000566
vn -0.007895 0.999969 -0.000566
vn -0.007895 0.999969 -0.000566
vn -0.007895 0.999969 -0.000566
vn -0.007895 0.999969 -0.000566
vn -0.007895 0.999969 -0.000566
vn -0.007895 0.999969 -0.000566
vn -0.007895 0.999969 -0.000566
vn -0.007895 0.999969 -0.000566
vn -0.007895 0.999969 -0.000566
vn -0.007895 0.999969 -0.000566
vn -0.007895 0.999969 -0.000566
vn -0.007895 0.999969 -0.000566
vn -0.007895 0.999969 -0.000566
vn -0.007895 0.999969 -0.000566
vn -0.007895 0.999969 -0.000566
vn -0.007895 0.999969 -0.000566
vn -0.007895 0.999969 -0.000566
vn -0.007895 0.999969 -0.000566
vn -0.007895 0.999969 -0.000566
vn -0.007895 0.999969 -0.000566
vn -0.007895 0.999969 -0.000566
vn -0.007895 0.999969 -0.000566
vn -0.007895 0.999969 -0.000566
vn -0.007895 0.999969 -0.000566
vn -0.007895 0.999969 -0.000566
vn -0.007895 0.999969 -0.000566
vn -0.007895 0.999969 -0.000566
vn -0.007895 0.999969 -0.000566
vn -0.007895 0.999969 -0.000566
vn -0.007895 0.999969 -0.000566
vn -0.007895 0.999969 -0.000566
vn -0.007895 0.999969 -0.000566
vn -0.007895 0.999969 -0.000566
vn -0.007895 0.999969 -0.000566
vn -0.007895 0.999969 -0.000566
vn -0.007895 0.999969 -0.000566
vn -0.007895 0.999969 -0.000566
vn -0.007895 0.999969 -0.000566
vn -0.007895 0.999969 -0.000566
vn -0.007895 0.999969 -0.000566
vn -0.007895 0.999969 -0.000566
vn -0.007895 0.999969 -0.000566
vn -0.007895 0.999969 -0.000566
vn -0.007895 0.999969 -0.000566
vn -0.007895 0.999969 -0.000566
vn -0.007895 0.999969 -0.000566
vn -0.007895 0.999969 -0.000566
s 1
g group2 locator1 pPlane1 pCube1 Book_L pPlane8
f 3870/4052/4408 3871/4053/4409 3882/4064/4410 3881/4063/4411
f 3871/4053/4409 3872/4054/4412 3883/4065/4413 3882/4064/4410
f 3872/4054/4412 3873/4055/4414 3884/4066/4415 3883/4065/4413
f 3873/4055/4414 3874/4056/4416 3885/4067/4417 3884/4066/4415
f 3874/4056/4416 3875/4057/4418 3886/4068/4419 3885/4067/4417
f 3875/4057/4418 3876/4058/4420 3887/4069/4421 3886/4068/4419
f 3876/4058/4420 3877/4059/4422 3888/4070/4423 3887/4069/4421
f 3877/4059/4422 3878/4060/4424 3889/4071/4425 3888/4070/4423
f 3878/4060/4424 3879/4061/4426 3890/4072/4427 3889/4071/4425
f 3879/4061/4426 3880/4062/4428 3891/4073/4429 3890/4072/4427
f 3881/4063/4411 3882/4064/4410 3893/4075/4430 3892/4074/4431
f 3882/4064/4410 3883/4065/4413 3894/4076/4432 3893/4075/4430
f 3883/4065/4413 3884/4066/4415 3895/4077/4433 3894/4076/4432
f 3884/4066/4415 3885/4067/4417 3896/4078/4434 3895/4077/4433
f 3885/4067/4417 3886/4068/4419 3897/4079/4435 3896/4078/4434
f 3886/4068/4419 3887/4069/4421 3898/4080/4436 3897/4079/4435
f 3887/4069/4421 3888/4070/4423 3899/4081/4437 3898/4080/4436
f 3888/4070/4423 3889/4071/4425 3900/4082/4438 3899/4081/4437
f 3889/4071/4425 3890/4072/4427 3901/4083/4439 3900/4082/4438
f 3890/4072/4427 3891/4073/4429 3902/4084/4440 3901/4083/4439
f 3892/4074/4431 3893/4075/4430 3904/4086/4441 3903/4085/4442
f 3893/4075/4430 3894/4076/4432 3905/4087/4443 3904/4086/4441
f 3894/4076/4432 3895/4077/4433 3906/4088/4444 3905/4087/4443
f 3895/4077/4433 3896/4078/4434 3907/4089/4445 3906/4088/4444
f 3896/4078/4434 3897/4079/4435 3908/4090/4446 3907/4089/4445
f 3897/4079/4435 3898/4080/4436 3909/4091/4447 3908/4090/4446
f 3898/4080/4436 3899/4081/4437 3910/4092/4448 3909/4091/4447
f 3899/4081/4437 3900/4082/4438 3911/4093/4449 3910/4092/4448
f 3900/4082/4438 3901/4083/4439 3912/4094/4450 3911/4093/4449
f 3901/4083/4439 3902/4084/4440 3913/4095/4451 3912/4094/4450
f 3903/4085/4442 3904/4086/4441 3915/4097/4452 3914/4096/4453
f 3904/4086/4441 3905/4087/4443 3916/4098/4454 3915/4097/4452
f 3905/4087/4443 3906/4088/4444 3917/4099/4455 3916/4098/4454
f 3906/4088/4444 3907/4089/4445 3918/4100/4456 3917/4099/4455
f 3907/4089/4445 3908/4090/4446 3919/4101/4457 3918/4100/4456
f 3908/4090/4446 3909/4091/4447 3920/4102/4458 3919/4101/4457
f 3909/4091/4447 3910/4092/4448 3921/4103/4459 3920/4102/4458
f 3910/4092/4448 3911/4093/4449 3922/4104/4460 3921/4103/4459
f 3911/4093/4449 3912/4094/4450 3923/4105/4461 3922/4104/4460
f 3912/4094/4450 3913/4095/4451 3924/4106/4462 3923/4105/4461
f 3914/4096/4453 3915/4097/4452 3926/4108/4463 3925/4107/4464
f 3915/4097/4452 3916/4098/4454 3927/4109/4465 3926/4108/4463
f 3916/4098/4454 3917/4099/4455 3928/4110/4466 3927/4109/4465
f 3917/4099/4455 3918/4100/4456 3929/4111/4467 3928/4110/4466
f 3918/4100/4456 3919/4101/4457 3930/4112/4468 3929/4111/4467
f 3919/4101/4457 3920/4102/4458 3931/4113/4469 3930/4112/4468
f 3920/4102/4458 3921/4103/4459 3932/4114/4470 3931/4113/4469
f 3921/4103/4459 3922/4104/4460 3933/4115/4471 3932/4114/4470
f 3922/4104/4460 3923/4105/4461 3934/4116/4472 3933/4115/4471
f 3923/4105/4461 3924/4106/4462 3935/4117/4473 3934/4116/4472
f 3925/4107/4464 3926/4108/4463 3937/4119/4474 3936/4118/4475
f 3926/4108/4463 3927/4109/4465 3938/4120/4476 3937/4119/4474
f 3927/4109/4465 3928/4110/4466 3939/4121/4477 3938/4120/4476
f 3928/4110/4466 3929/4111/4467 3940/4122/4478 3939/4121/4477
f 3929/4111/4467 3930/4112/4468 3941/4123/4479 3940/4122/4478
f 3930/4112/4468 3931/4113/4469 3942/4124/4480 3941/4123/4479
f 3931/4113/4469 3932/4114/4470 3943/4125/4481 3942/4124/4480
f 3932/4114/4470 3933/4115/4471 3944/4126/4482 3943/4125/4481
f 3933/4115/4471 3934/4116/4472 3945/4127/4483 3944/4126/4482
f 3934/4116/4472 3935/4117/4473 3946/4128/4484 3945/4127/4483
f 3936/4118/4475 3937/4119/4474 3948/4130/4485 3947/4129/4486
f 3937/4119/4474 3938/4120/4476 3949/4131/4487 3948/4130/4485
f 3938/4120/4476 3939/4121/4477 3950/4132/4488 3949/4131/4487
f 3939/4121/4477 3940/4122/4478 3951/4133/4489 3950/4132/4488
f 3940/4122/4478 3941/4123/4479 3952/4134/4490 3951/4133/4489
f 3941/4123/4479 3942/4124/4480 3953/4135/4491 3952/4134/4490
f 3942/4124/4480 3943/4125/4481 3954/4136/4492 3953/4135/4491
f 3943/4125/4481 3944/4126/4482 3955/4137/4493 3954/4136/4492
f 3944/4126/4482 3945/4127/4483 3956/4138/4494 3955/4137/4493
f 3945/4127/4483 3946/4128/4484 3957/4139/4495 3956/4138/4494
f 3947/4129/4486 3948/4130/4485 3959/4141/4496 3958/4140/4497
f 3948/4130/4485 3949/4131/4487 3960/4142/4498 3959/4141/4496
f 3949/4131/4487 3950/4132/4488 3961/4143/4499 3960/4142/4498
f 3950/4132/4488 3951/4133/4489 3962/4144/4500 3961/4143/4499
f 3951/4133/4489 3952/4134/4490 3963/4145/4501 3962/4144/4500
f 3952/4134/4490 3953/4135/4491 3964/4146/4502 3963/4145/4501
f 3953/4135/4491 3954/4136/4492 3965/4147/4503 3964/4146/4502
f 3954/4136/4492 3955/4137/4493 3966/4148/4504 3965/4147/4503
f 3955/4137/4493 3956/4138/4494 3967/4149/4505 3966/4148/4504
f 3956/4138/4494 3957/4139/4495 3968/4150/4506 3967/4149/4505
f 3958/4140/4497 3959/4141/4496 3970/4152/4507 3969/4151/4508
f 3959/4141/4496 3960/4142/4498 3971/4153/4509 3970/4152/4507
f 3960/4142/4498 3961/4143/4499 3972/4154/4510 3971/4153/4509
f 3961/4143/4499 3962/4144/4500 3973/4155/4511 3972/4154/4510
f 3962/4144/4500 3963/4145/4501 3974/4156/4512 3973/4155/4511
f 3963/4145/4501 3964/4146/4502 3975/4157/4513 3974/4156/4512
f 3964/4146/4502 3965/4147/4503 3976/4158/4514 3975/4157/4513
f 3965/4147/4503 3966/4148/4504 3977/4159/4515 3976/4158/4514
f 3966/4148/4504 3967/4149/4505 3978/4160/4516 3977/4159/4515
f 3967/4149/4505 3968/4150/4506 3979/4161/4517 3978/4160/4516
f 3969/4151/4508 3970/4152/4507 3981/4163/4518 3980/4162/4519
f 3970/4152/4507 3971/4153/4509 3982/4164/4520 3981/4163/4518
f 3971/4153/4509 3972/4154/4510 3983/4165/4521 3982/4164/4520
f 3972/4154/4510 3973/4155/4511 3984/4166/4522 3983/4165/4521
f 3973/4155/4511 3974/4156/4512 3985/4167/4523 3984/4166/4522
f 3974/4156/4512 3975/4157/4513 3986/4168/4524 3985/4167/4523
f 3975/4157/4513 3976/4158/4514 3987/4169/4525 3986/4168/4524
f 3976/4158/4514 3977/4159/4515 3988/4170/4526 3987/4169/4525
f 3977/4159/4515 3978/4160/4516 3989/4171/4527 3988/4170/4526
f 3978/4160/4516 3979/4161/4517 3990/4172/4528 3989/4171/4527
g default
v 1.119702 0.863218 3.860091
v 1.666739 0.867538 3.861404
v 2.213776 0.871858 3.862716
v 2.760813 0.876178 3.864028
v 3.307850 0.880498 3.865340
v 3.854886 0.884818 3.866653
v 4.401923 0.889138 3.867965
v 4.948960 0.893458 3.869277
v 5.495997 0.897778 3.870589
v 6.043034 0.902098 3.871902
v 6.590070 0.906418 3.873214
v 1.120352 0.862915 3.315772
v 1.667389 0.867235 3.317084
v 2.214425 0.871555 3.318396
v 2.761462 0.875875 3.319709
v 3.308499 0.880195 3.321021
v 3.855536 0.884515 3.322333
v 4.402573 0.888835 3.323645
v 4.949609 0.893155 3.324958
v 5.496646 0.897475 3.326270
v 6.043683 0.901795 3.327582
v 6.590720 0.906115 3.328894
v 1.121001 0.862612 2.771452
v 1.668038 0.866932 2.772765
v 2.215075 0.871252 2.774077
v 2.762112 0.875572 2.775389
v 3.309148 0.879892 2.776701
v 3.856185 0.884212 2.778013
v 4.403222 0.888532 2.779326
v 4.950259 0.892852 2.780638
v 5.497296 0.897172 2.781950
v 6.044333 0.901492 2.783262
v 6.591369 0.905812 2.784575
v 1.121651 0.862309 2.227133
v 1.668687 0.866629 2.228445
v 2.215724 0.870949 2.229757
v 2.762761 0.875269 2.231069
v 3.309798 0.879589 2.232382
v 3.856835 0.883909 2.233694
v 4.403872 0.888229 2.235006
v 4.950908 0.892549 2.236318
v 5.497945 0.896869 2.237631
v 6.044982 0.901189 2.238943
v 6.592019 0.905509 2.240255
v 1.122300 0.862006 1.682813
v 1.669337 0.866326 1.684125
v 2.216374 0.870646 1.685438
v 2.763410 0.874966 1.686750
v 3.310447 0.879286 1.688062
v 3.857484 0.883606 1.689374
v 4.404521 0.887926 1.690687
v 4.951557 0.892246 1.691999
v 5.498594 0.896566 1.693311
v 6.045631 0.900886 1.694623
v 6.592668 0.905206 1.695935
v 1.122949 0.861703 1.138494
v 1.669986 0.866023 1.139806
v 2.217023 0.870343 1.141118
v 2.764060 0.874663 1.142430
v 3.311097 0.878983 1.143742
v 3.858133 0.883303 1.145055
v 4.405170 0.887623 1.146367
v 4.952207 0.891943 1.147679
v 5.499244 0.896263 1.148991
v 6.046281 0.900583 1.150304
v 6.593317 0.904903 1.151616
v 1.123599 0.861401 0.594174
v 1.670636 0.865720 0.595486
v 2.217672 0.870040 0.596798
v 2.764709 0.874360 0.598111
v 3.311746 0.878680 0.599423
v 3.858783 0.883000 0.600735
v 4.405820 0.887320 0.602047
v 4.952856 0.891640 0.603360
v 5.499893 0.895960 0.604672
v 6.046930 0.900280 0.605984
v 6.593967 0.904600 0.607296
v 1.124248 0.861098 0.049854
v 1.671285 0.865418 0.051167
v 2.218322 0.869737 0.052479
v 2.765359 0.874057 0.053791
v 3.312395 0.878377 0.055103
v 3.859432 0.882697 0.056416
v 4.406469 0.887017 0.057728
v 4.953506 0.891337 0.059040
v 5.500543 0.895657 0.060352
v 6.047579 0.899977 0.061665
v 6.594616 0.904297 0.062977
v 1.124898 0.860795 -0.494465
v 1.671934 0.865115 -0.493153
v 2.218971 0.869435 -0.491841
v 2.766008 0.873755 -0.490529
v 3.313045 0.878074 -0.489216
v 3.860082 0.882394 -0.487904
v 4.407118 0.886714 -0.486592
v 4.954155 0.891034 -0.485280
v 5.501192 0.895354 -0.483967
v 6.048229 0.899674 -0.482655
v 6.595265 0.903994 -0.481343
v 1.125547 0.860492 -1.038785
v 1.672584 0.864812 -1.037473
v 2.219620 0.869132 -1.036160
v 2.766657 0.873452 -1.034848
v 3.313694 0.877772 -1.033536
v 3.860731 0.882092 -1.032224
v 4.407768 0.886411 -1.030911
v 4.954804 0.890731 -1.029599
v 5.501841 0.895051 -1.028287
v 6.048878 0.899371 -1.026975
v 6.595915 0.903691 -1.025663
v 1.126196 0.860189 -1.583104
v 1.673233 0.864509 -1.581792
v 2.220270 0.868829 -1.580480
v 2.767307 0.873149 -1.579168
v 3.314344 0.877469 -1.577855
v 3.861380 0.881789 -1.576543
v 4.408417 0.886109 -1.575231
v 4.955454 0.890429 -1.573919
v 5.502491 0.894748 -1.572606
v 6.049528 0.899068 -1.571294
v 6.596564 0.903388 -1.569982
vt 1.002236 0.997754
vt 0.902237 0.998202
vt 0.802238 0.998651
vt 0.702239 0.999099
vt 0.602240 0.999547
vt 0.502241 0.999995
vt 0.402242 1.000443
vt 0.302243 1.000891
vt 0.202244 1.001339
vt 0.102245 1.001788
vt 0.002246 1.002236
vt 1.001788 0.897755
vt 0.901789 0.898203
vt 0.801790 0.898652
vt 0.701791 0.899100
vt 0.601792 0.899548
vt 0.501793 0.899996
vt 0.401794 0.900444
vt 0.301795 0.900892
vt 0.201796 0.901341
vt 0.101797 0.901789
vt 0.001798 0.902237
vt 1.001339 0.797756
vt 0.901340 0.798204
vt 0.801341 0.798652
vt 0.701342 0.799101
vt 0.601343 0.799549
vt 0.501345 0.799997
vt 0.401345 0.800445
vt 0.301346 0.800893
vt 0.201348 0.801341
vt 0.101348 0.801790
vt 0.001349 0.802238
vt 1.000891 0.697757
vt 0.900892 0.698205
vt 0.800893 0.698653
vt 0.700894 0.699102
vt 0.600895 0.699550
vt 0.500896 0.699998
vt 0.400897 0.700446
vt 0.300898 0.700894
vt 0.200899 0.701343
vt 0.100900 0.701791
vt 0.000901 0.702239
vt 1.000443 0.597758
vt 0.900444 0.598206
vt 0.800445 0.598655
vt 0.700446 0.599103
vt 0.600447 0.599551
vt 0.500448 0.599999
vt 0.400449 0.600447
vt 0.300450 0.600895
vt 0.200451 0.601343
vt 0.100452 0.601792
vt 0.000453 0.602240
vt 0.999995 0.497759
vt 0.899996 0.498207
vt 0.799997 0.498655
vt 0.699998 0.499104
vt 0.599999 0.499552
vt 0.500000 0.500000
vt 0.400001 0.500448
vt 0.300002 0.500896
vt 0.200003 0.501344
vt 0.100004 0.501792
vt 0.000005 0.502241
vt 0.999547 0.397760
vt 0.899548 0.398208
vt 0.799549 0.398656
vt 0.699550 0.399105
vt 0.599551 0.399553
vt 0.499552 0.400001
vt 0.399553 0.400449
vt 0.299554 0.400897
vt 0.199555 0.401345
vt 0.099556 0.401794
vt -0.000443 0.402242
vt 0.999099 0.297761
vt 0.899100 0.298209
vt 0.799101 0.298658
vt 0.699102 0.299106
vt 0.599103 0.299554
vt 0.499104 0.300002
vt 0.399105 0.300450
vt 0.299106 0.300898
vt 0.199107 0.301346
vt 0.099108 0.301795
vt -0.000891 0.302243
vt 0.998651 0.197762
vt 0.898652 0.198210
vt 0.798652 0.198659
vt 0.698653 0.199107
vt 0.598655 0.199555
vt 0.498656 0.200003
vt 0.398656 0.200451
vt 0.298657 0.200899
vt 0.198658 0.201348
vt 0.098659 0.201796
vt -0.001339 0.202244
vt 0.998202 0.097763
vt 0.898203 0.098211
vt 0.798204 0.098659
vt 0.698205 0.099108
vt 0.598206 0.099556
vt 0.498207 0.100004
vt 0.398208 0.100452
vt 0.298209 0.100900
vt 0.198210 0.101348
vt 0.098211 0.101797
vt -0.001788 0.102245
vt 0.997754 -0.002236
vt 0.897755 -0.001788
vt 0.797756 -0.001339
vt 0.697757 -0.000891
vt 0.597758 -0.000443
vt 0.497759 0.000005
vt 0.397760 0.000453
vt 0.297761 0.000901
vt 0.197762 0.001349
vt 0.097763 0.001798
vt -0.002236 0.002246
vn -0.007895 0.999969 -0.000566
vn -0.007895 0.999969 -0.000566
vn -0.007895 0.999969 -0.000566
vn -0.007895 0.999969 -0.000566
vn -0.007895 0.999969 -0.000566
vn -0.007895 0.999969 -0.000566
vn -0.007895 0.999969 -0.000566
vn -0.007895 0.999969 -0.000566
vn -0.007895 0.999969 -0.000566
vn -0.007895 0.999969 -0.000566
vn -0.007895 0.999969 -0.000566
vn -0.007895 0.999969 -0.000566
vn -0.007895 0.999969 -0.000566
vn -0.007895 0.999969 -0.000566
vn -0.007895 0.999969 -0.000566
vn -0.007895 0.999969 -0.000566
vn -0.007895 0.999969 -0.000566
vn -0.007895 0.999969 -0.000566
vn -0.007895 0.999969 -0.000566
vn -0.007895 0.999969 -0.000566
vn -0.007895 0.999969 -0.000566
vn -0.007895 0.999969 -0.000566
vn -0.007895 0.999969 -0.000566
vn -0.007895 0.999969 -0.000566
vn -0.007895 0.999969 -0.000566
vn -0.007895 0.999969 -0.000566
vn -0.007895 0.999969 -0.000566
vn -0.007895 0.999969 -0.000566
vn -0.007895 0.999969 -0.000566
vn -0.007895 0.999969 -0.000566
vn -0.007895 0.999969 -0.000566
vn -0.007895 0.999969 -0.000566
vn -0.007895 0.999969 -0.000566
vn -0.007895 0.999969 -0.000566
vn -0.007895 0.999969 -0.000566
vn -0.007895 0.999969 -0.000566
vn -0.007895 0.999969 -0.000566
vn -0.007895 0.999969 -0.000566
vn -0.007895 0.999969 -0.000566
vn -0.007895 0.999969 -0.000566
vn -0.007895 0.999969 -0.000566
vn -0.007895 0.999969 -0.000566
vn -0.007895 0.999969 -0.000566
vn -0.007895 0.999969 -0.000566
vn -0.007895 0.999969 -0.000566
vn -0.007895 0.999969 -0.000566
vn -0.007895 0.999969 -0.000566
vn -0.007895 0.999969 -0.000566
vn -0.007895 0.999969 -0.000566
vn -0.007895 0.999969 -0.000566
vn -0.007895 0.999969 -0.000566
vn -0.007895 0.999969 -0.000566
vn -0.007895 0.999969 -0.000566
vn -0.007895 0.999969 -0.000566
vn -0.007895 0.999969 -0.000566
vn -0.007895 0.999969 -0.000566
vn -0.007895 0.999969 -0.000566
vn -0.007895 0.999969 -0.000566
vn -0.007895 0.999969 -0.000566
vn -0.007895 0.999969 -0.000566
vn -0.007895 0.999969 -0.000566
vn -0.007895 0.999969 -0.000566
vn -0.007895 0.999969 -0.000566
vn -0.007895 0.999969 -0.000566
vn -0.007895 0.999969 -0.000566
vn -0.007895 0.999969 -0.000566
vn -0.007895 0.999969 -0.000566
vn -0.007895 0.999969 -0.000566
vn -0.007895 0.999969 -0.000566
vn -0.007895 0.999969 -0.000566
vn -0.007895 0.999969 -0.000566
vn -0.007895 0.999969 -0.000566
vn -0.007895 0.999969 -0.000566
vn -0.007895 0.999969 -0.000566
vn -0.007895 0.999969 -0.000566
vn -0.007895 0.999969 -0.000566
vn -0.007895 0.999969 -0.000566
vn -0.007895 0.999969 -0.000566
vn -0.007895 0.999969 -0.000566
vn -0.007895 0.999969 -0.000566
vn -0.007895 0.999969 -0.000566
vn -0.007895 0.999969 -0.000566
vn -0.007895 0.999969 -0.000566
vn -0.007895 0.999969 -0.000566
vn -0.007895 0.999969 -0.000566
vn -0.007895 0.999969 -0.000566
vn -0.007895 0.999969 -0.000566
vn -0.007895 0.999969 -0.000566
vn -0.007895 0.999969 -0.000566
vn -0.007895 0.999969 -0.000566
vn -0.007895 0.999969 -0.000566
vn -0.007895 0.999969 -0.000566
vn -0.007895 0.999969 -0.000566
vn -0.007895 0.999969 -0.000566
vn -0.007895 0.999969 -0.000566
vn -0.007895 0.999969 -0.000566
vn -0.007895 0.999969 -0.000566
vn -0.007895 0.999969 -0.000566
vn -0.007895 0.999969 -0.000566
vn -0.007895 0.999969 -0.000566
vn -0.007895 0.999969 -0.000566
vn -0.007895 0.999969 -0.000566
vn -0.007895 0.999969 -0.000566
vn -0.007895 0.999969 -0.000566
vn -0.007895 0.999969 -0.000566
vn -0.007895 0.999969 -0.000566
vn -0.007895 0.999969 -0.000566
vn -0.007895 0.999969 -0.000566
vn -0.007895 0.999969 -0.000566
vn -0.007895 0.999969 -0.000566
vn -0.007895 0.999969 -0.000566
vn -0.007895 0.999969 -0.000566
vn -0.007895 0.999969 -0.000566
vn -0.007895 0.999969 -0.000566
vn -0.007895 0.999969 -0.000566
vn -0.007895 0.999969 -0.000566
vn -0.007895 0.999969 -0.000566
vn -0.007895 0.999969 -0.000566
vn -0.007895 0.999969 -0.000566
vn -0.007895 0.999969 -0.000566
vn -0.007895 0.999969 -0.000566
s 1
g group2 locator1 pPlane1 pCube1 Book_L pPlane9
f 3991/4173/4529 3992/4174/4530 4003/4185/4531 4002/4184/4532
f 3992/4174/4530 3993/4175/4533 4004/4186/4534 4003/4185/4531
f 3993/4175/4533 3994/4176/4535 4005/4187/4536 4004/4186/4534
f 3994/4176/4535 3995/4177/4537 4006/4188/4538 4005/4187/4536
f 3995/4177/4537 3996/4178/4539 4007/4189/4540 4006/4188/4538
f 3996/4178/4539 3997/4179/4541 4008/4190/4542 4007/4189/4540
f 3997/4179/4541 3998/4180/4543 4009/4191/4544 4008/4190/4542
f 3998/4180/4543 3999/4181/4545 4010/4192/4546 4009/4191/4544
f 3999/4181/4545 4000/4182/4547 4011/4193/4548 4010/4192/4546
f 4000/4182/4547 4001/4183/4549 4012/4194/4550 4011/4193/4548
f 4002/4184/4532 4003/4185/4531 4014/4196/4551 4013/4195/4552
f 4003/4185/4531 4004/4186/4534 4015/4197/4553 4014/4196/4551
f 4004/4186/4534 4005/4187/4536 4016/4198/4554 4015/4197/4553
f 4005/4187/4536 4006/4188/4538 4017/4199/4555 4016/4198/4554
f 4006/4188/4538 4007/4189/4540 4018/4200/4556 4017/4199/4555
f 4007/4189/4540 4008/4190/4542 4019/4201/4557 4018/4200/4556
f 4008/4190/4542 4009/4191/4544 4020/4202/4558 4019/4201/4557
f 4009/4191/4544 4010/4192/4546 4021/4203/4559 4020/4202/4558
f 4010/4192/4546 4011/4193/4548 4022/4204/4560 4021/4203/4559
f 4011/4193/4548 4012/4194/4550 4023/4205/4561 4022/4204/4560
f 4013/4195/4552 4014/4196/4551 4025/4207/4562 4024/4206/4563
f 4014/4196/4551 4015/4197/4553 4026/4208/4564 4025/4207/4562
f 4015/4197/4553 4016/4198/4554 4027/4209/4565 4026/4208/4564
f 4016/4198/4554 4017/4199/4555 4028/4210/4566 4027/4209/4565
f 4017/4199/4555 4018/4200/4556 4029/4211/4567 4028/4210/4566
f 4018/4200/4556 4019/4201/4557 4030/4212/4568 4029/4211/4567
f 4019/4201/4557 4020/4202/4558 4031/4213/4569 4030/4212/4568
f 4020/4202/4558 4021/4203/4559 4032/4214/4570 4031/4213/4569
f 4021/4203/4559 4022/4204/4560 4033/4215/4571 4032/4214/4570
f 4022/4204/4560 4023/4205/4561 4034/4216/4572 4033/4215/4571
f 4024/4206/4563 4025/4207/4562 4036/4218/4573 4035/4217/4574
f 4025/4207/4562 4026/4208/4564 4037/4219/4575 4036/4218/4573
f 4026/4208/4564 4027/4209/4565 4038/4220/4576 4037/4219/4575
f 4027/4209/4565 4028/4210/4566 4039/4221/4577 4038/4220/4576
f 4028/4210/4566 4029/4211/4567 4040/4222/4578 4039/4221/4577
f 4029/4211/4567 4030/4212/4568 4041/4223/4579 4040/4222/4578
f 4030/4212/4568 4031/4213/4569 4042/4224/4580 4041/4223/4579
f 4031/4213/4569 4032/4214/4570 4043/4225/4581 4042/4224/4580
f 4032/4214/4570 4033/4215/4571 4044/4226/4582 4043/4225/4581
f 4033/4215/4571 4034/4216/4572 4045/4227/4583 4044/4226/4582
f 4035/4217/4574 4036/4218/4573 4047/4229/4584 4046/4228/4585
f 4036/4218/4573 4037/4219/4575 4048/4230/4586 4047/4229/4584
f 4037/4219/4575 4038/4220/4576 4049/4231/4587 4048/4230/4586
f 4038/4220/4576 4039/4221/4577 4050/4232/4588 4049/4231/4587
f 4039/4221/4577 4040/4222/4578 4051/4233/4589 4050/4232/4588
f 4040/4222/4578 4041/4223/4579 4052/4234/4590 4051/4233/4589
f 4041/4223/4579 4042/4224/4580 4053/4235/4591 4052/4234/4590
f 4042/4224/4580 4043/4225/4581 4054/4236/4592 4053/4235/4591
f 4043/4225/4581 4044/4226/4582 4055/4237/4593 4054/4236/4592
f 4044/4226/4582 4045/4227/4583 4056/4238/4594 4055/4237/4593
f 4046/4228/4585 4047/4229/4584 4058/4240/4595 4057/4239/4596
f 4047/4229/4584 4048/4230/4586 4059/4241/4597 4058/4240/4595
f 4048/4230/4586 4049/4231/4587 4060/4242/4598 4059/4241/4597
f 4049/4231/4587 4050/4232/4588 4061/4243/4599 4060/4242/4598
f 4050/4232/4588 4051/4233/4589 4062/4244/4600 4061/4243/4599
f 4051/4233/4589 4052/4234/4590 4063/4245/4601 4062/4244/4600
f 4052/4234/4590 4053/4235/4591 4064/4246/4602 4063/4245/4601
f 4053/4235/4591 4054/4236/4592 4065/4247/4603 4064/4246/4602
f 4054/4236/4592 4055/4237/4593 4066/4248/4604 4065/4247/4603
f 4055/4237/4593 4056/4238/4594 4067/4249/4605 4066/4248/4604
f 4057/4239/4596 4058/4240/4595 4069/4251/4606 4068/4250/4607
f 4058/4240/4595 4059/4241/4597 4070/4252/4608 4069/4251/4606
f 4059/4241/4597 4060/4242/4598 4071/4253/4609 4070/4252/4608
f 4060/4242/4598 4061/4243/4599 4072/4254/4610 4071/4253/4609
f 4061/4243/4599 4062/4244/4600 4073/4255/4611 4072/4254/4610
f 4062/4244/4600 4063/4245/4601 4074/4256/4612 4073/4255/4611
f 4063/4245/4601 4064/4246/4602 4075/4257/4613 4074/4256/4612
f 4064/4246/4602 4065/4247/4603 4076/4258/4614 4075/4257/4613
f 4065/4247/4603 4066/4248/4604 4077/4259/4615 4076/4258/4614
f 4066/4248/4604 4067/4249/4605 4078/4260/4616 4077/4259/4615
f 4068/4250/4607 4069/4251/4606 4080/4262/4617 4079/4261/4618
f 4069/4251/4606 4070/4252/4608 4081/4263/4619 4080/4262/4617
f 4070/4252/4608 4071/4253/4609 4082/4264/4620 4081/4263/4619
f 4071/4253/4609 4072/4254/4610 4083/4265/4621 4082/4264/4620
f 4072/4254/4610 4073/4255/4611 4084/4266/4622 4083/4265/4621
f 4073/4255/4611 4074/4256/4612 4085/4267/4623 4084/4266/4622
f 4074/4256/4612 4075/4257/4613 4086/4268/4624 4085/4267/4623
f 4075/4257/4613 4076/4258/4614 4087/4269/4625 4086/4268/4624
f 4076/4258/4614 4077/4259/4615 4088/4270/4626 4087/4269/4625
f 4077/4259/4615 4078/4260/4616 4089/4271/4627 4088/4270/4626
f 4079/4261/4618 4080/4262/4617 4091/4273/4628 4090/4272/4629
f 4080/4262/4617 4081/4263/4619 4092/4274/4630 4091/4273/4628
f 4081/4263/4619 4082/4264/4620 4093/4275/4631 4092/4274/4630
f 4082/4264/4620 4083/4265/4621 4094/4276/4632 4093/4275/4631
f 4083/4265/4621 4084/4266/4622 4095/4277/4633 4094/4276/4632
f 4084/4266/4622 4085/4267/4623 4096/4278/4634 4095/4277/4633
f 4085/4267/4623 4086/4268/4624 4097/4279/4635 4096/4278/4634
f 4086/4268/4624 4087/4269/4625 4098/4280/4636 4097/4279/4635
f 4087/4269/4625 4088/4270/4626 4099/4281/4637 4098/4280/4636
f 4088/4270/4626 4089/4271/4627 4100/4282/4638 4099/4281/4637
f 4090/4272/4629 4091/4273/4628 4102/4284/4639 4101/4283/4640
f 4091/4273/4628 4092/4274/4630 4103/4285/4641 4102/4284/4639
f 4092/4274/4630 4093/4275/4631 4104/4286/4642 4103/4285/4641
f 4093/4275/4631 4094/4276/4632 4105/4287/4643 4104/4286/4642
f 4094/4276/4632 4095/4277/4633 4106/4288/4644 4105/4287/4643
f 4095/4277/4633 4096/4278/4634 4107/4289/4645 4106/4288/4644
f 4096/4278/4634 4097/4279/4635 4108/4290/4646 4107/4289/4645
f 4097/4279/4635 4098/4280/4636 4109/4291/4647 4108/4290/4646
f 4098/4280/4636 4099/4281/4637 4110/4292/4648 4109/4291/4647
f 4099/4281/4637 4100/4282/4638 4111/4293/4649 4110/4292/4648
g default
v 1.922374 0.940129 4.532005
v 2.327526 0.943329 4.532977
v 2.732678 0.946528 4.533949
v 3.137830 0.949728 4.534921
v 3.542982 0.952927 4.535892
v 3.948134 0.956127 4.536864
v 4.353286 0.959326 4.537836
v 4.758438 0.962526 4.538808
v 5.163590 0.965725 4.539780
v 5.568742 0.968925 4.540752
v 5.973894 0.972124 4.541724
v 1.922855 0.939905 4.128865
v 2.328007 0.943105 4.129837
v 2.733159 0.946304 4.130809
v 3.138311 0.949503 4.131781
v 3.543463 0.952703 4.132753
v 3.948615 0.955902 4.133725
v 4.353767 0.959102 4.134697
v 4.758919 0.962301 4.135669
v 5.164071 0.965501 4.136641
v 5.569223 0.968700 4.137612
v 5.974375 0.971900 4.138584
v 1.923336 0.939681 3.725726
v 2.328488 0.942880 3.726698
v 2.733640 0.946080 3.727670
v 3.138792 0.949279 3.728642
v 3.543944 0.952479 3.729614
v 3.949096 0.955678 3.730585
v 4.354248 0.958878 3.731557
v 4.759400 0.962077 3.732529
v 5.164552 0.965277 3.733501
v 5.569704 0.968476 3.734473
v 5.974856 0.971676 3.735445
v 1.923817 0.939456 3.322586
v 2.328969 0.942656 3.323558
v 2.734121 0.945855 3.324530
v 3.139273 0.949055 3.325502
v 3.544425 0.952254 3.326474
v 3.949577 0.955454 3.327446
v 4.354729 0.958653 3.328418
v 4.759881 0.961853 3.329390
v 5.165033 0.965052 3.330361
v 5.570185 0.968252 3.331333
v 5.975337 0.971451 3.332305
v 1.924298 0.939232 2.919447
v 2.329450 0.942431 2.920419
v 2.734602 0.945631 2.921391
v 3.139754 0.948830 2.922363
v 3.544906 0.952030 2.923334
v 3.950058 0.955229 2.924306
v 4.355210 0.958429 2.925278
v 4.760362 0.961628 2.926250
v 5.165514 0.964828 2.927222
v 5.570666 0.968027 2.928194
v 5.975818 0.971227 2.929166
v 1.924779 0.939008 2.516307
v 2.329931 0.942207 2.517279
v 2.735083 0.945407 2.518251
v 3.140235 0.948606 2.519223
v 3.545387 0.951806 2.520195
v 3.950539 0.955005 2.521167
v 4.355691 0.958205 2.522139
v 4.760843 0.961404 2.523111
v 5.165995 0.964604 2.524083
v 5.571147 0.967803 2.525054
v 5.976299 0.971002 2.526026
v 1.925260 0.938783 2.113168
v 2.330412 0.941983 2.114140
v 2.735564 0.945182 2.115112
v 3.140716 0.948382 2.116084
v 3.545868 0.951581 2.117055
v 3.951020 0.954781 2.118027
v 4.356172 0.957980 2.118999
v 4.761324 0.961180 2.119971
v 5.166476 0.964379 2.120943
v 5.571628 0.967579 2.121915
v 5.976779 0.970778 2.122887
v 1.925741 0.938559 1.710029
v 2.330893 0.941758 1.711000
v 2.736045 0.944958 1.711972
v 3.141197 0.948157 1.712944
v 3.546349 0.951357 1.713916
v 3.951501 0.954556 1.714888
v 4.356653 0.957756 1.715860
v 4.761805 0.960955 1.716832
v 5.166957 0.964155 1.717804
v 5.572109 0.967354 1.718775
v 5.977260 0.970554 1.719747
v 1.926222 0.938334 1.306889
v 2.331374 0.941534 1.307861
v 2.736526 0.944733 1.308833
v 3.141678 0.947933 1.309805
v 3.546830 0.951132 1.310776
v 3.951982 0.954332 1.311748
v 4.357134 0.957531 1.312720
v 4.762285 0.960731 1.313692
v 5.167438 0.963930 1.314664
v 5.572590 0.967130 1.315636
v 5.977741 0.970329 1.316608
v 1.926703 0.938110 0.903749
v 2.331855 0.941310 0.904721
v 2.737007 0.944509 0.905693
v 3.142159 0.947709 0.906665
v 3.547311 0.950908 0.907637
v 3.952463 0.954108 0.908609
v 4.357615 0.957307 0.909581
v 4.762766 0.960507 0.910553
v 5.167918 0.963706 0.911524
v 5.573071 0.966906 0.912496
v 5.978222 0.970105 0.913468
v 1.927184 0.937886 0.500610
v 2.332336 0.941085 0.501582
v 2.737488 0.944285 0.502554
v 3.142640 0.947484 0.503526
v 3.547792 0.950684 0.504498
v 3.952944 0.953883 0.505469
v 4.358096 0.957083 0.506441
v 4.763247 0.960282 0.507413
v 5.168399 0.963482 0.508385
v 5.573551 0.966681 0.509357
v 5.978703 0.969881 0.510329
vt 0.999478 1.000521
vt 0.899478 1.000417
vt 0.799479 1.000313
vt 0.699479 1.000208
vt 0.599479 1.000104
vt 0.499479 1.000000
vt 0.399479 0.999895
vt 0.299479 0.999791
vt 0.199479 0.999687
vt 0.099479 0.999583
vt -0.000521 0.999478
vt 0.999583 0.900521
vt 0.899583 0.900417
vt 0.799583 0.900313
vt 0.699583 0.900208
vt 0.599583 0.900104
vt 0.499583 0.900000
vt 0.399583 0.899896
vt 0.299583 0.899791
vt 0.199583 0.899687
vt 0.099583 0.899583
vt -0.000417 0.899478
vt 0.999687 0.800521
vt 0.899687 0.800417
vt 0.799687 0.800313
vt 0.699687 0.800208
vt 0.599687 0.800104
vt 0.499687 0.800000
vt 0.399687 0.799896
vt 0.299687 0.799791
vt 0.199687 0.799687
vt 0.099687 0.799583
vt -0.000313 0.799479
vt 0.999791 0.700521
vt 0.899791 0.700417
vt 0.799791 0.700313
vt 0.699791 0.700208
vt 0.599791 0.700104
vt 0.499792 0.700000
vt 0.399792 0.699896
vt 0.299792 0.699791
vt 0.199792 0.699687
vt 0.099792 0.699583
vt -0.000208 0.699479
vt 0.999895 0.600521
vt 0.899896 0.600417
vt 0.799896 0.600313
vt 0.699896 0.600208
vt 0.599896 0.600104
vt 0.499896 0.600000
vt 0.399896 0.599896
vt 0.299896 0.599791
vt 0.199896 0.599687
vt 0.099896 0.599583
vt -0.000104 0.599479
vt 1.000000 0.500521
vt 0.900000 0.500417
vt 0.800000 0.500313
vt 0.700000 0.500208
vt 0.600000 0.500104
vt 0.500000 0.500000
vt 0.400000 0.499896
vt 0.300000 0.499791
vt 0.200000 0.499687
vt 0.100000 0.499583
vt 0.000000 0.499479
vt 1.000104 0.400521
vt 0.900104 0.400417
vt 0.800104 0.400313
vt 0.700104 0.400209
vt 0.600104 0.400104
vt 0.500104 0.400000
vt 0.400104 0.399896
vt 0.300104 0.399792
vt 0.200104 0.399687
vt 0.100104 0.399583
vt 0.000105 0.399479
vt 1.000208 0.300521
vt 0.900208 0.300417
vt 0.800208 0.300313
vt 0.700208 0.300209
vt 0.600208 0.300104
vt 0.500209 0.300000
vt 0.400209 0.299896
vt 0.300209 0.299792
vt 0.200209 0.299687
vt 0.100209 0.299583
vt 0.000209 0.299479
vt 1.000313 0.200521
vt 0.900313 0.200417
vt 0.800313 0.200313
vt 0.700313 0.200209
vt 0.600313 0.200104
vt 0.500313 0.200000
vt 0.400313 0.199896
vt 0.300313 0.199792
vt 0.200313 0.199687
vt 0.100313 0.199583
vt 0.000313 0.199479
vt 1.000417 0.100521
vt 0.900417 0.100417
vt 0.800417 0.100313
vt 0.700417 0.100209
vt 0.600417 0.100104
vt 0.500417 0.100000
vt 0.400417 0.099896
vt 0.300417 0.099792
vt 0.200417 0.099687
vt 0.100417 0.099583
vt 0.000417 0.099479
vt 1.000521 0.000522
vt 0.900521 0.000417
vt 0.800521 0.000313
vt 0.700521 0.000209
vt 0.600521 0.000105
vt 0.500521 0.000000
vt 0.400521 -0.000104
vt 0.300521 -0.000208
vt 0.200521 -0.000313
vt 0.100521 -0.000417
vt 0.000522 -0.000521
vn -0.007895 0.999969 -0.000566
vn -0.007895 0.999969 -0.000566
vn -0.007895 0.999969 -0.000566
vn -0.007895 0.999969 -0.000566
vn -0.007895 0.999969 -0.000566
vn -0.007895 0.999969 -0.000566
vn -0.007895 0.999969 -0.000566
vn -0.007895 0.999969 -0.000566
vn -0.007895 0.999969 -0.000566
vn -0.007895 0.999969 -0.000566
vn -0.007895 0.999969 -0.000566
vn -0.007895 0.999969 -0.000566
vn -0.007895 0.999969 -0.000566
vn -0.007895 0.999969 -0.000566
vn -0.007895 0.999969 -0.000566
vn -0.007895 0.999969 -0.000566
vn -0.007895 0.999969 -0.000566
vn -0.007895 0.999969 -0.000566
vn -0.007895 0.999969 -0.000566
vn -0.007895 0.999969 -0.000566
vn -0.007895 0.999969 -0.000566
vn -0.007895 0.999969 -0.000566
vn -0.007895 0.999969 -0.000566
vn -0.007895 0.999969 -0.000566
vn -0.007895 0.999969 -0.000566
vn -0.007895 0.999969 -0.000566
vn -0.007895 0.999969 -0.000566
vn -0.007895 0.999969 -0.000566
vn -0.007895 0.999969 -0.000566
vn -0.007895 0.999969 -0.000566
vn -0.007895 0.999969 -0.000566
vn -0.007895 0.999969 -0.000566
vn -0.007895 0.999969 -0.000566
vn -0.007895 0.999969 -0.000566
vn -0.007895 0.999969 -0.000566
vn -0.007895 0.999969 -0.000566
vn -0.007895 0.999969 -0.000566
vn -0.007895 0.999969 -0.000566
vn -0.007895 0.999969 -0.000566
vn -0.007895 0.999969 -0.000566
vn -0.007895 0.999969 -0.000566
vn -0.007895 0.999969 -0.000566
vn -0.007895 0.999969 -0.000566
vn -0.007895 0.999969 -0.000566
vn -0.007895 0.999969 -0.000566
vn -0.007895 0.999969 -0.000566
vn -0.007895 0.999969 -0.000566
vn -0.007895 0.999969 -0.000566
vn -0.007895 0.999969 -0.000566
vn -0.007895 0.999969 -0.000566
vn -0.007895 0.999969 -0.000566
vn -0.007895 0.999969 -0.000566
vn -0.007895 0.999969 -0.000566
vn -0.007895 0.999969 -0.000566
vn -0.007895 0.999969 -0.000566
vn -0.007895 0.999969 -0.000566
vn -0.007895 0.999969 -0.000566
vn -0.007895 0.999969 -0.000566
vn -0.007895 0.999969 -0.000566
vn -0.007895 0.999969 -0.000566
vn -0.007895 0.999969 -0.000566
vn -0.007895 0.999969 -0.000566
vn -0.007895 0.999969 -0.000566
vn -0.007895 0.999969 -0.000566
vn -0.007895 0.999969 -0.000566
vn -0.007895 0.999969 -0.000566
vn -0.007895 0.999969 -0.000566
vn -0.007895 0.999969 -0.000566
vn -0.007895 0.999969 -0.000566
vn -0.007895 0.999969 -0.000566
vn -0.007895 0.999969 -0.000566
vn -0.007895 0.999969 -0.000566
vn -0.007895 0.999969 -0.000566
vn -0.007895 0.999969 -0.000566
vn -0.007895 0.999969 -0.000566
vn -0.007895 0.999969 -0.000566
vn -0.007895 0.999969 -0.000566
vn -0.007895 0.999969 -0.000566
vn -0.007895 0.999969 -0.000566
vn -0.007895 0.999969 -0.000566
vn -0.007895 0.999969 -0.000566
vn -0.007895 0.999969 -0.000566
vn -0.007895 0.999969 -0.000566
vn -0.007895 0.999969 -0.000566
vn -0.007895 0.999969 -0.000566
vn -0.007895 0.999969 -0.000566
vn -0.007895 0.999969 -0.000566
vn -0.007895 0.999969 -0.000566
vn -0.007895 0.999969 -0.000566
vn -0.007895 0.999969 -0.000566
vn -0.007895 0.999969 -0.000566
vn -0.007895 0.999969 -0.000566
vn -0.007895 0.999969 -0.000566
vn -0.007895 0.999969 -0.000566
vn -0.007895 0.999969 -0.000566
vn -0.007895 0.999969 -0.000566
vn -0.007895 0.999969 -0.000566
vn -0.007895 0.999969 -0.000566
vn -0.007895 0.999969 -0.000566
vn -0.007895 0.999969 -0.000566
vn -0.007895 0.999969 -0.000566
vn -0.007895 0.999969 -0.000566
vn -0.007895 0.999969 -0.000566
vn -0.007895 0.999969 -0.000566
vn -0.007895 0.999969 -0.000566
vn -0.007895 0.999969 -0.000566
vn -0.007895 0.999969 -0.000566
vn -0.007895 0.999969 -0.000566
vn -0.007895 0.999969 -0.000566
vn -0.007895 0.999969 -0.000566
vn -0.007895 0.999969 -0.000566
vn -0.007895 0.999969 -0.000566
vn -0.007895 0.999969 -0.000566
vn -0.007895 0.999969 -0.000566
vn -0.007895 0.999969 -0.000566
vn -0.007895 0.999969 -0.000566
vn -0.007895 0.999969 -0.000566
vn -0.007895 0.999969 -0.000566
vn -0.007895 0.999969 -0.000566
vn -0.007895 0.999969 -0.000566
vn -0.007895 0.999969 -0.000566
s 1
g group2 locator1 pPlane10 pPlane1 pCube1 Book_L
f 4112/4294/4650 4113/4295/4651 4124/4306/4652 4123/4305/4653
f 4113/4295/4651 4114/4296/4654 4125/4307/4655 4124/4306/4652
f 4114/4296/4654 4115/4297/4656 4126/4308/4657 4125/4307/4655
f 4115/4297/4656 4116/4298/4658 4127/4309/4659 4126/4308/4657
f 4116/4298/4658 4117/4299/4660 4128/4310/4661 4127/4309/4659
f 4117/4299/4660 4118/4300/4662 4129/4311/4663 4128/4310/4661
f 4118/4300/4662 4119/4301/4664 4130/4312/4665 4129/4311/4663
f 4119/4301/4664 4120/4302/4666 4131/4313/4667 4130/4312/4665
f 4120/4302/4666 4121/4303/4668 4132/4314/4669 4131/4313/4667
f 4121/4303/4668 4122/4304/4670 4133/4315/4671 4132/4314/4669
f 4123/4305/4653 4124/4306/4652 4135/4317/4672 4134/4316/4673
f 4124/4306/4652 4125/4307/4655 4136/4318/4674 4135/4317/4672
f 4125/4307/4655 4126/4308/4657 4137/4319/4675 4136/4318/4674
f 4126/4308/4657 4127/4309/4659 4138/4320/4676 4137/4319/4675
f 4127/4309/4659 4128/4310/4661 4139/4321/4677 4138/4320/4676
f 4128/4310/4661 4129/4311/4663 4140/4322/4678 4139/4321/4677
f 4129/4311/4663 4130/4312/4665 4141/4323/4679 4140/4322/4678
f 4130/4312/4665 4131/4313/4667 4142/4324/4680 4141/4323/4679
f 4131/4313/4667 4132/4314/4669 4143/4325/4681 4142/4324/4680
f 4132/4314/4669 4133/4315/4671 4144/4326/4682 4143/4325/4681
f 4134/4316/4673 4135/4317/4672 4146/4328/4683 4145/4327/4684
f 4135/4317/4672 4136/4318/4674 4147/4329/4685 4146/4328/4683
f 4136/4318/4674 4137/4319/4675 4148/4330/4686 4147/4329/4685
f 4137/4319/4675 4138/4320/4676 4149/4331/4687 4148/4330/4686
f 4138/4320/4676 4139/4321/4677 4150/4332/4688 4149/4331/4687
f 4139/4321/4677 4140/4322/4678 4151/4333/4689 4150/4332/4688
f 4140/4322/4678 4141/4323/4679 4152/4334/4690 4151/4333/4689
f 4141/4323/4679 4142/4324/4680 4153/4335/4691 4152/4334/4690
f 4142/4324/4680 4143/4325/4681 4154/4336/4692 4153/4335/4691
f 4143/4325/4681 4144/4326/4682 4155/4337/4693 4154/4336/4692
f 4145/4327/4684 4146/4328/4683 4157/4339/4694 4156/4338/4695
f 4146/4328/4683 4147/4329/4685 4158/4340/4696 4157/4339/4694
f 4147/4329/4685 4148/4330/4686 4159/4341/4697 4158/4340/4696
f 4148/4330/4686 4149/4331/4687 4160/4342/4698 4159/4341/4697
f 4149/4331/4687 4150/4332/4688 4161/4343/4699 4160/4342/4698
f 4150/4332/4688 4151/4333/4689 4162/4344/4700 4161/4343/4699
f 4151/4333/4689 4152/4334/4690 4163/4345/4701 4162/4344/4700
f 4152/4334/4690 4153/4335/4691 4164/4346/4702 4163/4345/4701
f 4153/4335/4691 4154/4336/4692 4165/4347/4703 4164/4346/4702
f 4154/4336/4692 4155/4337/4693 4166/4348/4704 4165/4347/4703
f 4156/4338/4695 4157/4339/4694 4168/4350/4705 4167/4349/4706
f 4157/4339/4694 4158/4340/4696 4169/4351/4707 4168/4350/4705
f 4158/4340/4696 4159/4341/4697 4170/4352/4708 4169/4351/4707
f 4159/4341/4697 4160/4342/4698 4171/4353/4709 4170/4352/4708
f 4160/4342/4698 4161/4343/4699 4172/4354/4710 4171/4353/4709
f 4161/4343/4699 4162/4344/4700 4173/4355/4711 4172/4354/4710
f 4162/4344/4700 4163/4345/4701 4174/4356/4712 4173/4355/4711
f 4163/4345/4701 4164/4346/4702 4175/4357/4713 4174/4356/4712
f 4164/4346/4702 4165/4347/4703 4176/4358/4714 4175/4357/4713
f 4165/4347/4703 4166/4348/4704 4177/4359/4715 4176/4358/4714
f 4167/4349/4706 4168/4350/4705 4179/4361/4716 4178/4360/4717
f 4168/4350/4705 4169/4351/4707 4180/4362/4718 4179/4361/4716
f 4169/4351/4707 4170/4352/4708 4181/4363/4719 4180/4362/4718
f 4170/4352/4708 4171/4353/4709 4182/4364/4720 4181/4363/4719
f 4171/4353/4709 4172/4354/4710 4183/4365/4721 4182/4364/4720
f 4172/4354/4710 4173/4355/4711 4184/4366/4722 4183/4365/4721
f 4173/4355/4711 4174/4356/4712 4185/4367/4723 4184/4366/4722
f 4174/4356/4712 4175/4357/4713 4186/4368/4724 4185/4367/4723
f 4175/4357/4713 4176/4358/4714 4187/4369/4725 4186/4368/4724
f 4176/4358/4714 4177/4359/4715 4188/4370/4726 4187/4369/4725
f 4178/4360/4717 4179/4361/4716 4190/4372/4727 4189/4371/4728
f 4179/4361/4716 4180/4362/4718 4191/4373/4729 4190/4372/4727
f 4180/4362/4718 4181/4363/4719 4192/4374/4730 4191/4373/4729
f 4181/4363/4719 4182/4364/4720 4193/4375/4731 4192/4374/4730
f 4182/4364/4720 4183/4365/4721 4194/4376/4732 4193/4375/4731
f 4183/4365/4721 4184/4366/4722 4195/4377/4733 4194/4376/4732
f 4184/4366/4722 4185/4367/4723 4196/4378/4734 4195/4377/4733
f 4185/4367/4723 4186/4368/4724 4197/4379/4735 4196/4378/4734
f 4186/4368/4724 4187/4369/4725 4198/4380/4736 4197/4379/4735
f 4187/4369/4725 4188/4370/4726 4199/4381/4737 4198/4380/4736
f 4189/4371/4728 4190/4372/4727 4201/4383/4738 4200/4382/4739
f 4190/4372/4727 4191/4373/4729 4202/4384/4740 4201/4383/4738
f 4191/4373/4729 4192/4374/4730 4203/4385/4741 4202/4384/4740
f 4192/4374/4730 4193/4375/4731 4204/4386/4742 4203/4385/4741
f 4193/4375/4731 4194/4376/4732 4205/4387/4743 4204/4386/4742
f 4194/4376/4732 4195/4377/4733 4206/4388/4744 4205/4387/4743
f 4195/4377/4733 4196/4378/4734 4207/4389/4745 4206/4388/4744
f 4196/4378/4734 4197/4379/4735 4208/4390/4746 4207/4389/4745
f 4197/4379/4735 4198/4380/4736 4209/4391/4747 4208/4390/4746
f 4198/4380/4736 4199/4381/4737 4210/4392/4748 4209/4391/4747
f 4200/4382/4739 4201/4383/4738 4212/4394/4749 4211/4393/4750
f 4201/4383/4738 4202/4384/4740 4213/4395/4751 4212/4394/4749
f 4202/4384/4740 4203/4385/4741 4214/4396/4752 4213/4395/4751
f 4203/4385/4741 4204/4386/4742 4215/4397/4753 4214/4396/4752
f 4204/4386/4742 4205/4387/4743 4216/4398/4754 4215/4397/4753
f 4205/4387/4743 4206/4388/4744 4217/4399/4755 4216/4398/4754
f 4206/4388/4744 4207/4389/4745 4218/4400/4756 4217/4399/4755
f 4207/4389/4745 4208/4390/4746 4219/4401/4757 4218/4400/4756
f 4208/4390/4746 4209/4391/4747 4220/4402/4758 4219/4401/4757
f 4209/4391/4747 4210/4392/4748 4221/4403/4759 4220/4402/4758
f 4211/4393/4750 4212/4394/4749 4223/4405/4760 4222/4404/4761
f 4212/4394/4749 4213/4395/4751 4224/4406/4762 4223/4405/4760
f 4213/4395/4751 4214/4396/4752 4225/4407/4763 4224/4406/4762
f 4214/4396/4752 4215/4397/4753 4226/4408/4764 4225/4407/4763
f 4215/4397/4753 4216/4398/4754 4227/4409/4765 4226/4408/4764
f 4216/4398/4754 4217/4399/4755 4228/4410/4766 4227/4409/4765
f 4217/4399/4755 4218/4400/4756 4229/4411/4767 4228/4410/4766
f 4218/4400/4756 4219/4401/4757 4230/4412/4768 4229/4411/4767
f 4219/4401/4757 4220/4402/4758 4231/4413/4769 4230/4412/4768
f 4220/4402/4758 4221/4403/4759 4232/4414/4770 4231/4413/4769
g default
v 0.055480 0.914000 4.808517
v 0.854984 0.914000 4.808517
v 1.654488 0.914000 4.808517
v 2.453992 0.914000 4.808517
v 3.253496 0.914000 4.808517
v 4.053000 0.914000 4.808517
v 4.852504 0.914000 4.808517
v 5.652007 0.914000 4.808517
v 6.451512 0.914000 4.808517
v 7.251016 0.914000 4.808517
v 8.050519 0.914000 4.808517
v 0.055480 0.914000 3.795877
v 0.854984 0.914000 3.795877
v 1.654488 0.914000 3.795877
v 2.453992 0.914000 3.795877
v 3.253496 0.914000 3.795877
v 4.053000 0.914000 3.795877
v 4.852504 0.914000 3.795877
v 5.652007 0.914000 3.795877
v 6.451512 0.914000 3.795877
v 7.251016 0.914000 3.795877
v 8.050519 0.914000 3.795877
v 0.055480 0.914000 2.783238
v 0.854984 0.914000 2.783238
v 1.654488 0.914000 2.783238
v 2.453992 0.914000 2.783238
v 3.253496 0.914000 2.783238
v 4.053000 0.914000 2.783238
v 4.852504 0.914000 2.783238
v 5.652007 0.914000 2.783238
v 6.451512 0.914000 2.783238
v 7.251016 0.914000 2.783238
v 8.050519 0.914000 2.783238
v 0.055480 0.914000 1.770598
v 0.854984 0.914000 1.770598
v 1.654488 0.914000 1.770598
v 2.453992 0.914000 1.770598
v 3.253496 0.914000 1.770598
v 4.053000 0.914000 1.770598
v 4.852504 0.914000 1.770598
v 5.652007 0.914000 1.770598
v 6.451512 0.914000 1.770598
v 7.251016 0.914000 1.770598
v 8.050519 0.914000 1.770598
v 0.055480 0.914000 0.757958
v 0.854984 0.914000 0.757958
v 1.654488 0.914000 0.757958
v 2.453992 0.914000 0.757958
v 3.253496 0.914000 0.757958
v 4.053000 0.914000 0.757958
v 4.852504 0.914000 0.757958
v 5.652007 0.914000 0.757958
v 6.451512 0.914000 0.757958
v 7.251016 0.914000 0.757958
v 8.050519 0.914000 0.757958
v 0.055480 0.914000 -0.254682
v 0.854984 0.914000 -0.254682
v 1.654488 0.914000 -0.254682
v 2.453992 0.914000 -0.254682
v 3.253496 0.914000 -0.254682
v 4.053000 0.914000 -0.254682
v 4.852504 0.914000 -0.254682
v 5.652007 0.914000 -0.254682
v 6.451512 0.914000 -0.254682
v 7.251016 0.914000 -0.254682
v 8.050519 0.914000 -0.254682
v 0.055480 0.914000 -1.267322
v 0.854984 0.914000 -1.267322
v 1.654488 0.914000 -1.267322
v 2.453992 0.914000 -1.267322
v 3.253496 0.914000 -1.267322
v 4.053000 0.914000 -1.267322
v 4.852504 0.914000 -1.267322
v 5.652007 0.914000 -1.267322
v 6.451512 0.914000 -1.267322
v 7.251016 0.914000 -1.267322
v 8.050519 0.914000 -1.267322
v 0.055480 0.914000 -2.279961
v 0.854984 0.914000 -2.279961
v 1.654488 0.914000 -2.279961
v 2.453992 0.914000 -2.279961
v 3.253496 0.914000 -2.279961
v 4.053000 0.914000 -2.279961
v 4.852504 0.914000 -2.279961
v 5.652007 0.914000 -2.279961
v 6.451512 0.914000 -2.279961
v 7.251016 0.914000 -2.279961
v 8.050519 0.914000 -2.279961
v 0.055480 0.914000 -3.292601
v 0.854984 0.914000 -3.292601
v 1.654488 0.914000 -3.292601
v 2.453992 0.914000 -3.292601
v 3.253496 0.914000 -3.292601
v 4.053000 0.914000 -3.292601
v 4.852504 0.914000 -3.292601
v 5.652007 0.914000 -3.292601
v 6.451512 0.914000 -3.292601
v 7.251016 0.914000 -3.292601
v 8.050519 0.914000 -3.292601
v 0.055480 0.914000 -4.305241
v 0.854984 0.914000 -4.305241
v 1.654488 0.914000 -4.305241
v 2.453992 0.914000 -4.305241
v 3.253496 0.914000 -4.305241
v 4.053000 0.914000 -4.305241
v 4.852504 0.914000 -4.305241
v 5.652007 0.914000 -4.305241
v 6.451512 0.914000 -4.305241
v 7.251016 0.914000 -4.305241
v 8.050519 0.914000 -4.305241
v 0.055480 0.914000 -5.317881
v 0.854984 0.914000 -5.317881
v 1.654488 0.914000 -5.317881
v 2.453992 0.914000 -5.317881
v 3.253496 0.914000 -5.317881
v 4.053000 0.914000 -5.317881
v 4.852504 0.914000 -5.317881
v 5.652007 0.914000 -5.317881
v 6.451512 0.914000 -5.317881
v 7.251016 0.914000 -5.317881
v 8.050519 0.914000 -5.317881
v 0.055480 0.914234 4.808517
v 0.854984 0.914234 4.808517
v 0.854984 0.914234 3.795877
v 0.055480 0.914234 3.795877
v 1.654488 0.914234 4.808517
v 1.654488 0.914234 3.795877
v 2.453992 0.914234 4.808517
v 2.453992 0.914234 3.795877
v 3.253496 0.914234 4.808517
v 3.253496 0.914234 3.795877
v 4.053000 0.914234 4.808517
v 4.053000 0.914234 3.795877
v 4.852504 0.914234 4.808517
v 4.852504 0.914234 3.795877
v 5.652007 0.914234 4.808517
v 5.652007 0.914234 3.795877
v 6.451512 0.914234 4.808517
v 6.451512 0.914234 3.795877
v 7.251016 0.914234 4.808517
v 7.251016 0.914234 3.795877
v 8.050519 0.914234 4.808517
v 8.050519 0.914234 3.795877
v 0.854984 0.914234 2.783238
v 0.055480 0.914234 2.783238
v 1.654488 0.914234 2.783238
v 2.453992 0.914234 2.783238
v 3.253496 0.914234 2.783238
v 4.053000 0.914234 2.783238
v 4.852504 0.914234 2.783238
v 5.652007 0.914234 2.783238
v 6.451512 0.914234 2.783238
v 7.251016 0.914234 2.783238
v 8.050519 0.914234 2.783238
v 0.854984 0.914234 1.770598
v 0.055480 0.914234 1.770598
v 1.654488 0.914234 1.770598
v 2.453992 0.914234 1.770598
v 3.253496 0.914234 1.770598
v 4.053000 0.914234 1.770598
v 4.852504 0.914234 1.770598
v 5.652007 0.914234 1.770598
v 6.451512 0.914234 1.770598
v 7.251016 0.914234 1.770598
v 8.050519 0.914234 1.770598
v 0.854984 0.914234 0.757958
v 0.055480 0.914234 0.757958
v 1.654488 0.914234 0.757958
v 2.453992 0.914234 0.757958
v 3.253496 0.914234 0.757958
v 4.053000 0.914234 0.757958
v 4.852504 0.914234 0.757958
v 5.652007 0.914234 0.757958
v 6.451512 0.914234 0.757958
v 7.251016 0.914234 0.757958
v 8.050519 0.914234 0.757958
v 0.854984 0.914234 -0.254682
v 0.055480 0.914234 -0.254682
v 1.654488 0.914234 -0.254682
v 2.453992 0.914234 -0.254682
v 3.253496 0.914234 -0.254682
v 4.053000 0.914234 -0.254682
v 4.852504 0.914234 -0.254682
v 5.652007 0.914234 -0.254682
v 6.451512 0.914234 -0.254682
v 7.251016 0.914234 -0.254682
v 8.050519 0.914234 -0.254682
v 0.854984 0.914234 -1.267322
v 0.055480 0.914234 -1.267322
v 1.654488 0.914234 -1.267322
v 2.453992 0.914234 -1.267322
v 3.253496 0.914234 -1.267322
v 4.053000 0.914234 -1.267322
v 4.852504 0.914234 -1.267322
v 5.652007 0.914234 -1.267322
v 6.451512 0.914234 -1.267322
v 7.251016 0.914234 -1.267322
v 8.050519 0.914234 -1.267322
v 0.854984 0.914234 -2.279961
v 0.055480 0.914234 -2.279961
v 1.654488 0.914234 -2.279961
v 2.453992 0.914234 -2.279961
v 3.253496 0.914234 -2.279961
v 4.053000 0.914234 -2.279961
v 4.852504 0.914234 -2.279961
v 5.652007 0.914234 -2.279961
v 6.451512 0.914234 -2.279961
v 7.251016 0.914234 -2.279961
v 8.050519 0.914234 -2.279961
v 0.854984 0.914234 -3.292601
v 0.055480 0.914234 -3.292601
v 1.654488 0.914234 -3.292601
v 2.453992 0.914234 -3.292601
v 3.253496 0.914234 -3.292601
v 4.053000 0.914234 -3.292601
v 4.852504 0.914234 -3.292601
v 5.652007 0.914234 -3.292601
v 6.451512 0.914234 -3.292601
v 7.251016 0.914234 -3.292601
v 8.050519 0.914234 -3.292601
v 0.854984 0.914234 -4.305241
v 0.055480 0.914234 -4.305241
v 1.654488 0.914234 -4.305241
v 2.453992 0.914234 -4.305241
v 3.253496 0.914234 -4.305241
v 4.053000 0.914234 -4.305241
v 4.852504 0.914234 -4.305241
v 5.652007 0.914234 -4.305241
v 6.451512 0.914234 -4.305241
v 7.251016 0.914234 -4.305241
v 8.050519 0.914234 -4.305241
v 0.854984 0.914234 -5.317881
v 0.055480 0.914234 -5.317881
v 1.654488 0.914234 -5.317881
v 2.453992 0.914234 -5.317881
v 3.253496 0.914234 -5.317881
v 4.053000 0.914234 -5.317881
v 4.852504 0.914234 -5.317881
v 5.652007 0.914234 -5.317881
v 6.451512 0.914234 -5.317881
v 7.251016 0.914234 -5.317881
v 8.050519 0.914234 -5.317881
vt 0.328761 0.668432
vt 0.329041 0.634465
vt 0.329322 0.600497
vt 0.329603 0.566530
vt 0.329884 0.532563
vt 0.330165 0.498596
vt 0.330445 0.464629
vt 0.330726 0.430662
vt 0.331007 0.396695
vt 0.331288 0.362728
vt 0.331568 0.328761
vt 0.362728 0.668712
vt 0.363009 0.634745
vt 0.363289 0.600778
vt 0.363570 0.566811
vt 0.363851 0.532844
vt 0.364132 0.498877
vt 0.364412 0.464910
vt 0.364693 0.430943
vt 0.364974 0.396976
vt 0.365255 0.363009
vt 0.365535 0.329041
vt 0.396695 0.668993
vt 0.396976 0.635026
vt 0.397256 0.601059
vt 0.397537 0.567092
vt 0.397818 0.533125
vt 0.398099 0.499158
vt 0.398379 0.465191
vt 0.398660 0.431224
vt 0.398941 0.397256
vt 0.399222 0.363289
vt 0.399503 0.329322
vt 0.430662 0.669274
vt 0.430943 0.635307
vt 0.431224 0.601340
vt 0.431504 0.567373
vt 0.431785 0.533406
vt 0.432066 0.499438
vt 0.432347 0.465471
vt 0.432627 0.431504
vt 0.432908 0.397537
vt 0.433189 0.363570
vt 0.433470 0.329603
vt 0.464629 0.669555
vt 0.464910 0.635588
vt 0.465191 0.601621
vt 0.465471 0.567653
vt 0.465752 0.533686
vt 0.466033 0.499719
vt 0.466314 0.465752
vt 0.466594 0.431785
vt 0.466875 0.397818
vt 0.467156 0.363851
vt 0.467437 0.329884
vt 0.498596 0.669835
vt 0.498877 0.635868
vt 0.499158 0.601901
vt 0.499438 0.567934
vt 0.499719 0.533967
vt 0.500000 0.500000
vt 0.500281 0.466033
vt 0.500562 0.432066
vt 0.500842 0.398099
vt 0.501123 0.364132
vt 0.501404 0.330165
vt 0.532563 0.670116
vt 0.532844 0.636149
vt 0.533125 0.602182
vt 0.533406 0.568215
vt 0.533686 0.534248
vt 0.533967 0.500281
vt 0.534248 0.466314
vt 0.534529 0.432347
vt 0.534809 0.398379
vt 0.535090 0.364412
vt 0.535371 0.330445
vt 0.566530 0.670397
vt 0.566811 0.636430
vt 0.567092 0.602463
vt 0.567373 0.568496
vt 0.567653 0.534529
vt 0.567934 0.500562
vt 0.568215 0.466594
vt 0.568496 0.432627
vt 0.568776 0.398660
vt 0.569057 0.364693
vt 0.569338 0.330726
vt 0.600497 0.670678
vt 0.600778 0.636711
vt 0.601059 0.602744
vt 0.601340 0.568776
vt 0.601621 0.534809
vt 0.601901 0.500842
vt 0.602182 0.466875
vt 0.602463 0.432908
vt 0.602744 0.398941
vt 0.603024 0.364974
vt 0.603305 0.331007
vt 0.634465 0.670959
vt 0.634745 0.636991
vt 0.635026 0.603024
vt 0.635307 0.569057
vt 0.635588 0.535090
vt 0.635868 0.501123
vt 0.636149 0.467156
vt 0.636430 0.433189
vt 0.636711 0.399222
vt 0.636991 0.365255
vt 0.637272 0.331288
vt 0.668432 0.671239
vt 0.668712 0.637272
vt 0.668993 0.603305
vt 0.669274 0.569338
vt 0.669555 0.535371
vt 0.669835 0.501404
vt 0.670116 0.467437
vt 0.670397 0.433470
vt 0.670678 0.399503
vt 0.670959 0.365535
vt 0.671239 0.331568
vt 0.000000 0.000000
vt 0.100000 0.000000
vt 0.100000 0.100000
vt 0.000000 0.100000
vt 0.200000 0.000000
vt 0.200000 0.100000
vt 0.300000 0.000000
vt 0.300000 0.100000
vt 0.400000 0.000000
vt 0.400000 0.100000
vt 0.500000 0.000000
vt 0.500000 0.100000
vt 0.600000 0.000000
vt 0.600000 0.100000
vt 0.700000 0.000000
vt 0.700000 0.100000
vt 0.800000 0.000000
vt 0.800000 0.100000
vt 0.900000 0.000000
vt 0.900000 0.100000
vt 1.000000 0.000000
vt 1.000000 0.100000
vt 0.100000 0.200000
vt 0.000000 0.200000
vt 0.200000 0.200000
vt 0.300000 0.200000
vt 0.400000 0.200000
vt 0.500000 0.200000
vt 0.600000 0.200000
vt 0.700000 0.200000
vt 0.800000 0.200000
vt 0.900000 0.200000
vt 1.000000 0.200000
vt 0.100000 0.300000
vt 0.000000 0.300000
vt 0.200000 0.300000
vt 0.300000 0.300000
vt 0.400000 0.300000
vt 0.500000 0.300000
vt 0.600000 0.300000
vt 0.700000 0.300000
vt 0.800000 0.300000
vt 0.900000 0.300000
vt 1.000000 0.300000
vt 0.100000 0.400000
vt 0.000000 0.400000
vt 0.200000 0.400000
vt 0.300000 0.400000
vt 0.400000 0.400000
vt 0.500000 0.400000
vt 0.600000 0.400000
vt 0.700000 0.400000
vt 0.800000 0.400000
vt 0.900000 0.400000
vt 1.000000 0.400000
vt 0.100000 0.500000
vt 0.000000 0.500000
vt 0.200000 0.500000
vt 0.300000 0.500000
vt 0.400000 0.500000
vt 0.500000 0.500000
vt 0.600000 0.500000
vt 0.700000 0.500000
vt 0.800000 0.500000
vt 0.900000 0.500000
vt 1.000000 0.500000
vt 0.100000 0.600000
vt 0.000000 0.600000
vt 0.200000 0.600000
vt 0.300000 0.600000
vt 0.400000 0.600000
vt 0.500000 0.600000
vt 0.600000 0.600000
vt 0.700000 0.600000
vt 0.800000 0.600000
vt 0.900000 0.600000
vt 1.000000 0.600000
vt 0.100000 0.700000
vt 0.000000 0.700000
vt 0.200000 0.700000
vt 0.300000 0.700000
vt 0.400000 0.700000
vt 0.500000 0.700000
vt 0.600000 0.700000
vt 0.700000 0.700000
vt 0.800000 0.700000
vt 0.900000 0.700000
vt 1.000000 0.700000
vt 0.100000 0.800000
vt 0.000000 0.800000
vt 0.200000 0.800000
vt 0.300000 0.800000
vt 0.400000 0.800000
vt 0.500000 0.800000
vt 0.600000 0.800000
vt 0.700000 0.800000
vt 0.800000 0.800000
vt 0.900000 0.800000
vt 1.000000 0.800000
vt 0.100000 0.900000
vt 0.000000 0.900000
vt 0.200000 0.900000
vt 0.300000 0.900000
vt 0.400000 0.900000
vt 0.500000 0.900000
vt 0.600000 0.900000
vt 0.700000 0.900000
vt 0.800000 0.900000
vt 0.900000 0.900000
vt 1.000000 0.900000
vt 0.100000 1.000000
vt 0.000000 1.000000
vt 0.200000 1.000000
vt 0.300000 1.000000
vt 0.400000 1.000000
vt 0.500000 1.000000
vt 0.600000 1.000000
vt 0.700000 1.000000
vt 0.800000 1.000000
vt 0.900000 1.000000
vt 1.000000 1.000000
vt 0.328761 0.668432
vt 0.329041 0.634465
vt 0.362728 0.668712
vt 0.329322 0.600497
vt 0.329603 0.566530
vt 0.329884 0.532563
vt 0.330165 0.498596
vt 0.330445 0.464629
vt 0.330726 0.430662
vt 0.331007 0.396695
vt 0.331288 0.362728
vt 0.331568 0.328761
vt 0.365535 0.329041
vt 0.396695 0.668993
vt 0.399503 0.329322
vt 0.430662 0.669274
vt 0.433470 0.329603
vt 0.464629 0.669555
vt 0.467437 0.329884
vt 0.498596 0.669835
vt 0.501404 0.330165
vt 0.532563 0.670116
vt 0.535371 0.330445
vt 0.566530 0.670397
vt 0.569338 0.330726
vt 0.600497 0.670678
vt 0.603305 0.331007
vt 0.634465 0.670959
vt 0.637272 0.331288
vt 0.668712 0.637272
vt 0.668432 0.671239
vt 0.668993 0.603305
vt 0.669274 0.569338
vt 0.669555 0.535371
vt 0.669835 0.501404
vt 0.670116 0.467437
vt 0.670397 0.433470
vt 0.670678 0.399503
vt 0.670959 0.365535
vt 0.671239 0.331568
vn 0.000000 1.000000 0.000000
vn 0.000000 1.000000 0.000000
vn 0.000000 1.000000 0.000000
vn 0.000000 1.000000 0.000000
vn 0.000000 1.000000 0.000000
vn 0.000000 1.000000 0.000000
vn 0.000000 1.000000 0.000000
vn 0.000000 1.000000 0.000000
vn 0.000000 1.000000 0.000000
vn 0.000000 1.000000 0.000000
vn 0.000000 1.000000 0.000000
vn 0.000000 1.000000 0.000000
vn 0.000000 1.000000 0.000000
vn 0.000000 1.000000 0.000000
vn 0.000000 1.000000 0.000000
vn 0.000000 1.000000 0.000000
vn 0.000000 1.000000 0.000000
vn 0.000000 1.000000 0.000000
vn 0.000000 1.000000 0.000000
vn 0.000000 1.000000 0.000000
vn 0.000000 1.000000 0.000000
vn 0.000000 1.000000 0.000000
vn 0.000000 1.000000 0.000000
vn 0.000000 1.000000 0.000000
vn 0.000000 1.000000 0.000000
vn 0.000000 1.000000 0.000000
vn 0.000000 1.000000 0.000000
vn 0.000000 1.000000 0.000000
vn 0.000000 1.000000 0.000000
vn 0.000000 1.000000 0.000000
vn 0.000000 1.000000 0.000000
vn 0.000000 1.000000 0.000000
vn 0.000000 1.000000 0.000000
vn 0.000000 1.000000 0.000000
vn 0.000000 1.000000 0.000000
vn 0.000000 1.000000 0.000000
vn 0.000000 1.000000 0.000000
vn 0.000000 1.000000 0.000000
vn 0.000000 1.000000 0.000000
vn 0.000000 1.000000 0.000000
vn 0.000000 1.000000 0.000000
vn 0.000000 1.000000 0.000000
vn 0.000000 1.000000 0.000000
vn 0.000000 1.000000 0.000000
vn 0.000000 1.000000 0.000000
vn 0.000000 1.000000 0.000000
vn 0.000000 1.000000 0.000000
vn 0.000000 1.000000 0.000000
vn 0.000000 1.000000 0.000000
vn 0.000000 1.000000 0.000000
vn 0.000000 1.000000 0.000000
vn 0.000000 1.000000 0.000000
vn 0.000000 1.000000 0.000000
vn 0.000000 1.000000 0.000000
vn 0.000000 1.000000 0.000000
vn 0.000000 1.000000 0.000000
vn 0.000000 1.000000 0.000000
vn 0.000000 1.000000 0.000000
vn 0.000000 1.000000 0.000000
vn 0.000000 1.000000 0.000000
vn 0.000000 1.000000 0.000000
vn 0.000000 1.000000 0.000000
vn 0.000000 1.000000 0.000000
vn 0.000000 1.000000 0.000000
vn 0.000000 1.000000 0.000000
vn 0.000000 1.000000 0.000000
vn 0.000000 1.000000 0.000000
vn 0.000000 1.000000 0.000000
vn 0.000000 1.000000 0.000000
vn 0.000000 1.000000 0.000000
vn 0.000000 1.000000 0.000000
vn 0.000000 1.000000 0.000000
vn 0.000000 1.000000 0.000000
vn 0.000000 1.000000 0.000000
vn 0.000000 1.000000 0.000000
vn 0.000000 1.000000 0.000000
vn 0.000000 1.000000 0.000000
vn 0.000000 1.000000 0.000000
vn 0.000000 1.000000 0.000000
vn 0.000000 1.000000 0.000000
vn 0.000000 1.000000 0.000000
vn 0.000000 1.000000 0.000000
vn 0.000000 1.000000 0.000000
vn 0.000000 1.000000 0.000000
vn 0.000000 1.000000 0.000000
vn 0.000000 1.000000 0.000000
vn 0.000000 1.000000 0.000000
vn 0.000000 1.000000 0.000000
vn 0.000000 1.000000 0.000000
vn 0.000000 1.000000 0.000000
vn 0.000000 1.000000 0.000000
vn 0.000000 1.000000 0.000000
vn 0.000000 1.000000 0.000000
vn 0.000000 1.000000 0.000000
vn 0.000000 1.000000 0.000000
vn 0.000000 1.000000 0.000000
vn 0.000000 1.000000 0.000000
vn 0.000000 1.000000 0.000000
vn 0.000000 1.000000 0.000000
vn 0.000000 1.000000 0.000000
vn 0.000000 1.000000 0.000000
vn 0.000000 1.000000 0.000000
vn 0.000000 1.000000 0.000000
vn 0.000000 1.000000 0.000000
vn 0.000000 1.000000 0.000000
vn 0.000000 1.000000 0.000000
vn 0.000000 1.000000 0.000000
vn 0.000000 1.000000 0.000000
vn 0.000000 1.000000 0.000000
vn 0.000000 1.000000 0.000000
vn 0.000000 1.000000 0.000000
vn 0.000000 1.000000 0.000000
vn 0.000000 1.000000 0.000000
vn 0.000000 1.000000 0.000000
vn 0.000000 1.000000 0.000000
vn 0.000000 1.000000 0.000000
vn 0.000000 1.000000 0.000000
vn 0.000000 1.000000 0.000000
vn 0.000000 1.000000 0.000000
vn 0.000000 1.000000 0.000000
vn 0.000000 1.000000 0.000000
vn 0.000000 -1.000000 0.000000
vn 0.000000 -1.000000 0.000000
vn 0.000000 -1.000000 0.000000
vn 0.000000 -1.000000 0.000000
vn 0.000000 -1.000000 0.000000
vn 0.000000 -1.000000 0.000000
vn 0.000000 -1.000000 0.000000
vn 0.000000 -1.000000 0.000000
vn 0.000000 -1.000000 0.000000
vn 0.000000 -1.000000 0.000000
vn 0.000000 -1.000000 0.000000
vn 0.000000 -1.000000 0.000000
vn 0.000000 -1.000000 0.000000
vn 0.000000 -1.000000 0.000000
vn 0.000000 -1.000000 0.000000
vn 0.000000 -1.000000 0.000000
vn 0.000000 -1.000000 0.000000
vn 0.000000 -1.000000 0.000000
vn 0.000000 -1.000000 0.000000
vn 0.000000 -1.000000 0.000000
vn 0.000000 -1.000000 0.000000
vn 0.000000 -1.000000 0.000000
vn 0.000000 -1.000000 0.000000
vn 0.000000 -1.000000 0.000000
vn 0.000000 -1.000000 0.000000
vn 0.000000 -1.000000 0.000000
vn 0.000000 -1.000000 0.000000
vn 0.000000 -1.000000 0.000000
vn 0.000000 -1.000000 0.000000
vn 0.000000 -1.000000 0.000000
vn 0.000000 -1.000000 0.000000
vn 0.000000 -1.000000 0.000000
vn 0.000000 -1.000000 0.000000
vn 0.000000 -1.000000 0.000000
vn 0.000000 -1.000000 0.000000
vn 0.000000 -1.000000 0.000000
vn 0.000000 -1.000000 0.000000
vn 0.000000 -1.000000 0.000000
vn 0.000000 -1.000000 0.000000
vn 0.000000 -1.000000 0.000000
vn 0.000000 -1.000000 0.000000
vn 0.000000 -1.000000 0.000000
vn 0.000000 -1.000000 0.000000
vn 0.000000 -1.000000 0.000000
vn 0.000000 -1.000000 0.000000
vn 0.000000 -1.000000 0.000000
vn 0.000000 -1.000000 0.000000
vn 0.000000 -1.000000 0.000000
vn 0.000000 -1.000000 0.000000
vn 0.000000 -1.000000 0.000000
vn 0.000000 -1.000000 0.000000
vn 0.000000 -1.000000 0.000000
vn 0.000000 -1.000000 0.000000
vn 0.000000 -1.000000 0.000000
vn 0.000000 -1.000000 0.000000
vn 0.000000 -1.000000 0.000000
vn 0.000000 -1.000000 0.000000
vn 0.000000 -1.000000 0.000000
vn 0.000000 -1.000000 0.000000
vn 0.000000 -1.000000 0.000000
vn 0.000000 -1.000000 0.000000
vn 0.000000 -1.000000 0.000000
vn 0.000000 -1.000000 0.000000
vn 0.000000 -1.000000 0.000000
vn 0.000000 -1.000000 0.000000
vn 0.000000 -1.000000 0.000000
vn 0.000000 -1.000000 0.000000
vn 0.000000 -1.000000 0.000000
vn 0.000000 -1.000000 0.000000
vn 0.000000 -1.000000 0.000000
vn 0.000000 -1.000000 0.000000
vn 0.000000 -1.000000 0.000000
vn 0.000000 -1.000000 0.000000
vn 0.000000 -1.000000 0.000000
vn 0.000000 -1.000000 0.000000
vn 0.000000 -1.000000 0.000000
vn 0.000000 -1.000000 0.000000
vn 0.000000 -1.000000 0.000000
vn 0.000000 -1.000000 0.000000
vn 0.000000 -1.000000 0.000000
vn 0.000000 -1.000000 0.000000
vn 0.000000 -1.000000 0.000000
vn 0.000000 -1.000000 0.000000
vn 0.000000 -1.000000 0.000000
vn 0.000000 -1.000000 0.000000
vn 0.000000 -1.000000 0.000000
vn 0.000000 -1.000000 0.000000
vn 0.000000 -1.000000 0.000000
vn 0.000000 -1.000000 0.000000
vn 0.000000 -1.000000 0.000000
vn 0.000000 -1.000000 0.000000
vn 0.000000 -1.000000 0.000000
vn 0.000000 -1.000000 0.000000
vn 0.000000 -1.000000 0.000000
vn 0.000000 -1.000000 0.000000
vn 0.000000 -1.000000 0.000000
vn 0.000000 -1.000000 0.000000
vn 0.000000 -1.000000 0.000000
vn 0.000000 -1.000000 0.000000
vn 0.000000 -1.000000 0.000000
vn 0.000000 -1.000000 0.000000
vn 0.000000 -1.000000 0.000000
vn 0.000000 -1.000000 0.000000
vn 0.000000 -1.000000 0.000000
vn 0.000000 -1.000000 0.000000
vn 0.000000 -1.000000 0.000000
vn 0.000000 -1.000000 0.000000
vn 0.000000 -1.000000 0.000000
vn 0.000000 -1.000000 0.000000
vn 0.000000 -1.000000 0.000000
vn 0.000000 -1.000000 0.000000
vn 0.000000 -1.000000 0.000000
vn 0.000000 -1.000000 0.000000
vn 0.000000 -1.000000 0.000000
vn 0.000000 -1.000000 0.000000
vn 0.000000 -1.000000 0.000000
vn 0.000000 -1.000000 0.000000
vn 0.000000 -1.000000 0.000000
vn 0.000000 -1.000000 0.000000
vn 0.000000 -1.000000 0.000000
vn 0.000000 -1.000000 0.000000
vn 0.000000 0.000000 1.000000
vn 0.000000 0.000000 1.000000
vn 0.000000 0.000000 1.000000
vn 0.000000 0.000000 1.000000
vn -1.000000 0.000000 0.000000
vn -1.000000 0.000000 0.000000
vn -1.000000 0.000000 0.000000
vn -1.000000 0.000000 0.000000
vn 0.000000 0.000000 1.000000
vn 0.000000 0.000000 1.000000
vn 0.000000 0.000000 1.000000
vn 0.000000 0.000000 1.000000
vn 0.000000 0.000000 1.000000
vn 0.000000 0.000000 1.000000
vn 0.000000 0.000000 1.000000
vn 0.000000 0.000000 1.000000
vn 0.000000 0.000000 1.000000
vn 0.000000 0.000000 1.000000
vn 0.000000 0.000000 1.000000
vn 0.000000 0.000000 1.000000
vn 0.000000 0.000000 1.000000
vn 0.000000 0.000000 1.000000
vn 0.000000 0.000000 1.000000
vn 0.000000 0.000000 1.000000
vn 0.000000 0.000000 1.000000
vn 0.000000 0.000000 1.000000
vn 1.000000 0.000000 0.000000
vn 1.000000 0.000000 0.000000
vn 1.000000 0.000000 0.000000
vn 1.000000 0.000000 0.000000
vn -1.000000 0.000000 0.000000
vn -1.000000 0.000000 0.000000
vn 1.000000 0.000000 0.000000
vn 1.000000 0.000000 0.000000
vn -1.000000 0.000000 0.000000
vn -1.000000 0.000000 0.000000
vn 1.000000 0.000000 0.000000
vn 1.000000 0.000000 0.000000
vn -1.000000 0.000000 0.000000
vn -1.000000 0.000000 0.000000
vn 1.000000 0.000000 0.000000
vn 1.000000 0.000000 0.000000
vn -1.000000 0.000000 0.000000
vn -1.000000 0.000000 0.000000
vn 1.000000 0.000000 0.000000
vn 1.000000 0.000000 0.000000
vn -1.000000 0.000000 0.000000
vn -1.000000 0.000000 0.000000
vn 1.000000 0.000000 0.000000
vn 1.000000 0.000000 0.000000
vn -1.000000 0.000000 0.000000
vn -1.000000 0.000000 0.000000
vn 1.000000 0.000000 0.000000
vn 1.000000 0.000000 0.000000
vn -1.000000 0.000000 0.000000
vn -1.000000 0.000000 0.000000
vn 1.000000 0.000000 0.000000
vn 1.000000 0.000000 0.000000
vn -1.000000 0.000000 0.000000
vn -1.000000 0.000000 0.000000
vn 1.000000 0.000000 0.000000
vn 1.000000 0.000000 0.000000
vn 0.000000 0.000000 -1.000000
vn 0.000000 0.000000 -1.000000
vn 0.000000 0.000000 -1.000000
vn 0.000000 0.000000 -1.000000
vn -1.000000 0.000000 0.000000
vn -1.000000 0.000000 0.000000
vn 0.000000 0.000000 -1.000000
vn 0.000000 0.000000 -1.000000
vn 0.000000 0.000000 -1.000000
vn 0.000000 0.000000 -1.000000
vn 0.000000 0.000000 -1.000000
vn 0.000000 0.000000 -1.000000
vn 0.000000 0.000000 -1.000000
vn 0.000000 0.000000 -1.000000
vn 0.000000 0.000000 -1.000000
vn 0.000000 0.000000 -1.000000
vn 0.000000 0.000000 -1.000000
vn 0.000000 0.000000 -1.000000
vn 0.000000 0.000000 -1.000000
vn 0.000000 0.000000 -1.000000
vn 0.000000 0.000000 -1.000000
vn 0.000000 0.000000 -1.000000
vn 1.000000 0.000000 0.000000
vn 1.000000 0.000000 0.000000
vn 0.000000 0.000000 -1.000000
vn 0.000000 0.000000 -1.000000
s 1
g pPlane13
usemtl lambert10SG
f 4354/4657/4771 4355/4658/4772 4356/4427/4773 4357/4659/4774
f 4355/4658/4772 4358/4660/4775 4359/4428/4776 4356/4427/4773
f 4358/4660/4775 4360/4661/4777 4361/4429/4778 4359/4428/4776
f 4360/4661/4777 4362/4662/4779 4363/4430/4780 4361/4429/4778
f 4362/4662/4779 4364/4663/4781 4365/4431/4782 4363/4430/4780
f 4364/4663/4781 4366/4664/4783 4367/4432/4784 4365/4431/4782
f 4366/4664/4783 4368/4665/4785 4369/4433/4786 4367/4432/4784
f 4368/4665/4785 4370/4666/4787 4371/4434/4788 4369/4433/4786
f 4370/4666/4787 4372/4667/4789 4373/4435/4790 4371/4434/4788
f 4372/4667/4789 4374/4668/4791 4375/4669/4792 4373/4435/4790
f 4357/4659/4774 4356/4427/4773 4376/4438/4793 4377/4670/4794
f 4356/4427/4773 4359/4428/4776 4378/4439/4795 4376/4438/4793
f 4359/4428/4776 4361/4429/4778 4379/4440/4796 4378/4439/4795
f 4361/4429/4778 4363/4430/4780 4380/4441/4797 4379/4440/4796
f 4363/4430/4780 4365/4431/4782 4381/4442/4798 4380/4441/4797
f 4365/4431/4782 4367/4432/4784 4382/4443/4799 4381/4442/4798
f 4367/4432/4784 4369/4433/4786 4383/4444/4800 4382/4443/4799
f 4369/4433/4786 4371/4434/4788 4384/4445/4801 4383/4444/4800
f 4371/4434/4788 4373/4435/4790 4385/4446/4802 4384/4445/4801
f 4373/4435/4790 4375/4669/4792 4386/4671/4803 4385/4446/4802
f 4377/4670/4794 4376/4438/4793 4387/4449/4804 4388/4672/4805
f 4376/4438/4793 4378/4439/4795 4389/4450/4806 4387/4449/4804
f 4378/4439/4795 4379/4440/4796 4390/4451/4807 4389/4450/4806
f 4379/4440/4796 4380/4441/4797 4391/4452/4808 4390/4451/4807
f 4380/4441/4797 4381/4442/4798 4392/4453/4809 4391/4452/4808
f 4381/4442/4798 4382/4443/4799 4393/4454/4810 4392/4453/4809
f 4382/4443/4799 4383/4444/4800 4394/4455/4811 4393/4454/4810
f 4383/4444/4800 4384/4445/4801 4395/4456/4812 4394/4455/4811
f 4384/4445/4801 4385/4446/4802 4396/4457/4813 4395/4456/4812
f 4385/4446/4802 4386/4671/4803 4397/4673/4814 4396/4457/4813
f 4388/4672/4805 4387/4449/4804 4398/4460/4815 4399/4674/4816
f 4387/4449/4804 4389/4450/4806 4400/4461/4817 4398/4460/4815
f 4389/4450/4806 4390/4451/4807 4401/4462/4818 4400/4461/4817
f 4390/4451/4807 4391/4452/4808 4402/4463/4819 4401/4462/4818
f 4391/4452/4808 4392/4453/4809 4403/4464/4820 4402/4463/4819
f 4392/4453/4809 4393/4454/4810 4404/4465/4821 4403/4464/4820
f 4393/4454/4810 4394/4455/4811 4405/4466/4822 4404/4465/4821
f 4394/4455/4811 4395/4456/4812 4406/4467/4823 4405/4466/4822
f 4395/4456/4812 4396/4457/4813 4407/4468/4824 4406/4467/4823
f 4396/4457/4813 4397/4673/4814 4408/4675/4825 4407/4468/4824
f 4399/4674/4816 4398/4460/4815 4409/4471/4826 4410/4676/4827
f 4398/4460/4815 4400/4461/4817 4411/4472/4828 4409/4471/4826
f 4400/4461/4817 4401/4462/4818 4412/4473/4829 4411/4472/4828
f 4401/4462/4818 4402/4463/4819 4413/4474/4830 4412/4473/4829
f 4402/4463/4819 4403/4464/4820 4414/4475/4831 4413/4474/4830
f 4403/4464/4820 4404/4465/4821 4415/4476/4832 4414/4475/4831
f 4404/4465/4821 4405/4466/4822 4416/4477/4833 4415/4476/4832
f 4405/4466/4822 4406/4467/4823 4417/4478/4834 4416/4477/4833
f 4406/4467/4823 4407/4468/4824 4418/4479/4835 4417/4478/4834
f 4407/4468/4824 4408/4675/4825 4419/4677/4836 4418/4479/4835
f 4410/4676/4827 4409/4471/4826 4420/4482/4837 4421/4678/4838
f 4409/4471/4826 4411/4472/4828 4422/4483/4839 4420/4482/4837
f 4411/4472/4828 4412/4473/4829 4423/4484/4840 4422/4483/4839
f 4412/4473/4829 4413/4474/4830 4424/4485/4841 4423/4484/4840
f 4413/4474/4830 4414/4475/4831 4425/4486/4842 4424/4485/4841
f 4414/4475/4831 4415/4476/4832 4426/4487/4843 4425/4486/4842
f 4415/4476/4832 4416/4477/4833 4427/4488/4844 4426/4487/4843
f 4416/4477/4833 4417/4478/4834 4428/4489/4845 4427/4488/4844
f 4417/4478/4834 4418/4479/4835 4429/4490/4846 4428/4489/4845
f 4418/4479/4835 4419/4677/4836 4430/4679/4847 4429/4490/4846
f 4421/4678/4838 4420/4482/4837 4431/4493/4848 4432/4680/4849
f 4420/4482/4837 4422/4483/4839 4433/4494/4850 4431/4493/4848
f 4422/4483/4839 4423/4484/4840 4434/4495/4851 4433/4494/4850
f 4423/4484/4840 4424/4485/4841 4435/4496/4852 4434/4495/4851
f 4424/4485/4841 4425/4486/4842 4436/4497/4853 4435/4496/4852
f 4425/4486/4842 4426/4487/4843 4437/4498/4854 4436/4497/4853
f 4426/4487/4843 4427/4488/4844 4438/4499/4855 4437/4498/4854
f 4427/4488/4844 4428/4489/4845 4439/4500/4856 4438/4499/4855
f 4428/4489/4845 4429/4490/4846 4440/4501/4857 4439/4500/4856
f 4429/4490/4846 4430/4679/4847 4441/4681/4858 4440/4501/4857
f 4432/4680/4849 4431/4493/4848 4442/4504/4859 4443/4682/4860
f 4431/4493/4848 4433/4494/4850 4444/4505/4861 4442/4504/4859
f 4433/4494/4850 4434/4495/4851 4445/4506/4862 4444/4505/4861
f 4434/4495/4851 4435/4496/4852 4446/4507/4863 4445/4506/4862
f 4435/4496/4852 4436/4497/4853 4447/4508/4864 4446/4507/4863
f 4436/4497/4853 4437/4498/4854 4448/4509/4865 4447/4508/4864
f 4437/4498/4854 4438/4499/4855 4449/4510/4866 4448/4509/4865
f 4438/4499/4855 4439/4500/4856 4450/4511/4867 4449/4510/4866
f 4439/4500/4856 4440/4501/4857 4451/4512/4868 4450/4511/4867
f 4440/4501/4857 4441/4681/4858 4452/4683/4869 4451/4512/4868
f 4443/4682/4860 4442/4504/4859 4453/4515/4870 4454/4684/4871
f 4442/4504/4859 4444/4505/4861 4455/4516/4872 4453/4515/4870
f 4444/4505/4861 4445/4506/4862 4456/4517/4873 4455/4516/4872
f 4445/4506/4862 4446/4507/4863 4457/4518/4874 4456/4517/4873
f 4446/4507/4863 4447/4508/4864 4458/4519/4875 4457/4518/4874
f 4447/4508/4864 4448/4509/4865 4459/4520/4876 4458/4519/4875
f 4448/4509/4865 4449/4510/4866 4460/4521/4877 4459/4520/4876
f 4449/4510/4866 4450/4511/4867 4461/4522/4878 4460/4521/4877
f 4450/4511/4867 4451/4512/4868 4462/4523/4879 4461/4522/4878
f 4451/4512/4868 4452/4683/4869 4463/4685/4880 4462/4523/4879
f 4454/4684/4871 4453/4515/4870 4464/4686/4881 4465/4687/4882
f 4453/4515/4870 4455/4516/4872 4466/4688/4883 4464/4686/4881
f 4455/4516/4872 4456/4517/4873 4467/4689/4884 4466/4688/4883
f 4456/4517/4873 4457/4518/4874 4468/4690/4885 4467/4689/4884
f 4457/4518/4874 4458/4519/4875 4469/4691/4886 4468/4690/4885
f 4458/4519/4875 4459/4520/4876 4470/4692/4887 4469/4691/4886
f 4459/4520/4876 4460/4521/4877 4471/4693/4888 4470/4692/4887
f 4460/4521/4877 4461/4522/4878 4472/4694/4889 4471/4693/4888
f 4461/4522/4878 4462/4523/4879 4473/4695/4890 4472/4694/4889
f 4462/4523/4879 4463/4685/4880 4474/4696/4891 4473/4695/4890
s 2
f 4233/4536/4892 4244/4539/4893 4245/4538/4894 4234/4537/4895
f 4234/4537/4895 4245/4538/4894 4246/4541/4896 4235/4540/4897
f 4235/4540/4897 4246/4541/4896 4247/4543/4898 4236/4542/4899
f 4236/4542/4899 4247/4543/4898 4248/4545/4900 4237/4544/4901
f 4237/4544/4901 4248/4545/4900 4249/4547/4902 4238/4546/4903
f 4238/4546/4903 4249/4547/4902 4250/4549/4904 4239/4548/4905
f 4239/4548/4905 4250/4549/4904 4251/4551/4906 4240/4550/4907
f 4240/4550/4907 4251/4551/4906 4252/4553/4908 4241/4552/4909
f 4241/4552/4909 4252/4553/4908 4253/4555/4910 4242/4554/4911
f 4242/4554/4911 4253/4555/4910 4254/4557/4912 4243/4556/4913
f 4244/4539/4893 4255/4559/4914 4256/4558/4915 4245/4538/4894
f 4245/4538/4894 4256/4558/4915 4257/4560/4916 4246/4541/4896
f 4246/4541/4896 4257/4560/4916 4258/4561/4917 4247/4543/4898
f 4247/4543/4898 4258/4561/4917 4259/4562/4918 4248/4545/4900
f 4248/4545/4900 4259/4562/4918 4260/4563/4919 4249/4547/4902
f 4249/4547/4902 4260/4563/4919 4261/4564/4920 4250/4549/4904
f 4250/4549/4904 4261/4564/4920 4262/4565/4921 4251/4551/4906
f 4251/4551/4906 4262/4565/4921 4263/4566/4922 4252/4553/4908
f 4252/4553/4908 4263/4566/4922 4264/4567/4923 4253/4555/4910
f 4253/4555/4910 4264/4567/4923 4265/4568/4924 4254/4557/4912
f 4255/4559/4914 4266/4570/4925 4267/4569/4926 4256/4558/4915
f 4256/4558/4915 4267/4569/4926 4268/4571/4927 4257/4560/4916
f 4257/4560/4916 4268/4571/4927 4269/4572/4928 4258/4561/4917
f 4258/4561/4917 4269/4572/4928 4270/4573/4929 4259/4562/4918
f 4259/4562/4918 4270/4573/4929 4271/4574/4930 4260/4563/4919
f 4260/4563/4919 4271/4574/4930 4272/4575/4931 4261/4564/4920
f 4261/4564/4920 4272/4575/4931 4273/4576/4932 4262/4565/4921
f 4262/4565/4921 4273/4576/4932 4274/4577/4933 4263/4566/4922
f 4263/4566/4922 4274/4577/4933 4275/4578/4934 4264/4567/4923
f 4264/4567/4923 4275/4578/4934 4276/4579/4935 4265/4568/4924
f 4266/4570/4925 4277/4581/4936 4278/4580/4937 4267/4569/4926
f 4267/4569/4926 4278/4580/4937 4279/4582/4938 4268/4571/4927
f 4268/4571/4927 4279/4582/4938 4280/4583/4939 4269/4572/4928
f 4269/4572/4928 4280/4583/4939 4281/4584/4940 4270/4573/4929
f 4270/4573/4929 4281/4584/4940 4282/4585/4941 4271/4574/4930
f 4271/4574/4930 4282/4585/4941 4283/4586/4942 4272/4575/4931
f 4272/4575/4931 4283/4586/4942 4284/4587/4943 4273/4576/4932
f 4273/4576/4932 4284/4587/4943 4285/4588/4944 4274/4577/4933
f 4274/4577/4933 4285/4588/4944 4286/4589/4945 4275/4578/4934
f 4275/4578/4934 4286/4589/4945 4287/4590/4946 4276/4579/4935
f 4277/4581/4936 4288/4592/4947 4289/4591/4948 4278/4580/4937
f 4278/4580/4937 4289/4591/4948 4290/4593/4949 4279/4582/4938
f 4279/4582/4938 4290/4593/4949 4291/4594/4950 4280/4583/4939
f 4280/4583/4939 4291/4594/4950 4292/4595/4951 4281/4584/4940
f 4281/4584/4940 4292/4595/4951 4293/4596/4952 4282/4585/4941
f 4282/4585/4941 4293/4596/4952 4294/4597/4953 4283/4586/4942
f 4283/4586/4942 4294/4597/4953 4295/4598/4954 4284/4587/4943
f 4284/4587/4943 4295/4598/4954 4296/4599/4955 4285/4588/4944
f 4285/4588/4944 4296/4599/4955 4297/4600/4956 4286/4589/4945
f 4286/4589/4945 4297/4600/4956 4298/4601/4957 4287/4590/4946
f 4288/4592/4947 4299/4603/4958 4300/4602/4959 4289/4591/4948
f 4289/4591/4948 4300/4602/4959 4301/4604/4960 4290/4593/4949
f 4290/4593/4949 4301/4604/4960 4302/4605/4961 4291/4594/4950
f 4291/4594/4950 4302/4605/4961 4303/4606/4962 4292/4595/4951
f 4292/4595/4951 4303/4606/4962 4304/4607/4963 4293/4596/4952
f 4293/4596/4952 4304/4607/4963 4305/4608/4964 4294/4597/4953
f 4294/4597/4953 4305/4608/4964 4306/4609/4965 4295/4598/4954
f 4295/4598/4954 4306/4609/4965 4307/4610/4966 4296/4599/4955
f 4296/4599/4955 4307/4610/4966 4308/4611/4967 4297/4600/4956
f 4297/4600/4956 4308/4611/4967 4309/4612/4968 4298/4601/4957
f 4299/4603/4958 4310/4614/4969 4311/4613/4970 4300/4602/4959
f 4300/4602/4959 4311/4613/4970 4312/4615/4971 4301/4604/4960
f 4301/4604/4960 4312/4615/4971 4313/4616/4972 4302/4605/4961
f 4302/4605/4961 4313/4616/4972 4314/4617/4973 4303/4606/4962
f 4303/4606/4962 4314/4617/4973 4315/4618/4974 4304/4607/4963
f 4304/4607/4963 4315/4618/4974 4316/4619/4975 4305/4608/4964
f 4305/4608/4964 4316/4619/4975 4317/4620/4976 4306/4609/4965
f 4306/4609/4965 4317/4620/4976 4318/4621/4977 4307/4610/4966
f 4307/4610/4966 4318/4621/4977 4319/4622/4978 4308/4611/4967
f 4308/4611/4967 4319/4622/4978 4320/4623/4979 4309/4612/4968
f 4310/4614/4969 4321/4625/4980 4322/4624/4981 4311/4613/4970
f 4311/4613/4970 4322/4624/4981 4323/4626/4982 4312/4615/4971
f 4312/4615/4971 4323/4626/4982 4324/4627/4983 4313/4616/4972
f 4313/4616/4972 4324/4627/4983 4325/4628/4984 4314/4617/4973
f 4314/4617/4973 4325/4628/4984 4326/4629/4985 4315/4618/4974
f 4315/4618/4974 4326/4629/4985 4327/4630/4986 4316/4619/4975
f 4316/4619/4975 4327/4630/4986 4328/4631/4987 4317/4620/4976
f 4317/4620/4976 4328/4631/4987 4329/4632/4988 4318/4621/4977
f 4318/4621/4977 4329/4632/4988 4330/4633/4989 4319/4622/4978
f 4319/4622/4978 4330/4633/4989 4331/4634/4990 4320/4623/4979
f 4321/4625/4980 4332/4636/4991 4333/4635/4992 4322/4624/4981
f 4322/4624/4981 4333/4635/4992 4334/4637/4993 4323/4626/4982
f 4323/4626/4982 4334/4637/4993 4335/4638/4994 4324/4627/4983
f 4324/4627/4983 4335/4638/4994 4336/4639/4995 4325/4628/4984
f 4325/4628/4984 4336/4639/4995 4337/4640/4996 4326/4629/4985
f 4326/4629/4985 4337/4640/4996 4338/4641/4997 4327/4630/4986
f 4327/4630/4986 4338/4641/4997 4339/4642/4998 4328/4631/4987
f 4328/4631/4987 4339/4642/4998 4340/4643/4999 4329/4632/4988
f 4329/4632/4988 4340/4643/4999 4341/4644/5000 4330/4633/4989
f 4330/4633/4989 4341/4644/5000 4342/4645/5001 4331/4634/4990
f 4332/4636/4991 4343/4647/5002 4344/4646/5003 4333/4635/4992
f 4333/4635/4992 4344/4646/5003 4345/4648/5004 4334/4637/4993
f 4334/4637/4993 4345/4648/5004 4346/4649/5005 4335/4638/4994
f 4335/4638/4994 4346/4649/5005 4347/4650/5006 4336/4639/4995
f 4336/4639/4995 4347/4650/5006 4348/4651/5007 4337/4640/4996
f 4337/4640/4996 4348/4651/5007 4349/4652/5008 4338/4641/4997
f 4338/4641/4997 4349/4652/5008 4350/4653/5009 4339/4642/4998
f 4339/4642/4998 4350/4653/5009 4351/4654/5010 4340/4643/4999
f 4340/4643/4999 4351/4654/5010 4352/4655/5011 4341/4644/5000
f 4341/4644/5000 4352/4655/5011 4353/4656/5012 4342/4645/5001
s 3
f 4233/4415/5013 4234/4416/5014 4355/4658/5015 4354/4657/5016
s 4
f 4244/4426/5017 4233/4415/5018 4354/4657/5019 4357/4659/5020
s 3
f 4234/4416/5014 4235/4417/5021 4358/4660/5022 4355/4658/5015
f 4235/4417/5021 4236/4418/5023 4360/4661/5024 4358/4660/5022
f 4236/4418/5023 4237/4419/5025 4362/4662/5026 4360/4661/5024
f 4237/4419/5025 4238/4420/5027 4364/4663/5028 4362/4662/5026
f 4238/4420/5027 4239/4421/5029 4366/4664/5030 4364/4663/5028
f 4239/4421/5029 4240/4422/5031 4368/4665/5032 4366/4664/5030
f 4240/4422/5031 4241/4423/5033 4370/4666/5034 4368/4665/5032
f 4241/4423/5033 4242/4424/5035 4372/4667/5036 4370/4666/5034
f 4242/4424/5035 4243/4425/5037 4374/4668/5038 4372/4667/5036
s 5
f 4243/4425/5039 4254/4436/5040 4375/4669/5041 4374/4668/5042
s 4
f 4255/4437/5043 4244/4426/5017 4357/4659/5020 4377/4670/5044
s 5
f 4254/4436/5040 4265/4447/5045 4386/4671/5046 4375/4669/5041
s 4
f 4266/4448/5047 4255/4437/5043 4377/4670/5044 4388/4672/5048
s 5
f 4265/4447/5045 4276/4458/5049 4397/4673/5050 4386/4671/5046
s 4
f 4277/4459/5051 4266/4448/5047 4388/4672/5048 4399/4674/5052
s 5
f 4276/4458/5049 4287/4469/5053 4408/4675/5054 4397/4673/5050
s 4
f 4288/4470/5055 4277/4459/5051 4399/4674/5052 4410/4676/5056
s 5
f 4287/4469/5053 4298/4480/5057 4419/4677/5058 4408/4675/5054
s 4
f 4299/4481/5059 4288/4470/5055 4410/4676/5056 4421/4678/5060
s 5
f 4298/4480/5057 4309/4491/5061 4430/4679/5062 4419/4677/5058
s 4
f 4310/4492/5063 4299/4481/5059 4421/4678/5060 4432/4680/5064
s 5
f 4309/4491/5061 4320/4502/5065 4441/4681/5066 4430/4679/5062
s 4
f 4321/4503/5067 4310/4492/5063 4432/4680/5064 4443/4682/5068
s 5
f 4320/4502/5065 4331/4513/5069 4452/4683/5070 4441/4681/5066
s 4
f 4332/4514/5071 4321/4503/5067 4443/4682/5068 4454/4684/5072
s 5
f 4331/4513/5069 4342/4524/5073 4463/4685/5074 4452/4683/5070
s 6
f 4344/4526/5075 4343/4525/5076 4465/4687/5077 4464/4686/5078
s 4
f 4343/4525/5079 4332/4514/5071 4454/4684/5072 4465/4687/5080
s 6
f 4345/4527/5081 4344/4526/5075 4464/4686/5078 4466/4688/5082
f 4346/4528/5083 4345/4527/5081 4466/4688/5082 4467/4689/5084
f 4347/4529/5085 4346/4528/5083 4467/4689/5084 4468/4690/5086
f 4348/4530/5087 4347/4529/5085 4468/4690/5086 4469/4691/5088
f 4349/4531/5089 4348/4530/5087 4469/4691/5088 4470/4692/5090
f 4350/4532/5091 4349/4531/5089 4470/4692/5090 4471/4693/5092
f 4351/4533/5093 4350/4532/5091 4471/4693/5092 4472/4694/5094
f 4352/4534/5095 4351/4533/5093 4472/4694/5094 4473/4695/5096
s 5
f 4342/4524/5073 4353/4535/5097 4474/4696/5098 4463/4685/5074
s 6
f 4353/4535/5099 4352/4534/5095 4473/4695/5096 4474/4696/5100
g default
v 7.560312 0.940679 2.207699
v 6.858582 0.940679 2.207699
v 6.156852 0.940679 2.207699
v 5.455122 0.940679 2.207699
v 4.753392 0.940679 2.207699
v 4.051662 0.940678 2.207699
v 3.349932 0.940678 2.207699
v 2.648202 0.940679 2.207699
v 1.946472 0.940679 2.207699
v 1.244742 0.940679 2.207699
v 0.543011 0.940678 2.207699
v 7.560919 0.940677 1.508400
v 6.859189 0.940677 1.508400
v 6.157459 0.940677 1.508400
v 5.455729 0.940677 1.508400
v 4.753999 0.940677 1.508400
v 4.052269 0.940677 1.508400
v 3.350539 0.940677 1.508400
v 2.648809 0.940677 1.508400
v 1.947079 0.940677 1.508401
v 1.245349 0.940677 1.508400
v 0.543619 0.940677 1.508400
v 7.561527 0.940675 0.809102
v 6.859796 0.940675 0.809102
v 6.158066 0.940675 0.809102
v 5.456336 0.940675 0.809102
v 4.754606 0.940675 0.809102
v 4.052876 0.940675 0.809102
v 3.351146 0.940675 0.809102
v 2.649416 0.940675 0.809102
v 1.947686 0.940675 0.809102
v 1.245956 0.940675 0.809102
v 0.544226 0.940675 0.809102
v 7.562133 0.940673 0.109803
v 6.860403 0.940673 0.109803
v 6.158673 0.940673 0.109803
v 5.456943 0.940673 0.109803
v 4.755213 0.940673 0.109803
v 4.053483 0.940673 0.109803
v 3.351753 0.940673 0.109803
v 2.650023 0.940673 0.109803
v 1.948293 0.940673 0.109803
v 1.246563 0.940673 0.109803
v 0.544833 0.940673 0.109803
v 7.562741 0.940671 -0.589495
v 6.861011 0.940671 -0.589495
v 6.159281 0.940671 -0.589495
v 5.457550 0.940671 -0.589495
v 4.755820 0.940671 -0.589495
v 4.054090 0.940671 -0.589495
v 3.352360 0.940671 -0.589495
v 2.650631 0.940671 -0.589495
v 1.948900 0.940671 -0.589495
v 1.247171 0.940671 -0.589495
v 0.545440 0.940671 -0.589495
v 7.563348 0.940669 -1.288794
v 6.861618 0.940669 -1.288794
v 6.159888 0.940669 -1.288794
v 5.458158 0.940669 -1.288794
v 4.756428 0.940669 -1.288794
v 4.054698 0.940669 -1.288794
v 3.352968 0.940669 -1.288794
v 2.651237 0.940669 -1.288794
v 1.949508 0.940669 -1.288794
v 1.247777 0.940669 -1.288794
v 0.546047 0.940669 -1.288794
v 7.563955 0.940667 -1.988093
v 6.862225 0.940667 -1.988093
v 6.160495 0.940667 -1.988093
v 5.458765 0.940667 -1.988093
v 4.757035 0.940667 -1.988093
v 4.055305 0.940667 -1.988093
v 3.353575 0.940667 -1.988093
v 2.651845 0.940667 -1.988093
v 1.950115 0.940667 -1.988093
v 1.248384 0.940667 -1.988093
v 0.546654 0.940667 -1.988093
v 7.564562 0.940665 -2.687391
v 6.862832 0.940665 -2.687391
v 6.161102 0.940665 -2.687391
v 5.459372 0.940665 -2.687391
v 4.757642 0.940665 -2.687391
v 4.055912 0.940665 -2.687391
v 3.354182 0.940665 -2.687391
v 2.652452 0.940665 -2.687391
v 1.950721 0.940665 -2.687391
v 1.248992 0.940665 -2.687391
v 0.547262 0.940665 -2.687391
v 7.565169 0.940663 -3.386690
v 6.863439 0.940663 -3.386690
v 6.161709 0.940663 -3.386690
v 5.459979 0.940663 -3.386690
v 4.758249 0.940663 -3.386690
v 4.056519 0.940663 -3.386690
v 3.354789 0.940663 -3.386690
v 2.653059 0.940663 -3.386690
v 1.951329 0.940663 -3.386690
v 1.249598 0.940663 -3.386690
v 0.547869 0.940663 -3.386690
v 7.565777 0.940661 -4.085989
v 6.864046 0.940661 -4.085989
v 6.162317 0.940661 -4.085989
v 5.460586 0.940661 -4.085988
v 4.758856 0.940661 -4.085989
v 4.057126 0.940661 -4.085988
v 3.355396 0.940661 -4.085988
v 2.653667 0.940661 -4.085989
v 1.951936 0.940661 -4.085988
v 1.250206 0.940661 -4.085989
v 0.548477 0.940661 -4.085989
v 7.566383 0.940659 -4.785287
v 6.864653 0.940659 -4.785287
v 6.162924 0.940659 -4.785287
v 5.461193 0.940659 -4.785287
v 4.759464 0.940659 -4.785287
v 4.057734 0.940659 -4.785287
v 3.356003 0.940659 -4.785287
v 2.654274 0.940659 -4.785287
v 1.952543 0.940659 -4.785287
v 1.250814 0.940659 -4.785287
v 0.549084 0.940659 -4.785287
vt 0.995841 1.004125
vt 0.895844 1.003296
vt 0.896673 0.903300
vt 0.996669 0.904128
vt 0.795848 1.002468
vt 0.796676 0.902471
vt 0.695851 1.001640
vt 0.696680 0.901643
vt 0.595855 1.000811
vt 0.596683 0.900815
vt 0.495858 0.999983
vt 0.496686 0.899986
vt 0.395861 0.999154
vt 0.396690 0.899158
vt 0.295865 0.998326
vt 0.296693 0.898329
vt 0.195868 0.997498
vt 0.196697 0.897501
vt 0.095872 0.996669
vt 0.096700 0.896673
vt -0.004125 0.995841
vt -0.003296 0.895844
vt 0.897501 0.803303
vt 0.997498 0.804132
vt 0.797505 0.802475
vt 0.697508 0.801646
vt 0.597511 0.800818
vt 0.497515 0.799990
vt 0.397518 0.799161
vt 0.297522 0.798333
vt 0.197525 0.797505
vt 0.097529 0.796676
vt -0.002468 0.795848
vt 0.898329 0.703307
vt 0.998326 0.704135
vt 0.798333 0.702478
vt 0.698336 0.701650
vt 0.598340 0.700822
vt 0.498343 0.699993
vt 0.398347 0.699165
vt 0.298350 0.698336
vt 0.198354 0.697508
vt 0.098357 0.696680
vt -0.001640 0.695851
vt 0.899158 0.603310
vt 0.999154 0.604138
vt 0.799161 0.602482
vt 0.699165 0.601653
vt 0.599168 0.600825
vt 0.499172 0.599997
vt 0.399175 0.599168
vt 0.299178 0.598340
vt 0.199182 0.597511
vt 0.099185 0.596683
vt -0.000811 0.595855
vt 0.899986 0.503314
vt 0.999983 0.504142
vt 0.799990 0.502485
vt 0.699993 0.501657
vt 0.599997 0.500828
vt 0.500000 0.500000
vt 0.400003 0.499172
vt 0.300007 0.498343
vt 0.200010 0.497515
vt 0.100014 0.496686
vt 0.000017 0.495858
vt 0.900815 0.403317
vt 1.000811 0.404145
vt 0.800818 0.402489
vt 0.700822 0.401660
vt 0.600825 0.400832
vt 0.500828 0.400003
vt 0.400832 0.399175
vt 0.300835 0.398347
vt 0.200839 0.397518
vt 0.100842 0.396690
vt 0.000846 0.395861
vt 0.901643 0.303320
vt 1.001640 0.304149
vt 0.801646 0.302492
vt 0.701650 0.301664
vt 0.601653 0.300835
vt 0.501657 0.300007
vt 0.401660 0.299178
vt 0.301664 0.298350
vt 0.201667 0.297522
vt 0.101670 0.296693
vt 0.001674 0.295865
vt 0.902471 0.203324
vt 1.002468 0.204152
vt 0.802475 0.202496
vt 0.702478 0.201667
vt 0.602482 0.200839
vt 0.502485 0.200010
vt 0.402489 0.199182
vt 0.302492 0.198354
vt 0.202496 0.197525
vt 0.102499 0.196697
vt 0.002502 0.195868
vt 0.903300 0.103327
vt 1.003296 0.104156
vt 0.803303 0.102499
vt 0.703307 0.101670
vt 0.603310 0.100842
vt 0.503314 0.100014
vt 0.403317 0.099185
vt 0.303320 0.098357
vt 0.203324 0.097529
vt 0.103327 0.096700
vt 0.003331 0.095872
vt 0.904128 0.003331
vt 1.004125 0.004159
vt 0.804132 0.002502
vt 0.704135 0.001674
vt 0.604138 0.000846
vt 0.504142 0.000017
vt 0.404145 -0.000811
vt 0.304149 -0.001640
vt 0.204152 -0.002468
vt 0.104156 -0.003296
vt 0.004159 -0.004125
vn 0.000000 1.000000 -0.000003
vn 0.000000 1.000000 -0.000003
vn 0.000000 1.000000 -0.000003
vn 0.000000 1.000000 -0.000003
vn 0.000000 1.000000 -0.000003
vn 0.000000 1.000000 -0.000003
vn -0.000000 1.000000 -0.000003
vn -0.000000 1.000000 -0.000003
vn -0.000000 1.000000 -0.000003
vn -0.000000 1.000000 -0.000003
vn 0.000000 1.000000 -0.000003
vn -0.000000 1.000000 -0.000003
vn 0.000000 1.000000 -0.000003
vn 0.000000 1.000000 -0.000003
vn 0.000000 1.000000 -0.000003
vn 0.000000 1.000000 -0.000003
vn -0.000000 1.000000 -0.000003
vn -0.000000 1.000000 -0.000003
vn -0.000000 1.000000 -0.000003
vn -0.000000 1.000000 -0.000003
vn -0.000000 1.000000 -0.000003
vn -0.000000 1.000000 -0.000003
vn 0.000000 1.000000 -0.000003
vn 0.000000 1.000000 -0.000003
vn -0.000000 1.000000 -0.000003
vn -0.000000 1.000000 -0.000003
vn -0.000000 1.000000 -0.000003
vn 0.000000 1.000000 -0.000003
vn 0.000000 1.000000 -0.000003
vn -0.000000 1.000000 -0.000003
vn -0.000000 1.000000 -0.000003
vn 0.000000 1.000000 -0.000003
vn 0.000000 1.000000 -0.000003
vn 0.000000 1.000000 -0.000003
vn 0.000000 1.000000 -0.000003
vn -0.000000 1.000000 -0.000003
vn -0.000000 1.000000 -0.000003
vn -0.000000 1.000000 -0.000003
vn 0.000000 1.000000 -0.000003
vn 0.000000 1.000000 -0.000003
vn -0.000000 1.000000 -0.000003
vn -0.000000 1.000000 -0.000003
vn 0.000000 1.000000 -0.000003
vn 0.000000 1.000000 -0.000003
vn 0.000000 1.000000 -0.000003
vn -0.000000 1.000000 -0.000003
vn -0.000000 1.000000 -0.000003
vn 0.000000 1.000000 -0.000003
vn -0.000000 1.000000 -0.000003
vn -0.000000 1.000000 -0.000003
vn 0.000000 1.000000 -0.000003
vn -0.000000 1.000000 -0.000003
vn 0.000000 1.000000 -0.000003
vn 0.000000 1.000000 -0.000003
vn 0.000000 1.000000 -0.000003
vn -0.000000 1.000000 -0.000003
vn -0.000000 1.000000 -0.000003
vn -0.000000 1.000000 -0.000003
vn 0.000000 1.000000 -0.000003
vn 0.000000 1.000000 -0.000003
vn -0.000000 1.000000 -0.000003
vn -0.000000 1.000000 -0.000003
vn -0.000000 1.000000 -0.000003
vn 0.000000 1.000000 -0.000003
vn 0.000000 1.000000 -0.000003
vn 0.000000 1.000000 -0.000003
vn -0.000000 1.000000 -0.000003
vn -0.000000 1.000000 -0.000003
vn -0.000000 1.000000 -0.000003
vn 0.000000 1.000000 -0.000003
vn 0.000000 1.000000 -0.000003
vn -0.000000 1.000000 -0.000003
vn -0.000000 1.000000 -0.000003
vn 0.000000 1.000000 -0.000003
vn 0.000000 1.000000 -0.000003
vn -0.000000 1.000000 -0.000003
vn 0.000000 1.000000 -0.000003
vn -0.000000 1.000000 -0.000003
vn 0.000000 1.000000 -0.000003
vn 0.000000 1.000000 -0.000003
vn 0.000000 1.000000 -0.000003
vn -0.000000 1.000000 -0.000003
vn -0.000000 1.000000 -0.000003
vn 0.000000 1.000000 -0.000003
vn 0.000000 1.000000 -0.000003
vn 0.000000 1.000000 -0.000003
vn 0.000000 1.000000 -0.000003
vn 0.000000 1.000000 -0.000003
vn -0.000000 1.000000 -0.000003
vn 0.000000 1.000000 -0.000003
vn 0.000000 1.000000 -0.000003
vn 0.000000 1.000000 -0.000003
vn -0.000000 1.000000 -0.000003
vn -0.000000 1.000000 -0.000003
vn 0.000000 1.000000 -0.000003
vn 0.000000 1.000000 -0.000003
vn -0.000000 1.000000 -0.000003
vn 0.000000 1.000000 -0.000003
vn 0.000000 1.000000 -0.000003
vn -0.000000 1.000000 -0.000003
vn -0.000000 1.000000 -0.000003
vn -0.000000 1.000000 -0.000003
vn 0.000000 1.000000 -0.000003
vn 0.000000 1.000000 -0.000003
vn 0.000000 1.000000 -0.000003
vn 0.000000 1.000000 -0.000003
vn 0.000000 1.000000 -0.000003
vn -0.000000 1.000000 -0.000003
vn -0.000000 1.000000 -0.000003
vn 0.000000 1.000000 -0.000003
vn -0.000000 1.000000 -0.000003
vn -0.000000 1.000000 -0.000003
vn -0.000000 1.000000 -0.000003
vn -0.000000 1.000000 -0.000003
vn 0.000000 1.000000 -0.000003
vn 0.000000 1.000000 -0.000003
vn 0.000000 1.000000 -0.000003
vn 0.000000 1.000000 -0.000003
vn -0.000000 1.000000 -0.000003
vn -0.000000 1.000000 -0.000003
vn 0.000000 1.000000 -0.000003
s 1
g pPlane13 pPlane8
f 4475/4697/5101 4486/4700/5102 4487/4699/5103 4476/4698/5104
f 4476/4698/5104 4487/4699/5103 4488/4702/5105 4477/4701/5106
f 4477/4701/5106 4488/4702/5105 4489/4704/5107 4478/4703/5108
f 4478/4703/5108 4489/4704/5107 4490/4706/5109 4479/4705/5110
f 4479/4705/5110 4490/4706/5109 4491/4708/5111 4480/4707/5112
f 4480/4707/5112 4491/4708/5111 4492/4710/5113 4481/4709/5114
f 4481/4709/5114 4492/4710/5113 4493/4712/5115 4482/4711/5116
f 4482/4711/5116 4493/4712/5115 4494/4714/5117 4483/4713/5118
f 4483/4713/5118 4494/4714/5117 4495/4716/5119 4484/4715/5120
f 4484/4715/5120 4495/4716/5119 4496/4718/5121 4485/4717/5122
f 4486/4700/5102 4497/4720/5123 4498/4719/5124 4487/4699/5103
f 4487/4699/5103 4498/4719/5124 4499/4721/5125 4488/4702/5105
f 4488/4702/5105 4499/4721/5125 4500/4722/5126 4489/4704/5107
f 4489/4704/5107 4500/4722/5126 4501/4723/5127 4490/4706/5109
f 4490/4706/5109 4501/4723/5127 4502/4724/5128 4491/4708/5111
f 4491/4708/5111 4502/4724/5128 4503/4725/5129 4492/4710/5113
f 4492/4710/5113 4503/4725/5129 4504/4726/5130 4493/4712/5115
f 4493/4712/5115 4504/4726/5130 4505/4727/5131 4494/4714/5117
f 4494/4714/5117 4505/4727/5131 4506/4728/5132 4495/4716/5119
f 4495/4716/5119 4506/4728/5132 4507/4729/5133 4496/4718/5121
f 4497/4720/5123 4508/4731/5134 4509/4730/5135 4498/4719/5124
f 4498/4719/5124 4509/4730/5135 4510/4732/5136 4499/4721/5125
f 4499/4721/5125 4510/4732/5136 4511/4733/5137 4500/4722/5126
f 4500/4722/5126 4511/4733/5137 4512/4734/5138 4501/4723/5127
f 4501/4723/5127 4512/4734/5138 4513/4735/5139 4502/4724/5128
f 4502/4724/5128 4513/4735/5139 4514/4736/5140 4503/4725/5129
f 4503/4725/5129 4514/4736/5140 4515/4737/5141 4504/4726/5130
f 4504/4726/5130 4515/4737/5141 4516/4738/5142 4505/4727/5131
f 4505/4727/5131 4516/4738/5142 4517/4739/5143 4506/4728/5132
f 4506/4728/5132 4517/4739/5143 4518/4740/5144 4507/4729/5133
f 4508/4731/5134 4519/4742/5145 4520/4741/5146 4509/4730/5135
f 4509/4730/5135 4520/4741/5146 4521/4743/5147 4510/4732/5136
f 4510/4732/5136 4521/4743/5147 4522/4744/5148 4511/4733/5137
f 4511/4733/5137 4522/4744/5148 4523/4745/5149 4512/4734/5138
f 4512/4734/5138 4523/4745/5149 4524/4746/5150 4513/4735/5139
f 4513/4735/5139 4524/4746/5150 4525/4747/5151 4514/4736/5140
f 4514/4736/5140 4525/4747/5151 4526/4748/5152 4515/4737/5141
f 4515/4737/5141 4526/4748/5152 4527/4749/5153 4516/4738/5142
f 4516/4738/5142 4527/4749/5153 4528/4750/5154 4517/4739/5143
f 4517/4739/5143 4528/4750/5154 4529/4751/5155 4518/4740/5144
f 4519/4742/5145 4530/4753/5156 4531/4752/5157 4520/4741/5146
f 4520/4741/5146 4531/4752/5157 4532/4754/5158 4521/4743/5147
f 4521/4743/5147 4532/4754/5158 4533/4755/5159 4522/4744/5148
f 4522/4744/5148 4533/4755/5159 4534/4756/5160 4523/4745/5149
f 4523/4745/5149 4534/4756/5160 4535/4757/5161 4524/4746/5150
f 4524/4746/5150 4535/4757/5161 4536/4758/5162 4525/4747/5151
f 4525/4747/5151 4536/4758/5162 4537/4759/5163 4526/4748/5152
f 4526/4748/5152 4537/4759/5163 4538/4760/5164 4527/4749/5153
f 4527/4749/5153 4538/4760/5164 4539/4761/5165 4528/4750/5154
f 4528/4750/5154 4539/4761/5165 4540/4762/5166 4529/4751/5155
f 4530/4753/5156 4541/4764/5167 4542/4763/5168 4531/4752/5157
f 4531/4752/5157 4542/4763/5168 4543/4765/5169 4532/4754/5158
f 4532/4754/5158 4543/4765/5169 4544/4766/5170 4533/4755/5159
f 4533/4755/5159 4544/4766/5170 4545/4767/5171 4534/4756/5160
f 4534/4756/5160 4545/4767/5171 4546/4768/5172 4535/4757/5161
f 4535/4757/5161 4546/4768/5172 4547/4769/5173 4536/4758/5162
f 4536/4758/5162 4547/4769/5173 4548/4770/5174 4537/4759/5163
f 4537/4759/5163 4548/4770/5174 4549/4771/5175 4538/4760/5164
f 4538/4760/5164 4549/4771/5175 4550/4772/5176 4539/4761/5165
f 4539/4761/5165 4550/4772/5176 4551/4773/5177 4540/4762/5166
f 4541/4764/5167 4552/4775/5178 4553/4774/5179 4542/4763/5168
f 4542/4763/5168 4553/4774/5179 4554/4776/5180 4543/4765/5169
f 4543/4765/5169 4554/4776/5180 4555/4777/5181 4544/4766/5170
f 4544/4766/5170 4555/4777/5181 4556/4778/5182 4545/4767/5171
f 4545/4767/5171 4556/4778/5182 4557/4779/5183 4546/4768/5172
f 4546/4768/5172 4557/4779/5183 4558/4780/5184 4547/4769/5173
f 4547/4769/5173 4558/4780/5184 4559/4781/5185 4548/4770/5174
f 4548/4770/5174 4559/4781/5185 4560/4782/5186 4549/4771/5175
f 4549/4771/5175 4560/4782/5186 4561/4783/5187 4550/4772/5176
f 4550/4772/5176 4561/4783/5187 4562/4784/5188 4551/4773/5177
f 4552/4775/5178 4563/4786/5189 4564/4785/5190 4553/4774/5179
f 4553/4774/5179 4564/4785/5190 4565/4787/5191 4554/4776/5180
f 4554/4776/5180 4565/4787/5191 4566/4788/5192 4555/4777/5181
f 4555/4777/5181 4566/4788/5192 4567/4789/5193 4556/4778/5182
f 4556/4778/5182 4567/4789/5193 4568/4790/5194 4557/4779/5183
f 4557/4779/5183 4568/4790/5194 4569/4791/5195 4558/4780/5184
f 4558/4780/5184 4569/4791/5195 4570/4792/5196 4559/4781/5185
f 4559/4781/5185 4570/4792/5196 4571/4793/5197 4560/4782/5186
f 4560/4782/5186 4571/4793/5197 4572/4794/5198 4561/4783/5187
f 4561/4783/5187 4572/4794/5198 4573/4795/5199 4562/4784/5188
f 4563/4786/5189 4574/4797/5200 4575/4796/5201 4564/4785/5190
f 4564/4785/5190 4575/4796/5201 4576/4798/5202 4565/4787/5191
f 4565/4787/5191 4576/4798/5202 4577/4799/5203 4566/4788/5192
f 4566/4788/5192 4577/4799/5203 4578/4800/5204 4567/4789/5193
f 4567/4789/5193 4578/4800/5204 4579/4801/5205 4568/4790/5194
f 4568/4790/5194 4579/4801/5205 4580/4802/5206 4569/4791/5195
f 4569/4791/5195 4580/4802/5206 4581/4803/5207 4570/4792/5196
f 4570/4792/5196 4581/4803/5207 4582/4804/5208 4571/4793/5197
f 4571/4793/5197 4582/4804/5208 4583/4805/5209 4572/4794/5198
f 4572/4794/5198 4583/4805/5209 4584/4806/5210 4573/4795/5199
f 4574/4797/5200 4585/4808/5211 4586/4807/5212 4575/4796/5201
f 4575/4796/5201 4586/4807/5212 4587/4809/5213 4576/4798/5202
f 4576/4798/5202 4587/4809/5213 4588/4810/5214 4577/4799/5203
f 4577/4799/5203 4588/4810/5214 4589/4811/5215 4578/4800/5204
f 4578/4800/5204 4589/4811/5215 4590/4812/5216 4579/4801/5205
f 4579/4801/5205 4590/4812/5216 4591/4813/5217 4580/4802/5206
f 4580/4802/5206 4591/4813/5217 4592/4814/5218 4581/4803/5207
f 4581/4803/5207 4592/4814/5218 4593/4815/5219 4582/4804/5208
f 4582/4804/5208 4593/4815/5219 4594/4816/5220 4583/4805/5209
f 4583/4805/5209 4594/4816/5220 4595/4817/5221 4584/4806/5210
g default
v 6.803001 0.868272 2.267933
v 6.255371 0.868272 2.269705
v 5.707741 0.868272 2.271476
v 5.160111 0.868272 2.273247
v 4.612481 0.868272 2.275018
v 4.064851 0.868272 2.276790
v 3.517221 0.868272 2.278561
v 2.969591 0.868272 2.280332
v 2.421961 0.868272 2.282103
v 1.874331 0.868272 2.283875
v 1.326701 0.868272 2.285646
v 6.802374 0.868270 1.722200
v 6.254744 0.868270 1.723971
v 5.707114 0.868270 1.725742
v 5.159484 0.868270 1.727513
v 4.611854 0.868270 1.729285
v 4.064224 0.868270 1.731056
v 3.516594 0.868270 1.732827
v 2.968964 0.868270 1.734598
v 2.421334 0.868270 1.736370
v 1.873704 0.868270 1.738141
v 1.326074 0.868270 1.739912
v 6.801748 0.868269 1.176466
v 6.254118 0.868269 1.178237
v 5.706488 0.868269 1.180008
v 5.158858 0.868269 1.181779
v 4.611228 0.868269 1.183551
v 4.063598 0.868269 1.185322
v 3.515968 0.868269 1.187093
v 2.968338 0.868269 1.188864
v 2.420708 0.868269 1.190635
v 1.873078 0.868269 1.192407
v 1.325448 0.868269 1.194178
v 6.801121 0.868267 0.630731
v 6.253491 0.868267 0.632503
v 5.705861 0.868267 0.634274
v 5.158231 0.868267 0.636045
v 4.610601 0.868267 0.637816
v 4.062971 0.868267 0.639588
v 3.515341 0.868267 0.641359
v 2.967711 0.868267 0.643130
v 2.420081 0.868267 0.644901
v 1.872451 0.868267 0.646672
v 1.324822 0.868267 0.648444
v 6.800495 0.868266 0.084997
v 6.252865 0.868266 0.086769
v 5.705235 0.868266 0.088540
v 5.157605 0.868266 0.090311
v 4.609975 0.868266 0.092082
v 4.062345 0.868266 0.093853
v 3.514715 0.868266 0.095625
v 2.967085 0.868266 0.097396
v 2.419455 0.868266 0.099167
v 1.871825 0.868266 0.100938
v 1.324195 0.868266 0.102710
v 6.799868 0.868264 -0.460737
v 6.252238 0.868264 -0.458966
v 5.704609 0.868264 -0.457194
v 5.156978 0.868264 -0.455423
v 4.609348 0.868264 -0.453652
v 4.061719 0.868264 -0.451881
v 3.514089 0.868264 -0.450109
v 2.966459 0.868264 -0.448338
v 2.418830 0.868264 -0.446567
v 1.871198 0.868264 -0.444796
v 1.323569 0.868264 -0.443024
v 6.799242 0.868263 -1.006471
v 6.251612 0.868263 -1.004700
v 5.703982 0.868263 -1.002929
v 5.156352 0.868263 -1.001157
v 4.608722 0.868263 -0.999386
v 4.061092 0.868263 -0.997615
v 3.513462 0.868263 -0.995844
v 2.965833 0.868263 -0.994072
v 2.418202 0.868263 -0.992301
v 1.870572 0.868263 -0.990530
v 1.322942 0.868263 -0.988759
v 6.798616 0.868261 -1.552205
v 6.250986 0.868261 -1.550434
v 5.703355 0.868261 -1.548662
v 5.155726 0.868261 -1.546891
v 4.608096 0.868261 -1.545120
v 4.060466 0.868261 -1.543349
v 3.512835 0.868261 -1.541577
v 2.965206 0.868261 -1.539806
v 2.417575 0.868261 -1.538035
v 1.869945 0.868261 -1.536264
v 1.322315 0.868261 -1.534493
v 6.797989 0.868260 -2.097939
v 6.250359 0.868260 -2.096168
v 5.702729 0.868260 -2.094397
v 5.155099 0.868260 -2.092625
v 4.607469 0.868260 -2.090854
v 4.059839 0.868260 -2.089083
v 3.512209 0.868260 -2.087312
v 2.964579 0.868260 -2.085540
v 2.416949 0.868260 -2.083769
v 1.869319 0.868260 -2.081998
v 1.321689 0.868260 -2.080227
v 6.797362 0.868258 -2.643673
v 6.249733 0.868258 -2.641902
v 5.702103 0.868258 -2.640131
v 5.154473 0.868258 -2.638360
v 4.606842 0.868258 -2.636588
v 4.059213 0.868258 -2.634817
v 3.511583 0.868258 -2.633046
v 2.963953 0.868258 -2.631275
v 2.416322 0.868258 -2.629503
v 1.868693 0.868258 -2.627732
v 1.321063 0.868258 -2.625961
v 6.796736 0.868257 -3.189407
v 6.249106 0.868257 -3.187636
v 5.701476 0.868257 -3.185865
v 5.153846 0.868257 -3.184093
v 4.606216 0.868257 -3.182322
v 4.058586 0.868257 -3.180551
v 3.510956 0.868257 -3.178780
v 2.963327 0.868257 -3.177008
v 2.415696 0.868257 -3.175237
v 1.868066 0.868257 -3.173466
v 1.320436 0.868257 -3.171695
vt 1.006937 0.992966
vt 0.906946 0.994363
vt 0.905549 0.894373
vt 1.005540 0.892976
vt 0.806956 0.995760
vt 0.805559 0.895770
vt 0.706966 0.997157
vt 0.705569 0.897167
vt 0.606976 0.998554
vt 0.605579 0.898564
vt 0.506985 0.999951
vt 0.505588 0.899961
vt 0.406995 1.001348
vt 0.405598 0.901358
vt 0.307005 1.002745
vt 0.305608 0.902755
vt 0.207015 1.004143
vt 0.205618 0.904152
vt 0.107024 1.005540
vt 0.105627 0.905549
vt 0.007034 1.006937
vt 0.005637 0.906946
vt 0.904152 0.794382
vt 1.004143 0.792985
vt 0.804162 0.795779
vt 0.704172 0.797177
vt 0.604181 0.798574
vt 0.504191 0.799971
vt 0.404201 0.801368
vt 0.304211 0.802765
vt 0.204220 0.804162
vt 0.104230 0.805559
vt 0.004240 0.806956
vt 0.902755 0.694392
vt 1.002745 0.692995
vt 0.802765 0.695789
vt 0.702775 0.697186
vt 0.602784 0.698583
vt 0.502794 0.699980
vt 0.402804 0.701378
vt 0.302814 0.702775
vt 0.202823 0.704172
vt 0.102833 0.705569
vt 0.002843 0.706966
vt 0.901358 0.594402
vt 1.001348 0.593005
vt 0.801368 0.595799
vt 0.701378 0.597196
vt 0.601387 0.598593
vt 0.501397 0.599990
vt 0.401407 0.601387
vt 0.301417 0.602784
vt 0.201426 0.604181
vt 0.101436 0.605579
vt 0.001446 0.606976
vt 0.899961 0.494412
vt 0.999951 0.493015
vt 0.799971 0.495809
vt 0.699980 0.497206
vt 0.599990 0.498603
vt 0.500000 0.500000
vt 0.400010 0.501397
vt 0.300020 0.502794
vt 0.200029 0.504191
vt 0.100039 0.505588
vt 0.000049 0.506985
vt 0.898564 0.394421
vt 0.998554 0.393024
vt 0.798574 0.395819
vt 0.698583 0.397216
vt 0.598593 0.398613
vt 0.498603 0.400010
vt 0.398613 0.401407
vt 0.298622 0.402804
vt 0.198632 0.404201
vt 0.098642 0.405598
vt -0.001348 0.406995
vt 0.897167 0.294431
vt 0.997157 0.293034
vt 0.797177 0.295828
vt 0.697186 0.297225
vt 0.597196 0.298622
vt 0.497206 0.300020
vt 0.397216 0.301417
vt 0.297225 0.302814
vt 0.197235 0.304211
vt 0.097245 0.305608
vt -0.002745 0.307005
vt 0.895770 0.194441
vt 0.995760 0.193044
vt 0.795779 0.195838
vt 0.695789 0.197235
vt 0.595799 0.198632
vt 0.495809 0.200029
vt 0.395819 0.201426
vt 0.295828 0.202823
vt 0.195838 0.204220
vt 0.095848 0.205618
vt -0.004143 0.207015
vt 0.894373 0.094451
vt 0.994363 0.093054
vt 0.794382 0.095848
vt 0.694392 0.097245
vt 0.594402 0.098642
vt 0.494412 0.100039
vt 0.394421 0.101436
vt 0.294431 0.102833
vt 0.194441 0.104230
vt 0.094451 0.105627
vt -0.005540 0.107024
vt 0.892976 -0.005540
vt 0.992966 -0.006937
vt 0.792985 -0.004143
vt 0.692995 -0.002745
vt 0.593005 -0.001348
vt 0.493015 0.000049
vt 0.393024 0.001446
vt 0.293034 0.002843
vt 0.193044 0.004240
vt 0.093054 0.005637
vt -0.006937 0.007034
vn -0.000000 1.000000 -0.000003
vn 0.000000 1.000000 -0.000003
vn 0.000000 1.000000 -0.000003
vn 0.000000 1.000000 -0.000003
vn 0.000000 1.000000 -0.000003
vn 0.000000 1.000000 -0.000003
vn 0.000000 1.000000 -0.000003
vn 0.000000 1.000000 -0.000003
vn -0.000000 1.000000 -0.000003
vn -0.000000 1.000000 -0.000003
vn -0.000000 1.000000 -0.000003
vn -0.000000 1.000000 -0.000003
vn 0.000000 1.000000 -0.000003
vn 0.000000 1.000000 -0.000003
vn 0.000000 1.000000 -0.000003
vn -0.000000 1.000000 -0.000003
vn -0.000000 1.000000 -0.000003
vn -0.000000 1.000000 -0.000003
vn -0.000000 1.000000 -0.000003
vn -0.000000 1.000000 -0.000003
vn -0.000000 1.000000 -0.000003
vn -0.000000 1.000000 -0.000003
vn 0.000000 1.000000 -0.000003
vn 0.000000 1.000000 -0.000003
vn 0.000000 1.000000 -0.000003
vn -0.000000 1.000000 -0.000003
vn -0.000000 1.000000 -0.000003
vn 0.000000 1.000000 -0.000003
vn 0.000000 1.000000 -0.000003
vn 0.000000 1.000000 -0.000003
vn -0.000000 1.000000 -0.000003
vn -0.000000 1.000000 -0.000003
vn -0.000000 1.000000 -0.000003
vn 0.000000 1.000000 -0.000003
vn 0.000000 1.000000 -0.000003
vn -0.000000 1.000000 -0.000003
vn -0.000000 1.000000 -0.000003
vn 0.000000 1.000000 -0.000003
vn 0.000000 1.000000 -0.000003
vn 0.000000 1.000000 -0.000003
vn -0.000000 1.000000 -0.000003
vn -0.000000 1.000000 -0.000003
vn -0.000000 1.000000 -0.000003
vn 0.000000 1.000000 -0.000003
vn 0.000000 1.000000 -0.000003
vn 0.000000 1.000000 -0.000003
vn -0.000000 1.000000 -0.000003
vn -0.000000 1.000000 -0.000003
vn 0.000000 1.000000 -0.000003
vn 0.000000 1.000000 -0.000003
vn -0.000000 1.000000 -0.000003
vn -0.000000 1.000000 -0.000003
vn -0.000000 1.000000 -0.000003
vn 0.000000 1.000000 -0.000003
vn -0.000000 1.000000 -0.000003
vn -0.000000 1.000000 -0.000003
vn -0.000000 1.000000 -0.000003
vn -0.000000 1.000000 -0.000003
vn 0.000000 1.000000 -0.000003
vn 0.000000 1.000000 -0.000003
vn 0.000000 1.000000 -0.000003
vn -0.000000 1.000000 -0.000003
vn -0.000000 1.000000 -0.000003
vn 0.000000 1.000000 -0.000003
vn 0.000000 1.000000 -0.000003
vn -0.000000 1.000000 -0.000003
vn -0.000000 1.000000 -0.000003
vn -0.000000 1.000000 -0.000003
vn 0.000000 1.000000 -0.000003
vn 0.000000 1.000000 -0.000003
vn 0.000000 1.000000 -0.000003
vn -0.000000 1.000000 -0.000003
vn -0.000000 1.000000 -0.000003
vn -0.000000 1.000000 -0.000003
vn 0.000000 1.000000 -0.000003
vn 0.000000 1.000000 -0.000003
vn -0.000000 1.000000 -0.000003
vn -0.000000 1.000000 -0.000003
vn -0.000000 1.000000 -0.000003
vn 0.000000 1.000000 -0.000003
vn 0.000000 1.000000 -0.000003
vn 0.000000 1.000000 -0.000003
vn -0.000000 1.000000 -0.000003
vn -0.000000 1.000000 -0.000003
vn 0.000000 1.000000 -0.000003
vn 0.000000 1.000000 -0.000003
vn -0.000000 1.000000 -0.000003
vn -0.000000 1.000000 -0.000003
vn -0.000000 1.000000 -0.000003
vn 0.000000 1.000000 -0.000003
vn 0.000000 1.000000 -0.000003
vn 0.000000 1.000000 -0.000003
vn -0.000000 1.000000 -0.000003
vn -0.000000 1.000000 -0.000003
vn 0.000000 1.000000 -0.000003
vn 0.000000 1.000000 -0.000003
vn 0.000000 1.000000 -0.000003
vn -0.000000 1.000000 -0.000003
vn -0.000000 1.000000 -0.000003
vn -0.000000 1.000000 -0.000003
vn 0.000000 1.000000 -0.000003
vn 0.000000 1.000000 -0.000003
vn 0.000000 1.000000 -0.000003
vn -0.000000 1.000000 -0.000003
vn -0.000000 1.000000 -0.000003
vn 0.000000 1.000000 -0.000003
vn 0.000000 1.000000 -0.000003
vn 0.000000 1.000000 -0.000003
vn -0.000000 1.000000 -0.000003
vn -0.000000 1.000000 -0.000003
vn -0.000000 1.000000 -0.000003
vn -0.000000 1.000000 -0.000003
vn -0.000000 1.000000 -0.000003
vn -0.000000 1.000000 -0.000003
vn -0.000000 1.000000 -0.000003
vn -0.000000 1.000000 -0.000003
vn -0.000000 1.000000 -0.000003
vn 0.000000 1.000000 -0.000003
vn 0.000000 1.000000 -0.000003
vn -0.000000 1.000000 -0.000003
vn -0.000000 1.000000 -0.000003
s 1
g pPlane9 pPlane13
f 4596/4818/5222 4607/4821/5223 4608/4820/5224 4597/4819/5225
f 4597/4819/5225 4608/4820/5224 4609/4823/5226 4598/4822/5227
f 4598/4822/5227 4609/4823/5226 4610/4825/5228 4599/4824/5229
f 4599/4824/5229 4610/4825/5228 4611/4827/5230 4600/4826/5231
f 4600/4826/5231 4611/4827/5230 4612/4829/5232 4601/4828/5233
f 4601/4828/5233 4612/4829/5232 4613/4831/5234 4602/4830/5235
f 4602/4830/5235 4613/4831/5234 4614/4833/5236 4603/4832/5237
f 4603/4832/5237 4614/4833/5236 4615/4835/5238 4604/4834/5239
f 4604/4834/5239 4615/4835/5238 4616/4837/5240 4605/4836/5241
f 4605/4836/5241 4616/4837/5240 4617/4839/5242 4606/4838/5243
f 4607/4821/5223 4618/4841/5244 4619/4840/5245 4608/4820/5224
f 4608/4820/5224 4619/4840/5245 4620/4842/5246 4609/4823/5226
f 4609/4823/5226 4620/4842/5246 4621/4843/5247 4610/4825/5228
f 4610/4825/5228 4621/4843/5247 4622/4844/5248 4611/4827/5230
f 4611/4827/5230 4622/4844/5248 4623/4845/5249 4612/4829/5232
f 4612/4829/5232 4623/4845/5249 4624/4846/5250 4613/4831/5234
f 4613/4831/5234 4624/4846/5250 4625/4847/5251 4614/4833/5236
f 4614/4833/5236 4625/4847/5251 4626/4848/5252 4615/4835/5238
f 4615/4835/5238 4626/4848/5252 4627/4849/5253 4616/4837/5240
f 4616/4837/5240 4627/4849/5253 4628/4850/5254 4617/4839/5242
f 4618/4841/5244 4629/4852/5255 4630/4851/5256 4619/4840/5245
f 4619/4840/5245 4630/4851/5256 4631/4853/5257 4620/4842/5246
f 4620/4842/5246 4631/4853/5257 4632/4854/5258 4621/4843/5247
f 4621/4843/5247 4632/4854/5258 4633/4855/5259 4622/4844/5248
f 4622/4844/5248 4633/4855/5259 4634/4856/5260 4623/4845/5249
f 4623/4845/5249 4634/4856/5260 4635/4857/5261 4624/4846/5250
f 4624/4846/5250 4635/4857/5261 4636/4858/5262 4625/4847/5251
f 4625/4847/5251 4636/4858/5262 4637/4859/5263 4626/4848/5252
f 4626/4848/5252 4637/4859/5263 4638/4860/5264 4627/4849/5253
f 4627/4849/5253 4638/4860/5264 4639/4861/5265 4628/4850/5254
f 4629/4852/5255 4640/4863/5266 4641/4862/5267 4630/4851/5256
f 4630/4851/5256 4641/4862/5267 4642/4864/5268 4631/4853/5257
f 4631/4853/5257 4642/4864/5268 4643/4865/5269 4632/4854/5258
f 4632/4854/5258 4643/4865/5269 4644/4866/5270 4633/4855/5259
f 4633/4855/5259 4644/4866/5270 4645/4867/5271 4634/4856/5260
f 4634/4856/5260 4645/4867/5271 4646/4868/5272 4635/4857/5261
f 4635/4857/5261 4646/4868/5272 4647/4869/5273 4636/4858/5262
f 4636/4858/5262 4647/4869/5273 4648/4870/5274 4637/4859/5263
f 4637/4859/5263 4648/4870/5274 4649/4871/5275 4638/4860/5264
f 4638/4860/5264 4649/4871/5275 4650/4872/5276 4639/4861/5265
f 4640/4863/5266 4651/4874/5277 4652/4873/5278 4641/4862/5267
f 4641/4862/5267 4652/4873/5278 4653/4875/5279 4642/4864/5268
f 4642/4864/5268 4653/4875/5279 4654/4876/5280 4643/4865/5269
f 4643/4865/5269 4654/4876/5280 4655/4877/5281 4644/4866/5270
f 4644/4866/5270 4655/4877/5281 4656/4878/5282 4645/4867/5271
f 4645/4867/5271 4656/4878/5282 4657/4879/5283 4646/4868/5272
f 4646/4868/5272 4657/4879/5283 4658/4880/5284 4647/4869/5273
f 4647/4869/5273 4658/4880/5284 4659/4881/5285 4648/4870/5274
f 4648/4870/5274 4659/4881/5285 4660/4882/5286 4649/4871/5275
f 4649/4871/5275 4660/4882/5286 4661/4883/5287 4650/4872/5276
f 4651/4874/5277 4662/4885/5288 4663/4884/5289 4652/4873/5278
f 4652/4873/5278 4663/4884/5289 4664/4886/5290 4653/4875/5279
f 4653/4875/5279 4664/4886/5290 4665/4887/5291 4654/4876/5280
f 4654/4876/5280 4665/4887/5291 4666/4888/5292 4655/4877/5281
f 4655/4877/5281 4666/4888/5292 4667/4889/5293 4656/4878/5282
f 4656/4878/5282 4667/4889/5293 4668/4890/5294 4657/4879/5283
f 4657/4879/5283 4668/4890/5294 4669/4891/5295 4658/4880/5284
f 4658/4880/5284 4669/4891/5295 4670/4892/5296 4659/4881/5285
f 4659/4881/5285 4670/4892/5296 4671/4893/5297 4660/4882/5286
f 4660/4882/5286 4671/4893/5297 4672/4894/5298 4661/4883/5287
f 4662/4885/5288 4673/4896/5299 4674/4895/5300 4663/4884/5289
f 4663/4884/5289 4674/4895/5300 4675/4897/5301 4664/4886/5290
f 4664/4886/5290 4675/4897/5301 4676/4898/5302 4665/4887/5291
f 4665/4887/5291 4676/4898/5302 4677/4899/5303 4666/4888/5292
f 4666/4888/5292 4677/4899/5303 4678/4900/5304 4667/4889/5293
f 4667/4889/5293 4678/4900/5304 4679/4901/5305 4668/4890/5294
f 4668/4890/5294 4679/4901/5305 4680/4902/5306 4669/4891/5295
f 4669/4891/5295 4680/4902/5306 4681/4903/5307 4670/4892/5296
f 4670/4892/5296 4681/4903/5307 4682/4904/5308 4671/4893/5297
f 4671/4893/5297 4682/4904/5308 4683/4905/5309 4672/4894/5298
f 4673/4896/5299 4684/4907/5310 4685/4906/5311 4674/4895/5300
f 4674/4895/5300 4685/4906/5311 4686/4908/5312 4675/4897/5301
f 4675/4897/5301 4686/4908/5312 4687/4909/5313 4676/4898/5302
f 4676/4898/5302 4687/4909/5313 4688/4910/5314 4677/4899/5303
f 4677/4899/5303 4688/4910/5314 4689/4911/5315 4678/4900/5304
f 4678/4900/5304 4689/4911/5315 4690/4912/5316 4679/4901/5305
f 4679/4901/5305 4690/4912/5316 4691/4913/5317 4680/4902/5306
f 4680/4902/5306 4691/4913/5317 4692/4914/5318 4681/4903/5307
f 4681/4903/5307 4692/4914/5318 4693/4915/5319 4682/4904/5308
f 4682/4904/5308 4693/4915/5319 4694/4916/5320 4683/4905/5309
f 4684/4907/5310 4695/4918/5321 4696/4917/5322 4685/4906/5311
f 4685/4906/5311 4696/4917/5322 4697/4919/5323 4686/4908/5312
f 4686/4908/5312 4697/4919/5323 4698/4920/5324 4687/4909/5313
f 4687/4909/5313 4698/4920/5324 4699/4921/5325 4688/4910/5314
f 4688/4910/5314 4699/4921/5325 4700/4922/5326 4689/4911/5315
f 4689/4911/5315 4700/4922/5326 4701/4923/5327 4690/4912/5316
f 4690/4912/5316 4701/4923/5327 4702/4924/5328 4691/4913/5317
f 4691/4913/5317 4702/4924/5328 4703/4925/5329 4692/4914/5318
f 4692/4914/5318 4703/4925/5329 4704/4926/5330 4693/4915/5319
f 4693/4915/5319 4704/4926/5330 4705/4927/5331 4694/4916/5320
f 4695/4918/5321 4706/4929/5332 4707/4928/5333 4696/4917/5322
f 4696/4917/5322 4707/4928/5333 4708/4930/5334 4697/4919/5323
f 4697/4919/5323 4708/4930/5334 4709/4931/5335 4698/4920/5324
f 4698/4920/5324 4709/4931/5335 4710/4932/5336 4699/4921/5325
f 4699/4921/5325 4710/4932/5336 4711/4933/5337 4700/4922/5326
f 4700/4922/5326 4711/4933/5337 4712/4934/5338 4701/4923/5327
f 4701/4923/5327 4712/4934/5338 4713/4935/5339 4702/4924/5328
f 4702/4924/5328 4713/4935/5339 4714/4936/5340 4703/4925/5329
f 4703/4925/5329 4714/4936/5340 4715/4937/5341 4704/4926/5330
f 4704/4926/5330 4715/4937/5341 4716/4938/5342 4705/4927/5331
g default
v 1.702507 0.672773 -0.998845
v 1.702507 0.672773 -0.486049
v 1.702507 0.672773 0.026747
v 1.702507 0.672773 0.539543
v 1.702507 0.672773 1.052340
v 1.702507 0.672773 1.565136
v 1.702507 0.672773 2.077932
v 1.702507 0.672773 2.590728
v 1.702507 0.672773 3.103524
v 1.702507 0.672773 3.616321
v 1.702507 0.672773 4.129117
v 2.039049 0.672395 -0.998839
v 2.039049 0.672395 -0.486043
v 2.039049 0.672395 0.026753
v 2.039049 0.672395 0.539550
v 2.039049 0.672395 1.052346
v 2.039049 0.672395 1.565142
v 2.039049 0.672395 2.077938
v 2.039049 0.672395 2.590734
v 2.039049 0.672395 3.103531
v 2.039049 0.672395 3.616327
v 2.039049 0.672395 4.129123
v 2.375591 0.672017 -0.998833
v 2.375591 0.672017 -0.486037
v 2.375591 0.672017 0.026759
v 2.375591 0.672017 0.539556
v 2.375591 0.672017 1.052352
v 2.375591 0.672017 1.565148
v 2.375591 0.672017 2.077945
v 2.375591 0.672017 2.590741
v 2.375591 0.672017 3.103537
v 2.375591 0.672017 3.616333
v 2.375591 0.672017 4.129129
v 2.712133 0.671639 -0.998827
v 2.712133 0.671639 -0.486030
v 2.712133 0.671639 0.026766
v 2.712133 0.671639 0.539562
v 2.712133 0.671639 1.052358
v 2.712133 0.671639 1.565154
v 2.712133 0.671639 2.077951
v 2.712133 0.671639 2.590747
v 2.712133 0.671639 3.103543
v 2.712133 0.671639 3.616340
v 2.712133 0.671639 4.129136
v 3.048675 0.671262 -0.998820
v 3.048675 0.671262 -0.486024
v 3.048675 0.671262 0.026772
v 3.048675 0.671262 0.539568
v 3.048675 0.671262 1.052364
v 3.048675 0.671262 1.565161
v 3.048675 0.671262 2.077957
v 3.048675 0.671262 2.590753
v 3.048675 0.671262 3.103549
v 3.048675 0.671262 3.616346
v 3.048675 0.671262 4.129142
v 3.385217 0.670884 -0.998814
v 3.385217 0.670884 -0.486018
v 3.385217 0.670884 0.026778
v 3.385217 0.670884 0.539575
v 3.385217 0.670884 1.052371
v 3.385217 0.670884 1.565167
v 3.385217 0.670884 2.077963
v 3.385217 0.670884 2.590759
v 3.385217 0.670884 3.103556
v 3.385217 0.670884 3.616352
v 3.385217 0.670884 4.129148
v 3.721759 0.670506 -0.998808
v 3.721759 0.670506 -0.486012
v 3.721759 0.670506 0.026784
v 3.721759 0.670506 0.539581
v 3.721759 0.670506 1.052377
v 3.721759 0.670506 1.565173
v 3.721759 0.670506 2.077969
v 3.721759 0.670506 2.590766
v 3.721759 0.670506 3.103562
v 3.721759 0.670506 3.616358
v 3.721759 0.670506 4.129154
v 4.058301 0.670128 -0.998802
v 4.058301 0.670128 -0.486006
v 4.058301 0.670128 0.026791
v 4.058301 0.670128 0.539587
v 4.058301 0.670128 1.052383
v 4.058301 0.670128 1.565179
v 4.058301 0.670128 2.077976
v 4.058301 0.670128 2.590772
v 4.058301 0.670128 3.103568
v 4.058301 0.670128 3.616364
v 4.058301 0.670128 4.129160
v 4.394844 0.669751 -0.998795
v 4.394844 0.669751 -0.485999
v 4.394844 0.669751 0.026797
v 4.394844 0.669751 0.539593
v 4.394844 0.669751 1.052389
v 4.394844 0.669751 1.565186
v 4.394844 0.669751 2.077982
v 4.394844 0.669751 2.590778
v 4.394844 0.669751 3.103574
v 4.394844 0.669751 3.616371
v 4.394844 0.669751 4.129167
v 4.731386 0.669373 -0.998789
v 4.731386 0.669373 -0.485993
v 4.731386 0.669373 0.026803
v 4.731386 0.669373 0.539599
v 4.731386 0.669373 1.052396
v 4.731386 0.669373 1.565192
v 4.731386 0.669373 2.077988
v 4.731386 0.669373 2.590784
v 4.731386 0.669373 3.103581
v 4.731386 0.669373 3.616377
v 4.731386 0.669373 4.129173
v 5.067928 0.668995 -0.998783
v 5.067928 0.668995 -0.485987
v 5.067928 0.668995 0.026809
v 5.067928 0.668995 0.539606
v 5.067928 0.668995 1.052402
v 5.067928 0.668995 1.565198
v 5.067928 0.668995 2.077994
v 5.067928 0.668995 2.590790
v 5.067928 0.668995 3.103587
v 5.067928 0.668995 3.616383
v 5.067928 0.668995 4.129179
vt 0.000000 0.000000
vt 0.100000 0.000000
vt 0.200000 0.000000
vt 0.300000 0.000000
vt 0.400000 0.000000
vt 0.500000 0.000000
vt 0.600000 0.000000
vt 0.700000 0.000000
vt 0.800000 0.000000
vt 0.900000 0.000000
vt 1.000000 0.000000
vt 0.000000 0.100000
vt 0.100000 0.100000
vt 0.200000 0.100000
vt 0.300000 0.100000
vt 0.400000 0.100000
vt 0.500000 0.100000
vt 0.600000 0.100000
vt 0.700000 0.100000
vt 0.800000 0.100000
vt 0.900000 0.100000
vt 1.000000 0.100000
vt 0.000000 0.200000
vt 0.100000 0.200000
vt 0.200000 0.200000
vt 0.300000 0.200000
vt 0.400000 0.200000
vt 0.500000 0.200000
vt 0.600000 0.200000
vt 0.700000 0.200000
vt 0.800000 0.200000
vt 0.900000 0.200000
vt 1.000000 0.200000
vt 0.000000 0.300000
vt 0.100000 0.300000
vt 0.200000 0.300000
vt 0.300000 0.300000
vt 0.400000 0.300000
vt 0.500000 0.300000
vt 0.600000 0.300000
vt 0.700000 0.300000
vt 0.800000 0.300000
vt 0.900000 0.300000
vt 1.000000 0.300000
vt 0.000000 0.400000
vt 0.100000 0.400000
vt 0.200000 0.400000
vt 0.300000 0.400000
vt 0.400000 0.400000
vt 0.500000 0.400000
vt 0.600000 0.400000
vt 0.700000 0.400000
vt 0.800000 0.400000
vt 0.900000 0.400000
vt 1.000000 0.400000
vt 0.000000 0.500000
vt 0.100000 0.500000
vt 0.200000 0.500000
vt 0.300000 0.500000
vt 0.400000 0.500000
vt 0.500000 0.500000
vt 0.600000 0.500000
vt 0.700000 0.500000
vt 0.800000 0.500000
vt 0.900000 0.500000
vt 1.000000 0.500000
vt 0.000000 0.600000
vt 0.100000 0.600000
vt 0.200000 0.600000
vt 0.300000 0.600000
vt 0.400000 0.600000
vt 0.500000 0.600000
vt 0.600000 0.600000
vt 0.700000 0.600000
vt 0.800000 0.600000
vt 0.900000 0.600000
vt 1.000000 0.600000
vt 0.000000 0.700000
vt 0.100000 0.700000
vt 0.200000 0.700000
vt 0.300000 0.700000
vt 0.400000 0.700000
vt 0.500000 0.700000
vt 0.600000 0.700000
vt 0.700000 0.700000
vt 0.800000 0.700000
vt 0.900000 0.700000
vt 1.000000 0.700000
vt 0.000000 0.800000
vt 0.100000 0.800000
vt 0.200000 0.800000
vt 0.300000 0.800000
vt 0.400000 0.800000
vt 0.500000 0.800000
vt 0.600000 0.800000
vt 0.700000 0.800000
vt 0.800000 0.800000
vt 0.900000 0.800000
vt 1.000000 0.800000
vt 0.000000 0.900000
vt 0.100000 0.900000
vt 0.200000 0.900000
vt 0.300000 0.900000
vt 0.400000 0.900000
vt 0.500000 0.900000
vt 0.600000 0.900000
vt 0.700000 0.900000
vt 0.800000 0.900000
vt 0.900000 0.900000
vt 1.000000 0.900000
vt 0.000000 1.000000
vt 0.100000 1.000000
vt 0.200000 1.000000
vt 0.300000 1.000000
vt 0.400000 1.000000
vt 0.500000 1.000000
vt 0.600000 1.000000
vt 0.700000 1.000000
vt 0.800000 1.000000
vt 0.900000 1.000000
vt 1.000000 1.000000
vn 0.001122 0.999999 0.000000
vn 0.001122 0.999999 0.000000
vn 0.001122 0.999999 0.000000
vn 0.001122 0.999999 0.000000
vn 0.001122 0.999999 0.000000
vn 0.001122 0.999999 0.000000
vn 0.001122 0.999999 0.000000
vn 0.001122 0.999999 0.000000
vn 0.001122 0.999999 0.000000
vn 0.001122 0.999999 0.000000
vn 0.001122 0.999999 0.000000
vn 0.001122 0.999999 0.000000
vn 0.001122 0.999999 0.000000
vn 0.001122 0.999999 0.000000
vn 0.001122 0.999999 0.000000
vn 0.001122 0.999999 0.000000
vn 0.001122 0.999999 0.000000
vn 0.001122 0.999999 0.000000
vn 0.001122 0.999999 0.000000
vn 0.001122 0.999999 0.000000
vn 0.001122 0.999999 0.000000
vn 0.001122 0.999999 0.000000
vn 0.001122 0.999999 0.000000
vn 0.001122 0.999999 0.000000
vn 0.001122 0.999999 0.000000
vn 0.001122 0.999999 0.000000
vn 0.001122 0.999999 0.000000
vn 0.001122 0.999999 0.000000
vn 0.001122 0.999999 0.000000
vn 0.001122 0.999999 0.000000
vn 0.001122 0.999999 0.000000
vn 0.001122 0.999999 0.000000
vn 0.001122 0.999999 0.000000
vn 0.001122 0.999999 0.000000
vn 0.001122 0.999999 0.000000
vn 0.001122 0.999999 0.000000
vn 0.001122 0.999999 0.000000
vn 0.001122 0.999999 0.000000
vn 0.001122 0.999999 0.000000
vn 0.001122 0.999999 0.000000
vn 0.001122 0.999999 0.000000
vn 0.001122 0.999999 0.000000
vn 0.001122 0.999999 0.000000
vn 0.001122 0.999999 0.000000
vn 0.001122 0.999999 0.000000
vn 0.001122 0.999999 0.000000
vn 0.001122 0.999999 0.000000
vn 0.001122 0.999999 0.000000
vn 0.001122 0.999999 0.000000
vn 0.001122 0.999999 0.000000
vn 0.001122 0.999999 0.000000
vn 0.001122 0.999999 0.000000
vn 0.001122 0.999999 0.000000
vn 0.001122 0.999999 0.000000
vn 0.001122 0.999999 0.000000
vn 0.001122 0.999999 0.000000
vn 0.001122 0.999999 0.000000
vn 0.001122 0.999999 0.000000
vn 0.001122 0.999999 0.000000
vn 0.001122 0.999999 0.000000
vn 0.001122 0.999999 0.000000
vn 0.001122 0.999999 0.000000
vn 0.001122 0.999999 0.000000
vn 0.001122 0.999999 0.000000
vn 0.001122 0.999999 0.000000
vn 0.001122 0.999999 0.000000
vn 0.001122 0.999999 0.000000
vn 0.001122 0.999999 0.000000
vn 0.001122 0.999999 0.000000
vn 0.001122 0.999999 0.000000
vn 0.001122 0.999999 0.000000
vn 0.001122 0.999999 0.000000
vn 0.001122 0.999999 0.000000
vn 0.001122 0.999999 0.000000
vn 0.001122 0.999999 0.000000
vn 0.001122 0.999999 0.000000
vn 0.001122 0.999999 0.000000
vn 0.001122 0.999999 0.000000
vn 0.001122 0.999999 0.000000
vn 0.001122 0.999999 0.000000
vn 0.001122 0.999999 0.000000
vn 0.001122 0.999999 0.000000
vn 0.001122 0.999999 0.000000
vn 0.001122 0.999999 0.000000
vn 0.001122 0.999999 0.000000
vn 0.001122 0.999999 0.000000
vn 0.001122 0.999999 0.000000
vn 0.001122 0.999999 0.000000
vn 0.001122 0.999999 0.000000
vn 0.001122 0.999999 0.000000
vn 0.001122 0.999999 0.000000
vn 0.001122 0.999999 0.000000
vn 0.001122 0.999999 0.000000
vn 0.001122 0.999999 0.000000
vn 0.001122 0.999999 0.000000
vn 0.001122 0.999999 0.000000
vn 0.001122 0.999999 0.000000
vn 0.001122 0.999999 0.000000
vn 0.001122 0.999999 0.000000
vn 0.001122 0.999999 0.000000
vn 0.001122 0.999999 0.000000
vn 0.001122 0.999999 0.000000
vn 0.001122 0.999999 0.000000
vn 0.001122 0.999999 0.000000
vn 0.001122 0.999999 0.000000
vn 0.001122 0.999999 0.000000
vn 0.001122 0.999999 0.000000
vn 0.001122 0.999999 0.000000
vn 0.001122 0.999999 0.000000
vn 0.001122 0.999999 0.000000
vn 0.001122 0.999999 0.000000
vn 0.001122 0.999999 0.000000
vn 0.001122 0.999999 0.000000
vn 0.001122 0.999999 0.000000
vn 0.001122 0.999999 0.000000
vn 0.001122 0.999999 0.000000
vn 0.001122 0.999999 0.000000
vn 0.001122 0.999999 0.000000
vn 0.001122 0.999999 0.000000
vn 0.001122 0.999999 0.000000
vn 0.001122 0.999999 0.000000
s 1
g pPlane17 pPlane18
f 4717/4939/5343 4718/4940/5344 4729/4951/5345 4728/4950/5346
f 4718/4940/5344 4719/4941/5347 4730/4952/5348 4729/4951/5345
f 4719/4941/5347 4720/4942/5349 4731/4953/5350 4730/4952/5348
f 4720/4942/5349 4721/4943/5351 4732/4954/5352 4731/4953/5350
f 4721/4943/5351 4722/4944/5353 4733/4955/5354 4732/4954/5352
f 4722/4944/5353 4723/4945/5355 4734/4956/5356 4733/4955/5354
f 4723/4945/5355 4724/4946/5357 4735/4957/5358 4734/4956/5356
f 4724/4946/5357 4725/4947/5359 4736/4958/5360 4735/4957/5358
f 4725/4947/5359 4726/4948/5361 4737/4959/5362 4736/4958/5360
f 4726/4948/5361 4727/4949/5363 4738/4960/5364 4737/4959/5362
f 4728/4950/5346 4729/4951/5345 4740/4962/5365 4739/4961/5366
f 4729/4951/5345 4730/4952/5348 4741/4963/5367 4740/4962/5365
f 4730/4952/5348 4731/4953/5350 4742/4964/5368 4741/4963/5367
f 4731/4953/5350 4732/4954/5352 4743/4965/5369 4742/4964/5368
f 4732/4954/5352 4733/4955/5354 4744/4966/5370 4743/4965/5369
f 4733/4955/5354 4734/4956/5356 4745/4967/5371 4744/4966/5370
f 4734/4956/5356 4735/4957/5358 4746/4968/5372 4745/4967/5371
f 4735/4957/5358 4736/4958/5360 4747/4969/5373 4746/4968/5372
f 4736/4958/5360 4737/4959/5362 4748/4970/5374 4747/4969/5373
f 4737/4959/5362 4738/4960/5364 4749/4971/5375 4748/4970/5374
f 4739/4961/5366 4740/4962/5365 4751/4973/5376 4750/4972/5377
f 4740/4962/5365 4741/4963/5367 4752/4974/5378 4751/4973/5376
f 4741/4963/5367 4742/4964/5368 4753/4975/5379 4752/4974/5378
f 4742/4964/5368 4743/4965/5369 4754/4976/5380 4753/4975/5379
f 4743/4965/5369 4744/4966/5370 4755/4977/5381 4754/4976/5380
f 4744/4966/5370 4745/4967/5371 4756/4978/5382 4755/4977/5381
f 4745/4967/5371 4746/4968/5372 4757/4979/5383 4756/4978/5382
f 4746/4968/5372 4747/4969/5373 4758/4980/5384 4757/4979/5383
f 4747/4969/5373 4748/4970/5374 4759/4981/5385 4758/4980/5384
f 4748/4970/5374 4749/4971/5375 4760/4982/5386 4759/4981/5385
f 4750/4972/5377 4751/4973/5376 4762/4984/5387 4761/4983/5388
f 4751/4973/5376 4752/4974/5378 4763/4985/5389 4762/4984/5387
f 4752/4974/5378 4753/4975/5379 4764/4986/5390 4763/4985/5389
f 4753/4975/5379 4754/4976/5380 4765/4987/5391 4764/4986/5390
f 4754/4976/5380 4755/4977/5381 4766/4988/5392 4765/4987/5391
f 4755/4977/5381 4756/4978/5382 4767/4989/5393 4766/4988/5392
f 4756/4978/5382 4757/4979/5383 4768/4990/5394 4767/4989/5393
f 4757/4979/5383 4758/4980/5384 4769/4991/5395 4768/4990/5394
f 4758/4980/5384 4759/4981/5385 4770/4992/5396 4769/4991/5395
f 4759/4981/5385 4760/4982/5386 4771/4993/5397 4770/4992/5396
f 4761/4983/5388 4762/4984/5387 4773/4995/5398 4772/4994/5399
f 4762/4984/5387 4763/4985/5389 4774/4996/5400 4773/4995/5398
f 4763/4985/5389 4764/4986/5390 4775/4997/5401 4774/4996/5400
f 4764/4986/5390 4765/4987/5391 4776/4998/5402 4775/4997/5401
f 4765/4987/5391 4766/4988/5392 4777/4999/5403 4776/4998/5402
f 4766/4988/5392 4767/4989/5393 4778/5000/5404 4777/4999/5403
f 4767/4989/5393 4768/4990/5394 4779/5001/5405 4778/5000/5404
f 4768/4990/5394 4769/4991/5395 4780/5002/5406 4779/5001/5405
f 4769/4991/5395 4770/4992/5396 4781/5003/5407 4780/5002/5406
f 4770/4992/5396 4771/4993/5397 4782/5004/5408 4781/5003/5407
f 4772/4994/5399 4773/4995/5398 4784/5006/5409 4783/5005/5410
f 4773/4995/5398 4774/4996/5400 4785/5007/5411 4784/5006/5409
f 4774/4996/5400 4775/4997/5401 4786/5008/5412 4785/5007/5411
f 4775/4997/5401 4776/4998/5402 4787/5009/5413 4786/5008/5412
f 4776/4998/5402 4777/4999/5403 4788/5010/5414 4787/5009/5413
f 4777/4999/5403 4778/5000/5404 4789/5011/5415 4788/5010/5414
f 4778/5000/5404 4779/5001/5405 4790/5012/5416 4789/5011/5415
f 4779/5001/5405 4780/5002/5406 4791/5013/5417 4790/5012/5416
f 4780/5002/5406 4781/5003/5407 4792/5014/5418 4791/5013/5417
f 4781/5003/5407 4782/5004/5408 4793/5015/5419 4792/5014/5418
f 4783/5005/5410 4784/5006/5409 4795/5017/5420 4794/5016/5421
f 4784/5006/5409 4785/5007/5411 4796/5018/5422 4795/5017/5420
f 4785/5007/5411 4786/5008/5412 4797/5019/5423 4796/5018/5422
f 4786/5008/5412 4787/5009/5413 4798/5020/5424 4797/5019/5423
f 4787/5009/5413 4788/5010/5414 4799/5021/5425 4798/5020/5424
f 4788/5010/5414 4789/5011/5415 4800/5022/5426 4799/5021/5425
f 4789/5011/5415 4790/5012/5416 4801/5023/5427 4800/5022/5426
f 4790/5012/5416 4791/5013/5417 4802/5024/5428 4801/5023/5427
f 4791/5013/5417 4792/5014/5418 4803/5025/5429 4802/5024/5428
f 4792/5014/5418 4793/5015/5419 4804/5026/5430 4803/5025/5429
f 4794/5016/5421 4795/5017/5420 4806/5028/5431 4805/5027/5432
f 4795/5017/5420 4796/5018/5422 4807/5029/5433 4806/5028/5431
f 4796/5018/5422 4797/5019/5423 4808/5030/5434 4807/5029/5433
f 4797/5019/5423 4798/5020/5424 4809/5031/5435 4808/5030/5434
f 4798/5020/5424 4799/5021/5425 4810/5032/5436 4809/5031/5435
f 4799/5021/5425 4800/5022/5426 4811/5033/5437 4810/5032/5436
f 4800/5022/5426 4801/5023/5427 4812/5034/5438 4811/5033/5437
f 4801/5023/5427 4802/5024/5428 4813/5035/5439 4812/5034/5438
f 4802/5024/5428 4803/5025/5429 4814/5036/5440 4813/5035/5439
f 4803/5025/5429 4804/5026/5430 4815/5037/5441 4814/5036/5440
f 4805/5027/5432 4806/5028/5431 4817/5039/5442 4816/5038/5443
f 4806/5028/5431 4807/5029/5433 4818/5040/5444 4817/5039/5442
f 4807/5029/5433 4808/5030/5434 4819/5041/5445 4818/5040/5444
f 4808/5030/5434 4809/5031/5435 4820/5042/5446 4819/5041/5445
f 4809/5031/5435 4810/5032/5436 4821/5043/5447 4820/5042/5446
f 4810/5032/5436 4811/5033/5437 4822/5044/5448 4821/5043/5447
f 4811/5033/5437 4812/5034/5438 4823/5045/5449 4822/5044/5448
f 4812/5034/5438 4813/5035/5439 4824/5046/5450 4823/5045/5449
f 4813/5035/5439 4814/5036/5440 4825/5047/5451 4824/5046/5450
f 4814/5036/5440 4815/5037/5441 4826/5048/5452 4825/5047/5451
f 4816/5038/5443 4817/5039/5442 4828/5050/5453 4827/5049/5454
f 4817/5039/5442 4818/5040/5444 4829/5051/5455 4828/5050/5453
f 4818/5040/5444 4819/5041/5445 4830/5052/5456 4829/5051/5455
f 4819/5041/5445 4820/5042/5446 4831/5053/5457 4830/5052/5456
f 4820/5042/5446 4821/5043/5447 4832/5054/5458 4831/5053/5457
f 4821/5043/5447 4822/5044/5448 4833/5055/5459 4832/5054/5458
f 4822/5044/5448 4823/5045/5449 4834/5056/5460 4833/5055/5459
f 4823/5045/5449 4824/5046/5450 4835/5057/5461 4834/5056/5460
f 4824/5046/5450 4825/5047/5451 4836/5058/5462 4835/5057/5461
f 4825/5047/5451 4826/5048/5452 4837/5059/5463 4836/5058/5462
g default
v 7.866543 0.839661 4.836221
v 7.067885 0.839174 4.836882
v 6.269226 0.838686 4.837542
v 5.470568 0.838198 4.838202
v 4.671909 0.837711 4.838862
v 3.873251 0.837223 4.839522
v 3.074592 0.836736 4.840182
v 2.275934 0.836248 4.840842
v 1.477276 0.835760 4.841502
v 0.678617 0.835273 4.842162
v -0.120041 0.834785 4.842822
v 7.865709 0.839083 3.826205
v 7.067050 0.838595 3.826865
v 6.268392 0.838108 3.827525
v 5.469733 0.837620 3.828186
v 4.671075 0.837133 3.828846
v 3.872417 0.836645 3.829506
v 3.073758 0.836157 3.830166
v 2.275100 0.835670 3.830826
v 1.476441 0.835182 3.831486
v 0.677783 0.834695 3.832146
v -0.120876 0.834207 3.832806
v 7.864874 0.838505 2.816189
v 7.066216 0.838017 2.816849
v 6.267557 0.837530 2.817509
v 5.468899 0.837042 2.818169
v 4.670240 0.836554 2.818829
v 3.871582 0.836067 2.819490
v 3.072923 0.835579 2.820150
v 2.274265 0.835092 2.820810
v 1.475607 0.834604 2.821470
v 0.676948 0.834116 2.822130
v -0.121710 0.833629 2.822790
v 7.864040 0.837927 1.806172
v 7.065381 0.837439 1.806833
v 6.266723 0.836951 1.807493
v 5.468064 0.836464 1.808153
v 4.669406 0.835976 1.808813
v 3.870748 0.835489 1.809473
v 3.072089 0.835001 1.810133
v 2.273431 0.834513 1.810793
v 1.474772 0.834026 1.811453
v 0.676114 0.833538 1.812113
v -0.122544 0.833051 1.812773
v 7.863205 0.837348 0.796156
v 7.064547 0.836861 0.796816
v 6.265889 0.836373 0.797476
v 5.467230 0.835886 0.798137
v 4.668572 0.835398 0.798797
v 3.869913 0.834910 0.799457
v 3.071255 0.834423 0.800117
v 2.272596 0.833935 0.800777
v 1.473938 0.833448 0.801437
v 0.675279 0.832960 0.802097
v -0.123379 0.832472 0.802757
v 7.862371 0.836770 -0.213860
v 7.063713 0.836283 -0.213200
v 6.265054 0.835795 -0.212540
v 5.466396 0.835307 -0.211880
v 4.667737 0.834820 -0.211220
v 3.869079 0.834332 -0.210559
v 3.070420 0.833845 -0.209899
v 2.271762 0.833357 -0.209239
v 1.473103 0.832869 -0.208579
v 0.674445 0.832382 -0.207919
v -0.124213 0.831894 -0.207259
v 7.861536 0.836192 -1.223876
v 7.062878 0.835704 -1.223216
v 6.264220 0.835217 -1.222556
v 5.465561 0.834729 -1.221896
v 4.666903 0.834242 -1.221236
v 3.868244 0.833754 -1.220576
v 3.069586 0.833266 -1.219916
v 2.270928 0.832779 -1.219256
v 1.472269 0.832291 -1.218596
v 0.673610 0.831804 -1.217936
v -0.125048 0.831316 -1.217275
v 7.860702 0.835614 -2.233892
v 7.062044 0.835126 -2.233232
v 6.263385 0.834639 -2.232572
v 5.464727 0.834151 -2.231912
v 4.666068 0.833663 -2.231252
v 3.867410 0.833176 -2.230592
v 3.068751 0.832688 -2.229932
v 2.270093 0.832201 -2.229272
v 1.471435 0.831713 -2.228612
v 0.672776 0.831225 -2.227951
v -0.125882 0.830738 -2.227291
v 7.859868 0.835036 -3.243909
v 7.061209 0.834548 -3.243249
v 6.262551 0.834060 -3.242589
v 5.463892 0.833573 -3.241929
v 4.665234 0.833085 -3.241268
v 3.866575 0.832598 -3.240608
v 3.067917 0.832110 -3.239948
v 2.269259 0.831622 -3.239288
v 1.470600 0.831135 -3.238628
v 0.671942 0.830647 -3.237968
v -0.126717 0.830160 -3.237308
v 7.859033 0.834457 -4.253925
v 7.060375 0.833970 -4.253265
v 6.261716 0.833482 -4.252605
v 5.463058 0.832995 -4.251945
v 4.664399 0.832507 -4.251285
v 3.865741 0.832019 -4.250625
v 3.067082 0.831532 -4.249965
v 2.268424 0.831044 -4.249305
v 1.469766 0.830557 -4.248645
v 0.671107 0.830069 -4.247985
v -0.127551 0.829581 -4.247324
v 7.858199 0.833879 -5.263941
v 7.059540 0.833392 -5.263281
v 6.260882 0.832904 -5.262621
v 5.462223 0.832416 -5.261961
v 4.663565 0.831929 -5.261301
v 3.864907 0.831441 -5.260641
v 3.066248 0.830954 -5.259981
v 2.267590 0.830466 -5.259321
v 1.468931 0.829978 -5.258661
v 0.670273 0.829491 -5.258000
v -0.128385 0.829003 -5.257340
vt 0.000000 0.000000
vt 0.100000 0.000000
vt 0.200000 0.000000
vt 0.300000 0.000000
vt 0.400000 0.000000
vt 0.500000 0.000000
vt 0.600000 0.000000
vt 0.700000 0.000000
vt 0.800000 0.000000
vt 0.900000 0.000000
vt 1.000000 0.000000
vt 0.000000 0.100000
vt 0.100000 0.100000
vt 0.200000 0.100000
vt 0.300000 0.100000
vt 0.400000 0.100000
vt 0.500000 0.100000
vt 0.600000 0.100000
vt 0.700000 0.100000
vt 0.800000 0.100000
vt 0.900000 0.100000
vt 1.000000 0.100000
vt 0.000000 0.200000
vt 0.100000 0.200000
vt 0.200000 0.200000
vt 0.300000 0.200000
vt 0.400000 0.200000
vt 0.500000 0.200000
vt 0.600000 0.200000
vt 0.700000 0.200000
vt 0.800000 0.200000
vt 0.900000 0.200000
vt 1.000000 0.200000
vt 0.000000 0.300000
vt 0.100000 0.300000
vt 0.200000 0.300000
vt 0.300000 0.300000
vt 0.400000 0.300000
vt 0.500000 0.300000
vt 0.600000 0.300000
vt 0.700000 0.300000
vt 0.800000 0.300000
vt 0.900000 0.300000
vt 1.000000 0.300000
vt 0.000000 0.400000
vt 0.100000 0.400000
vt 0.200000 0.400000
vt 0.300000 0.400000
vt 0.400000 0.400000
vt 0.500000 0.400000
vt 0.600000 0.400000
vt 0.700000 0.400000
vt 0.800000 0.400000
vt 0.900000 0.400000
vt 1.000000 0.400000
vt 0.000000 0.500000
vt 0.100000 0.500000
vt 0.200000 0.500000
vt 0.300000 0.500000
vt 0.400000 0.500000
vt 0.500000 0.500000
vt 0.600000 0.500000
vt 0.700000 0.500000
vt 0.800000 0.500000
vt 0.900000 0.500000
vt 1.000000 0.500000
vt 0.000000 0.600000
vt 0.100000 0.600000
vt 0.200000 0.600000
vt 0.300000 0.600000
vt 0.400000 0.600000
vt 0.500000 0.600000
vt 0.600000 0.600000
vt 0.700000 0.600000
vt 0.800000 0.600000
vt 0.900000 0.600000
vt 1.000000 0.600000
vt 0.000000 0.700000
vt 0.100000 0.700000
vt 0.200000 0.700000
vt 0.300000 0.700000
vt 0.400000 0.700000
vt 0.500000 0.700000
vt 0.600000 0.700000
vt 0.700000 0.700000
vt 0.800000 0.700000
vt 0.900000 0.700000
vt 1.000000 0.700000
vt 0.000000 0.800000
vt 0.100000 0.800000
vt 0.200000 0.800000
vt 0.300000 0.800000
vt 0.400000 0.800000
vt 0.500000 0.800000
vt 0.600000 0.800000
vt 0.700000 0.800000
vt 0.800000 0.800000
vt 0.900000 0.800000
vt 1.000000 0.800000
vt 0.000000 0.900000
vt 0.100000 0.900000
vt 0.200000 0.900000
vt 0.300000 0.900000
vt 0.400000 0.900000
vt 0.500000 0.900000
vt 0.600000 0.900000
vt 0.700000 0.900000
vt 0.800000 0.900000
vt 0.900000 0.900000
vt 1.000000 0.900000
vt 0.000000 1.000000
vt 0.100000 1.000000
vt 0.200000 1.000000
vt 0.300000 1.000000
vt 0.400000 1.000000
vt 0.500000 1.000000
vt 0.600000 1.000000
vt 0.700000 1.000000
vt 0.800000 1.000000
vt 0.900000 1.000000
vt 1.000000 1.000000
vn 0.000611 -1.000000 0.000572
vn 0.000611 -1.000000 0.000572
vn 0.000611 -1.000000 0.000572
vn 0.000611 -1.000000 0.000572
vn 0.000611 -1.000000 0.000572
vn 0.000611 -1.000000 0.000572
vn 0.000611 -1.000000 0.000572
vn 0.000611 -1.000000 0.000572
vn 0.000611 -1.000000 0.000572
vn 0.000611 -1.000000 0.000572
vn 0.000611 -1.000000 0.000572
vn 0.000611 -1.000000 0.000572
vn 0.000611 -1.000000 0.000572
vn 0.000611 -1.000000 0.000572
vn 0.000611 -1.000000 0.000572
vn 0.000611 -1.000000 0.000572
vn 0.000611 -1.000000 0.000572
vn 0.000611 -1.000000 0.000572
vn 0.000611 -1.000000 0.000572
vn 0.000611 -1.000000 0.000572
vn 0.000611 -1.000000 0.000572
vn 0.000611 -1.000000 0.000572
vn 0.000611 -1.000000 0.000572
vn 0.000611 -1.000000 0.000572
vn 0.000611 -1.000000 0.000572
vn 0.000611 -1.000000 0.000572
vn 0.000611 -1.000000 0.000572
vn 0.000611 -1.000000 0.000572
vn 0.000611 -1.000000 0.000572
vn 0.000611 -1.000000 0.000572
vn 0.000611 -1.000000 0.000572
vn 0.000611 -1.000000 0.000572
vn 0.000611 -1.000000 0.000572
vn 0.000611 -1.000000 0.000572
vn 0.000611 -1.000000 0.000572
vn 0.000611 -1.000000 0.000572
vn 0.000611 -1.000000 0.000572
vn 0.000611 -1.000000 0.000572
vn 0.000611 -1.000000 0.000572
vn 0.000611 -1.000000 0.000572
vn 0.000611 -1.000000 0.000572
vn 0.000611 -1.000000 0.000572
vn 0.000611 -1.000000 0.000572
vn 0.000611 -1.000000 0.000572
vn 0.000611 -1.000000 0.000572
vn 0.000611 -1.000000 0.000572
vn 0.000611 -1.000000 0.000572
vn 0.000611 -1.000000 0.000572
vn 0.000611 -1.000000 0.000572
vn 0.000611 -1.000000 0.000572
vn 0.000611 -1.000000 0.000572
vn 0.000611 -1.000000 0.000572
vn 0.000611 -1.000000 0.000572
vn 0.000611 -1.000000 0.000572
vn 0.000611 -1.000000 0.000572
vn 0.000611 -1.000000 0.000572
vn 0.000611 -1.000000 0.000572
vn 0.000611 -1.000000 0.000572
vn 0.000611 -1.000000 0.000572
vn 0.000611 -1.000000 0.000572
vn 0.000611 -1.000000 0.000572
vn 0.000611 -1.000000 0.000572
vn 0.000611 -1.000000 0.000572
vn 0.000611 -1.000000 0.000572
vn 0.000611 -1.000000 0.000572
vn 0.000611 -1.000000 0.000572
vn 0.000611 -1.000000 0.000572
vn 0.000611 -1.000000 0.000572
vn 0.000611 -1.000000 0.000572
vn 0.000611 -1.000000 0.000572
vn 0.000611 -1.000000 0.000572
vn 0.000611 -1.000000 0.000572
vn 0.000611 -1.000000 0.000572
vn 0.000611 -1.000000 0.000572
vn 0.000611 -1.000000 0.000572
vn 0.000611 -1.000000 0.000572
vn 0.000611 -1.000000 0.000572
vn 0.000611 -1.000000 0.000572
vn 0.000611 -1.000000 0.000572
vn 0.000611 -1.000000 0.000572
vn 0.000611 -1.000000 0.000572
vn 0.000611 -1.000000 0.000572
vn 0.000611 -1.000000 0.000572
vn 0.000611 -1.000000 0.000572
vn 0.000611 -1.000000 0.000572
vn 0.000611 -1.000000 0.000572
vn 0.000611 -1.000000 0.000572
vn 0.000611 -1.000000 0.000572
vn 0.000611 -1.000000 0.000572
vn 0.000611 -1.000000 0.000572
vn 0.000611 -1.000000 0.000572
vn 0.000611 -1.000000 0.000572
vn 0.000611 -1.000000 0.000572
vn 0.000611 -1.000000 0.000572
vn 0.000611 -1.000000 0.000572
vn 0.000611 -1.000000 0.000572
vn 0.000611 -1.000000 0.000572
vn 0.000611 -1.000000 0.000572
vn 0.000611 -1.000000 0.000572
vn 0.000611 -1.000000 0.000572
vn 0.000611 -1.000000 0.000572
vn 0.000611 -1.000000 0.000572
vn 0.000611 -1.000000 0.000572
vn 0.000611 -1.000000 0.000572
vn 0.000611 -1.000000 0.000572
vn 0.000611 -1.000000 0.000572
vn 0.000611 -1.000000 0.000572
vn 0.000611 -1.000000 0.000572
vn 0.000611 -1.000000 0.000572
vn 0.000611 -1.000000 0.000572
vn 0.000611 -1.000000 0.000572
vn 0.000611 -1.000000 0.000572
vn 0.000611 -1.000000 0.000572
vn 0.000611 -1.000000 0.000572
vn 0.000611 -1.000000 0.000572
vn 0.000611 -1.000000 0.000572
vn 0.000611 -1.000000 0.000572
vn 0.000611 -1.000000 0.000572
vn 0.000611 -1.000000 0.000572
vn 0.000611 -1.000000 0.000572
vn 0.000611 -1.000000 0.000572
s 1
g group2 locator1 pPlane1 pCube1 Book_L
f 4838/5060/5464 4839/5061/5465 4850/5072/5466 4849/5071/5467
f 4839/5061/5465 4840/5062/5468 4851/5073/5469 4850/5072/5466
f 4840/5062/5468 4841/5063/5470 4852/5074/5471 4851/5073/5469
f 4841/5063/5470 4842/5064/5472 4853/5075/5473 4852/5074/5471
f 4842/5064/5472 4843/5065/5474 4854/5076/5475 4853/5075/5473
f 4843/5065/5474 4844/5066/5476 4855/5077/5477 4854/5076/5475
f 4844/5066/5476 4845/5067/5478 4856/5078/5479 4855/5077/5477
f 4845/5067/5478 4846/5068/5480 4857/5079/5481 4856/5078/5479
f 4846/5068/5480 4847/5069/5482 4858/5080/5483 4857/5079/5481
f 4847/5069/5482 4848/5070/5484 4859/5081/5485 4858/5080/5483
f 4849/5071/5467 4850/5072/5466 4861/5083/5486 4860/5082/5487
f 4850/5072/5466 4851/5073/5469 4862/5084/5488 4861/5083/5486
f 4851/5073/5469 4852/5074/5471 4863/5085/5489 4862/5084/5488
f 4852/5074/5471 4853/5075/5473 4864/5086/5490 4863/5085/5489
f 4853/5075/5473 4854/5076/5475 4865/5087/5491 4864/5086/5490
f 4854/5076/5475 4855/5077/5477 4866/5088/5492 4865/5087/5491
f 4855/5077/5477 4856/5078/5479 4867/5089/5493 4866/5088/5492
f 4856/5078/5479 4857/5079/5481 4868/5090/5494 4867/5089/5493
f 4857/5079/5481 4858/5080/5483 4869/5091/5495 4868/5090/5494
f 4858/5080/5483 4859/5081/5485 4870/5092/5496 4869/5091/5495
f 4860/5082/5487 4861/5083/5486 4872/5094/5497 4871/5093/5498
f 4861/5083/5486 4862/5084/5488 4873/5095/5499 4872/5094/5497
f 4862/5084/5488 4863/5085/5489 4874/5096/5500 4873/5095/5499
f 4863/5085/5489 4864/5086/5490 4875/5097/5501 4874/5096/5500
f 4864/5086/5490 4865/5087/5491 4876/5098/5502 4875/5097/5501
f 4865/5087/5491 4866/5088/5492 4877/5099/5503 4876/5098/5502
f 4866/5088/5492 4867/5089/5493 4878/5100/5504 4877/5099/5503
f 4867/5089/5493 4868/5090/5494 4879/5101/5505 4878/5100/5504
f 4868/5090/5494 4869/5091/5495 4880/5102/5506 4879/5101/5505
f 4869/5091/5495 4870/5092/5496 4881/5103/5507 4880/5102/5506
f 4871/5093/5498 4872/5094/5497 4883/5105/5508 4882/5104/5509
f 4872/5094/5497 4873/5095/5499 4884/5106/5510 4883/5105/5508
f 4873/5095/5499 4874/5096/5500 4885/5107/5511 4884/5106/5510
f 4874/5096/5500 4875/5097/5501 4886/5108/5512 4885/5107/5511
f 4875/5097/5501 4876/5098/5502 4887/5109/5513 4886/5108/5512
f 4876/5098/5502 4877/5099/5503 4888/5110/5514 4887/5109/5513
f 4877/5099/5503 4878/5100/5504 4889/5111/5515 4888/5110/5514
f 4878/5100/5504 4879/5101/5505 4890/5112/5516 4889/5111/5515
f 4879/5101/5505 4880/5102/5506 4891/5113/5517 4890/5112/5516
f 4880/5102/5506 4881/5103/5507 4892/5114/5518 4891/5113/5517
f 4882/5104/5509 4883/5105/5508 4894/5116/5519 4893/5115/5520
f 4883/5105/5508 4884/5106/5510 4895/5117/5521 4894/5116/5519
f 4884/5106/5510 4885/5107/5511 4896/5118/5522 4895/5117/5521
f 4885/5107/5511 4886/5108/5512 4897/5119/5523 4896/5118/5522
f 4886/5108/5512 4887/5109/5513 4898/5120/5524 4897/5119/5523
f 4887/5109/5513 4888/5110/5514 4899/5121/5525 4898/5120/5524
f 4888/5110/5514 4889/5111/5515 4900/5122/5526 4899/5121/5525
f 4889/5111/5515 4890/5112/5516 4901/5123/5527 4900/5122/5526
f 4890/5112/5516 4891/5113/5517 4902/5124/5528 4901/5123/5527
f 4891/5113/5517 4892/5114/5518 4903/5125/5529 4902/5124/5528
f 4893/5115/5520 4894/5116/5519 4905/5127/5530 4904/5126/5531
f 4894/5116/5519 4895/5117/5521 4906/5128/5532 4905/5127/5530
f 4895/5117/5521 4896/5118/5522 4907/5129/5533 4906/5128/5532
f 4896/5118/5522 4897/5119/5523 4908/5130/5534 4907/5129/5533
f 4897/5119/5523 4898/5120/5524 4909/5131/5535 4908/5130/5534
f 4898/5120/5524 4899/5121/5525 4910/5132/5536 4909/5131/5535
f 4899/5121/5525 4900/5122/5526 4911/5133/5537 4910/5132/5536
f 4900/5122/5526 4901/5123/5527 4912/5134/5538 4911/5133/5537
f 4901/5123/5527 4902/5124/5528 4913/5135/5539 4912/5134/5538
f 4902/5124/5528 4903/5125/5529 4914/5136/5540 4913/5135/5539
f 4904/5126/5531 4905/5127/5530 4916/5138/5541 4915/5137/5542
f 4905/5127/5530 4906/5128/5532 4917/5139/5543 4916/5138/5541
f 4906/5128/5532 4907/5129/5533 4918/5140/5544 4917/5139/5543
f 4907/5129/5533 4908/5130/5534 4919/5141/5545 4918/5140/5544
f 4908/5130/5534 4909/5131/5535 4920/5142/5546 4919/5141/5545
f 4909/5131/5535 4910/5132/5536 4921/5143/5547 4920/5142/5546
f 4910/5132/5536 4911/5133/5537 4922/5144/5548 4921/5143/5547
f 4911/5133/5537 4912/5134/5538 4923/5145/5549 4922/5144/5548
f 4912/5134/5538 4913/5135/5539 4924/5146/5550 4923/5145/5549
f 4913/5135/5539 4914/5136/5540 4925/5147/5551 4924/5146/5550
f 4915/5137/5542 4916/5138/5541 4927/5149/5552 4926/5148/5553
f 4916/5138/5541 4917/5139/5543 4928/5150/5554 4927/5149/5552
f 4917/5139/5543 4918/5140/5544 4929/5151/5555 4928/5150/5554
f 4918/5140/5544 4919/5141/5545 4930/5152/5556 4929/5151/5555
f 4919/5141/5545 4920/5142/5546 4931/5153/5557 4930/5152/5556
f 4920/5142/5546 4921/5143/5547 4932/5154/5558 4931/5153/5557
f 4921/5143/5547 4922/5144/5548 4933/5155/5559 4932/5154/5558
f 4922/5144/5548 4923/5145/5549 4934/5156/5560 4933/5155/5559
f 4923/5145/5549 4924/5146/5550 4935/5157/5561 4934/5156/5560
f 4924/5146/5550 4925/5147/5551 4936/5158/5562 4935/5157/5561
f 4926/5148/5553 4927/5149/5552 4938/5160/5563 4937/5159/5564
f 4927/5149/5552 4928/5150/5554 4939/5161/5565 4938/5160/5563
f 4928/5150/5554 4929/5151/5555 4940/5162/5566 4939/5161/5565
f 4929/5151/5555 4930/5152/5556 4941/5163/5567 4940/5162/5566
f 4930/5152/5556 4931/5153/5557 4942/5164/5568 4941/5163/5567
f 4931/5153/5557 4932/5154/5558 4943/5165/5569 4942/5164/5568
f 4932/5154/5558 4933/5155/5559 4944/5166/5570 4943/5165/5569
f 4933/5155/5559 4934/5156/5560 4945/5167/5571 4944/5166/5570
f 4934/5156/5560 4935/5157/5561 4946/5168/5572 4945/5167/5571
f 4935/5157/5561 4936/5158/5562 4947/5169/5573 4946/5168/5572
f 4937/5159/5564 4938/5160/5563 4949/5171/5574 4948/5170/5575
f 4938/5160/5563 4939/5161/5565 4950/5172/5576 4949/5171/5574
f 4939/5161/5565 4940/5162/5566 4951/5173/5577 4950/5172/5576
f 4940/5162/5566 4941/5163/5567 4952/5174/5578 4951/5173/5577
f 4941/5163/5567 4942/5164/5568 4953/5175/5579 4952/5174/5578
f 4942/5164/5568 4943/5165/5569 4954/5176/5580 4953/5175/5579
f 4943/5165/5569 4944/5166/5570 4955/5177/5581 4954/5176/5580
f 4944/5166/5570 4945/5167/5571 4956/5178/5582 4955/5177/5581
f 4945/5167/5571 4946/5168/5572 4957/5179/5583 4956/5178/5582
f 4946/5168/5572 4947/5169/5573 4958/5180/5584 4957/5179/5583
g default
v 0.352564 0.779873 2.206622
v 1.053532 0.785408 2.208303
v 1.754500 0.790944 2.209984
v 2.455467 0.796479 2.211666
v 3.156435 0.802015 2.213347
v 3.857403 0.807551 2.215029
v 4.558370 0.813086 2.216710
v 5.259338 0.818622 2.218392
v 5.960306 0.824157 2.220073
v 6.661273 0.829693 2.221755
v 7.362241 0.835228 2.223436
v 0.353396 0.779485 1.509136
v 1.054364 0.785020 1.510817
v 1.755332 0.790556 1.512499
v 2.456299 0.796091 1.514180
v 3.157267 0.801627 1.515862
v 3.858235 0.807162 1.517543
v 4.559203 0.812698 1.519225
v 5.260170 0.818233 1.520906
v 5.961138 0.823769 1.522588
v 6.662106 0.829305 1.524269
v 7.363073 0.834840 1.525951
v 0.354229 0.779096 0.811650
v 1.055196 0.784632 0.813331
v 1.756164 0.790168 0.815013
v 2.457132 0.795703 0.816694
v 3.158099 0.801239 0.818376
v 3.859067 0.806774 0.820057
v 4.560035 0.812310 0.821739
v 5.261002 0.817845 0.823420
v 5.961970 0.823381 0.825102
v 6.662938 0.828916 0.826783
v 7.363905 0.834452 0.828465
v 0.355061 0.778708 0.114164
v 1.056028 0.784244 0.115845
v 1.756996 0.789779 0.117527
v 2.457964 0.795315 0.119208
v 3.158931 0.800850 0.120890
v 3.859899 0.806386 0.122571
v 4.560867 0.811922 0.124253
v 5.261834 0.817457 0.125934
v 5.962802 0.822993 0.127616
v 6.663770 0.828528 0.129297
v 7.364737 0.834064 0.130979
v 0.355893 0.778320 -0.583322
v 1.056860 0.783856 -0.581640
v 1.757828 0.789391 -0.579959
v 2.458796 0.794927 -0.578277
v 3.159763 0.800462 -0.576596
v 3.860731 0.805998 -0.574914
v 4.561699 0.811533 -0.573233
v 5.262666 0.817069 -0.571551
v 5.963634 0.822604 -0.569870
v 6.664602 0.828140 -0.568188
v 7.365569 0.833676 -0.566507
v 0.356725 0.777932 -1.280808
v 1.057692 0.783467 -1.279126
v 1.758660 0.789003 -1.277445
v 2.459628 0.794539 -1.275763
v 3.160596 0.800074 -1.274082
v 3.861563 0.805610 -1.272400
v 4.562531 0.811145 -1.270719
v 5.263498 0.816681 -1.269037
v 5.964466 0.822216 -1.267356
v 6.665434 0.827752 -1.265674
v 7.366401 0.833287 -1.263993
v 0.357557 0.777544 -1.978294
v 1.058525 0.783079 -1.976612
v 1.759492 0.788615 -1.974931
v 2.460460 0.794150 -1.973249
v 3.161428 0.799686 -1.971568
v 3.862395 0.805221 -1.969886
v 4.563363 0.810757 -1.968205
v 5.264330 0.816293 -1.966523
v 5.965298 0.821828 -1.964842
v 6.666266 0.827364 -1.963160
v 7.367234 0.832899 -1.961479
v 0.358389 0.777156 -2.675779
v 1.059357 0.782691 -2.674098
v 1.760324 0.788227 -2.672416
v 2.461292 0.793762 -2.670735
v 3.162260 0.799298 -2.669053
v 3.863227 0.804833 -2.667372
v 4.564195 0.810369 -2.665690
v 5.265163 0.815904 -2.664009
v 5.966130 0.821440 -2.662327
v 6.667098 0.826976 -2.660646
v 7.368066 0.832511 -2.658964
v 0.359221 0.776767 -3.373265
v 1.060189 0.782303 -3.371584
v 1.761156 0.787838 -3.369902
v 2.462124 0.793374 -3.368221
v 3.163092 0.798910 -3.366539
v 3.864059 0.804445 -3.364858
v 4.565027 0.809981 -3.363176
v 5.265995 0.815516 -3.361495
v 5.966963 0.821052 -3.359813
v 6.667930 0.826587 -3.358132
v 7.368898 0.832123 -3.356450
v 0.360053 0.776379 -4.070751
v 1.061021 0.781915 -4.069070
v 1.761989 0.787450 -4.067388
v 2.462956 0.792986 -4.065707
v 3.163924 0.798521 -4.064025
v 3.864892 0.804057 -4.062344
v 4.565859 0.809593 -4.060662
v 5.266827 0.815128 -4.058981
v 5.967795 0.820664 -4.057299
v 6.668762 0.826199 -4.055618
v 7.369730 0.831735 -4.053936
v 0.360885 0.775991 -4.768237
v 1.061853 0.781527 -4.766555
v 1.762821 0.787062 -4.764874
v 2.463788 0.792598 -4.763192
v 3.164756 0.798133 -4.761511
v 3.865724 0.803669 -4.759829
v 4.566692 0.809204 -4.758148
v 5.267659 0.814740 -4.756466
v 5.968627 0.820275 -4.754785
v 6.669595 0.825811 -4.753103
v 7.370562 0.831347 -4.751422
vt 0.999531 1.000469
vt 0.899531 1.000375
vt 0.799531 1.000281
vt 0.699531 1.000187
vt 0.599531 1.000094
vt 0.499531 1.000000
vt 0.399531 0.999906
vt 0.299531 0.999812
vt 0.199531 0.999719
vt 0.099531 0.999625
vt -0.000469 0.999531
vt 0.999625 0.900469
vt 0.899625 0.900375
vt 0.799625 0.900281
vt 0.699625 0.900187
vt 0.599625 0.900094
vt 0.499625 0.900000
vt 0.399625 0.899906
vt 0.299625 0.899812
vt 0.199625 0.899719
vt 0.099625 0.899625
vt -0.000375 0.899531
vt 0.999719 0.800469
vt 0.899719 0.800375
vt 0.799719 0.800281
vt 0.699719 0.800187
vt 0.599719 0.800094
vt 0.499719 0.800000
vt 0.399719 0.799906
vt 0.299719 0.799812
vt 0.199719 0.799719
vt 0.099719 0.799625
vt -0.000281 0.799531
vt 0.999812 0.700469
vt 0.899812 0.700375
vt 0.799812 0.700281
vt 0.699812 0.700187
vt 0.599812 0.700094
vt 0.499812 0.700000
vt 0.399812 0.699906
vt 0.299813 0.699812
vt 0.199813 0.699719
vt 0.099813 0.699625
vt -0.000187 0.699531
vt 0.999906 0.600469
vt 0.899906 0.600375
vt 0.799906 0.600281
vt 0.699906 0.600187
vt 0.599906 0.600094
vt 0.499906 0.600000
vt 0.399906 0.599906
vt 0.299906 0.599812
vt 0.199906 0.599719
vt 0.099906 0.599625
vt -0.000094 0.599531
vt 1.000000 0.500469
vt 0.900000 0.500375
vt 0.800000 0.500281
vt 0.700000 0.500188
vt 0.600000 0.500094
vt 0.500000 0.500000
vt 0.400000 0.499906
vt 0.300000 0.499812
vt 0.200000 0.499719
vt 0.100000 0.499625
vt 0.000000 0.499531
vt 1.000094 0.400469
vt 0.900094 0.400375
vt 0.800094 0.400281
vt 0.700094 0.400188
vt 0.600094 0.400094
vt 0.500094 0.400000
vt 0.400094 0.399906
vt 0.300094 0.399812
vt 0.200094 0.399719
vt 0.100094 0.399625
vt 0.000094 0.399531
vt 1.000187 0.300469
vt 0.900187 0.300375
vt 0.800187 0.300281
vt 0.700187 0.300188
vt 0.600187 0.300094
vt 0.500188 0.300000
vt 0.400188 0.299906
vt 0.300188 0.299813
vt 0.200188 0.299719
vt 0.100188 0.299625
vt 0.000188 0.299531
vt 1.000281 0.200469
vt 0.900281 0.200375
vt 0.800281 0.200281
vt 0.700281 0.200188
vt 0.600281 0.200094
vt 0.500281 0.200000
vt 0.400281 0.199906
vt 0.300281 0.199813
vt 0.200281 0.199719
vt 0.100281 0.199625
vt 0.000281 0.199531
vt 1.000375 0.100469
vt 0.900375 0.100375
vt 0.800375 0.100281
vt 0.700375 0.100188
vt 0.600375 0.100094
vt 0.500375 0.100000
vt 0.400375 0.099906
vt 0.300375 0.099813
vt 0.200375 0.099719
vt 0.100375 0.099625
vt 0.000375 0.099531
vt 1.000469 0.000469
vt 0.900469 0.000375
vt 0.800469 0.000281
vt 0.700469 0.000188
vt 0.600469 0.000094
vt 0.500469 0.000000
vt 0.400469 -0.000094
vt 0.300469 -0.000187
vt 0.200469 -0.000281
vt 0.100469 -0.000375
vt 0.000469 -0.000469
vn -0.007895 0.999969 -0.000566
vn -0.007895 0.999969 -0.000566
vn -0.007895 0.999969 -0.000566
vn -0.007895 0.999969 -0.000566
vn -0.007895 0.999969 -0.000566
vn -0.007895 0.999969 -0.000566
vn -0.007895 0.999969 -0.000566
vn -0.007895 0.999969 -0.000566
vn -0.007895 0.999969 -0.000566
vn -0.007895 0.999969 -0.000566
vn -0.007895 0.999969 -0.000566
vn -0.007895 0.999969 -0.000566
vn -0.007895 0.999969 -0.000566
vn -0.007895 0.999969 -0.000566
vn -0.007895 0.999969 -0.000566
vn -0.007895 0.999969 -0.000566
vn -0.007895 0.999969 -0.000566
vn -0.007895 0.999969 -0.000566
vn -0.007895 0.999969 -0.000566
vn -0.007895 0.999969 -0.000566
vn -0.007895 0.999969 -0.000566
vn -0.007895 0.999969 -0.000566
vn -0.007895 0.999969 -0.000566
vn -0.007895 0.999969 -0.000566
vn -0.007895 0.999969 -0.000566
vn -0.007895 0.999969 -0.000566
vn -0.007895 0.999969 -0.000566
vn -0.007895 0.999969 -0.000566
vn -0.007895 0.999969 -0.000566
vn -0.007895 0.999969 -0.000566
vn -0.007895 0.999969 -0.000566
vn -0.007895 0.999969 -0.000566
vn -0.007895 0.999969 -0.000566
vn -0.007895 0.999969 -0.000566
vn -0.007895 0.999969 -0.000566
vn -0.007895 0.999969 -0.000566
vn -0.007895 0.999969 -0.000566
vn -0.007895 0.999969 -0.000566
vn -0.007895 0.999969 -0.000566
vn -0.007895 0.999969 -0.000566
vn -0.007895 0.999969 -0.000566
vn -0.007895 0.999969 -0.000566
vn -0.007895 0.999969 -0.000566
vn -0.007895 0.999969 -0.000566
vn -0.007895 0.999969 -0.000566
vn -0.007895 0.999969 -0.000566
vn -0.007895 0.999969 -0.000566
vn -0.007895 0.999969 -0.000566
vn -0.007895 0.999969 -0.000566
vn -0.007895 0.999969 -0.000566
vn -0.007895 0.999969 -0.000566
vn -0.007895 0.999969 -0.000566
vn -0.007895 0.999969 -0.000566
vn -0.007895 0.999969 -0.000566
vn -0.007895 0.999969 -0.000566
vn -0.007895 0.999969 -0.000566
vn -0.007895 0.999969 -0.000566
vn -0.007895 0.999969 -0.000566
vn -0.007895 0.999969 -0.000566
vn -0.007895 0.999969 -0.000566
vn -0.007895 0.999969 -0.000566
vn -0.007895 0.999969 -0.000566
vn -0.007895 0.999969 -0.000566
vn -0.007895 0.999969 -0.000566
vn -0.007895 0.999969 -0.000566
vn -0.007895 0.999969 -0.000566
vn -0.007895 0.999969 -0.000566
vn -0.007895 0.999969 -0.000566
vn -0.007895 0.999969 -0.000566
vn -0.007895 0.999969 -0.000566
vn -0.007895 0.999969 -0.000566
vn -0.007895 0.999969 -0.000566
vn -0.007895 0.999969 -0.000566
vn -0.007895 0.999969 -0.000566
vn -0.007895 0.999969 -0.000566
vn -0.007895 0.999969 -0.000566
vn -0.007895 0.999969 -0.000566
vn -0.007895 0.999969 -0.000566
vn -0.007895 0.999969 -0.000566
vn -0.007895 0.999969 -0.000566
vn -0.007895 0.999969 -0.000566
vn -0.007895 0.999969 -0.000566
vn -0.007895 0.999969 -0.000566
vn -0.007895 0.999969 -0.000566
vn -0.007895 0.999969 -0.000566
vn -0.007895 0.999969 -0.000566
vn -0.007895 0.999969 -0.000566
vn -0.007895 0.999969 -0.000566
vn -0.007895 0.999969 -0.000566
vn -0.007895 0.999969 -0.000566
vn -0.007895 0.999969 -0.000566
vn -0.007895 0.999969 -0.000566
vn -0.007895 0.999969 -0.000566
vn -0.007895 0.999969 -0.000566
vn -0.007895 0.999969 -0.000566
vn -0.007895 0.999969 -0.000566
vn -0.007895 0.999969 -0.000566
vn -0.007895 0.999969 -0.000566
vn -0.007895 0.999969 -0.000566
vn -0.007895 0.999969 -0.000566
vn -0.007895 0.999969 -0.000566
vn -0.007895 0.999969 -0.000566
vn -0.007895 0.999969 -0.000566
vn -0.007895 0.999969 -0.000566
vn -0.007895 0.999969 -0.000566
vn -0.007895 0.999969 -0.000566
vn -0.007895 0.999969 -0.000566
vn -0.007895 0.999969 -0.000566
vn -0.007895 0.999969 -0.000566
vn -0.007895 0.999969 -0.000566
vn -0.007895 0.999969 -0.000566
vn -0.007895 0.999969 -0.000566
vn -0.007895 0.999969 -0.000566
vn -0.007895 0.999969 -0.000566
vn -0.007895 0.999969 -0.000566
vn -0.007895 0.999969 -0.000566
vn -0.007895 0.999969 -0.000566
vn -0.007895 0.999969 -0.000566
vn -0.007895 0.999969 -0.000566
vn -0.007895 0.999969 -0.000566
vn -0.007895 0.999969 -0.000566
s 1
g group2 locator1 pPlane1 pCube1 Book_L pPlane8
f 4959/5181/5585 4960/5182/5586 4971/5193/5587 4970/5192/5588
f 4960/5182/5586 4961/5183/5589 4972/5194/5590 4971/5193/5587
f 4961/5183/5589 4962/5184/5591 4973/5195/5592 4972/5194/5590
f 4962/5184/5591 4963/5185/5593 4974/5196/5594 4973/5195/5592
f 4963/5185/5593 4964/5186/5595 4975/5197/5596 4974/5196/5594
f 4964/5186/5595 4965/5187/5597 4976/5198/5598 4975/5197/5596
f 4965/5187/5597 4966/5188/5599 4977/5199/5600 4976/5198/5598
f 4966/5188/5599 4967/5189/5601 4978/5200/5602 4977/5199/5600
f 4967/5189/5601 4968/5190/5603 4979/5201/5604 4978/5200/5602
f 4968/5190/5603 4969/5191/5605 4980/5202/5606 4979/5201/5604
f 4970/5192/5588 4971/5193/5587 4982/5204/5607 4981/5203/5608
f 4971/5193/5587 4972/5194/5590 4983/5205/5609 4982/5204/5607
f 4972/5194/5590 4973/5195/5592 4984/5206/5610 4983/5205/5609
f 4973/5195/5592 4974/5196/5594 4985/5207/5611 4984/5206/5610
f 4974/5196/5594 4975/5197/5596 4986/5208/5612 4985/5207/5611
f 4975/5197/5596 4976/5198/5598 4987/5209/5613 4986/5208/5612
f 4976/5198/5598 4977/5199/5600 4988/5210/5614 4987/5209/5613
f 4977/5199/5600 4978/5200/5602 4989/5211/5615 4988/5210/5614
f 4978/5200/5602 4979/5201/5604 4990/5212/5616 4989/5211/5615
f 4979/5201/5604 4980/5202/5606 4991/5213/5617 4990/5212/5616
f 4981/5203/5608 4982/5204/5607 4993/5215/5618 4992/5214/5619
f 4982/5204/5607 4983/5205/5609 4994/5216/5620 4993/5215/5618
f 4983/5205/5609 4984/5206/5610 4995/5217/5621 4994/5216/5620
f 4984/5206/5610 4985/5207/5611 4996/5218/5622 4995/5217/5621
f 4985/5207/5611 4986/5208/5612 4997/5219/5623 4996/5218/5622
f 4986/5208/5612 4987/5209/5613 4998/5220/5624 4997/5219/5623
f 4987/5209/5613 4988/5210/5614 4999/5221/5625 4998/5220/5624
f 4988/5210/5614 4989/5211/5615 5000/5222/5626 4999/5221/5625
f 4989/5211/5615 4990/5212/5616 5001/5223/5627 5000/5222/5626
f 4990/5212/5616 4991/5213/5617 5002/5224/5628 5001/5223/5627
f 4992/5214/5619 4993/5215/5618 5004/5226/5629 5003/5225/5630
f 4993/5215/5618 4994/5216/5620 5005/5227/5631 5004/5226/5629
f 4994/5216/5620 4995/5217/5621 5006/5228/5632 5005/5227/5631
f 4995/5217/5621 4996/5218/5622 5007/5229/5633 5006/5228/5632
f 4996/5218/5622 4997/5219/5623 5008/5230/5634 5007/5229/5633
f 4997/5219/5623 4998/5220/5624 5009/5231/5635 5008/5230/5634
f 4998/5220/5624 4999/5221/5625 5010/5232/5636 5009/5231/5635
f 4999/5221/5625 5000/5222/5626 5011/5233/5637 5010/5232/5636
f 5000/5222/5626 5001/5223/5627 5012/5234/5638 5011/5233/5637
f 5001/5223/5627 5002/5224/5628 5013/5235/5639 5012/5234/5638
f 5003/5225/5630 5004/5226/5629 5015/5237/5640 5014/5236/5641
f 5004/5226/5629 5005/5227/5631 5016/5238/5642 5015/5237/5640
f 5005/5227/5631 5006/5228/5632 5017/5239/5643 5016/5238/5642
f 5006/5228/5632 5007/5229/5633 5018/5240/5644 5017/5239/5643
f 5007/5229/5633 5008/5230/5634 5019/5241/5645 5018/5240/5644
f 5008/5230/5634 5009/5231/5635 5020/5242/5646 5019/5241/5645
f 5009/5231/5635 5010/5232/5636 5021/5243/5647 5020/5242/5646
f 5010/5232/5636 5011/5233/5637 5022/5244/5648 5021/5243/5647
f 5011/5233/5637 5012/5234/5638 5023/5245/5649 5022/5244/5648
f 5012/5234/5638 5013/5235/5639 5024/5246/5650 5023/5245/5649
f 5014/5236/5641 5015/5237/5640 5026/5248/5651 5025/5247/5652
f 5015/5237/5640 5016/5238/5642 5027/5249/5653 5026/5248/5651
f 5016/5238/5642 5017/5239/5643 5028/5250/5654 5027/5249/5653
f 5017/5239/5643 5018/5240/5644 5029/5251/5655 5028/5250/5654
f 5018/5240/5644 5019/5241/5645 5030/5252/5656 5029/5251/5655
f 5019/5241/5645 5020/5242/5646 5031/5253/5657 5030/5252/5656
f 5020/5242/5646 5021/5243/5647 5032/5254/5658 5031/5253/5657
f 5021/5243/5647 5022/5244/5648 5033/5255/5659 5032/5254/5658
f 5022/5244/5648 5023/5245/5649 5034/5256/5660 5033/5255/5659
f 5023/5245/5649 5024/5246/5650 5035/5257/5661 5034/5256/5660
f 5025/5247/5652 5026/5248/5651 5037/5259/5662 5036/5258/5663
f 5026/5248/5651 5027/5249/5653 5038/5260/5664 5037/5259/5662
f 5027/5249/5653 5028/5250/5654 5039/5261/5665 5038/5260/5664
f 5028/5250/5654 5029/5251/5655 5040/5262/5666 5039/5261/5665
f 5029/5251/5655 5030/5252/5656 5041/5263/5667 5040/5262/5666
f 5030/5252/5656 5031/5253/5657 5042/5264/5668 5041/5263/5667
f 5031/5253/5657 5032/5254/5658 5043/5265/5669 5042/5264/5668
f 5032/5254/5658 5033/5255/5659 5044/5266/5670 5043/5265/5669
f 5033/5255/5659 5034/5256/5660 5045/5267/5671 5044/5266/5670
f 5034/5256/5660 5035/5257/5661 5046/5268/5672 5045/5267/5671
f 5036/5258/5663 5037/5259/5662 5048/5270/5673 5047/5269/5674
f 5037/5259/5662 5038/5260/5664 5049/5271/5675 5048/5270/5673
f 5038/5260/5664 5039/5261/5665 5050/5272/5676 5049/5271/5675
f 5039/5261/5665 5040/5262/5666 5051/5273/5677 5050/5272/5676
f 5040/5262/5666 5041/5263/5667 5052/5274/5678 5051/5273/5677
f 5041/5263/5667 5042/5264/5668 5053/5275/5679 5052/5274/5678
f 5042/5264/5668 5043/5265/5669 5054/5276/5680 5053/5275/5679
f 5043/5265/5669 5044/5266/5670 5055/5277/5681 5054/5276/5680
f 5044/5266/5670 5045/5267/5671 5056/5278/5682 5055/5277/5681
f 5045/5267/5671 5046/5268/5672 5057/5279/5683 5056/5278/5682
f 5047/5269/5674 5048/5270/5673 5059/5281/5684 5058/5280/5685
f 5048/5270/5673 5049/5271/5675 5060/5282/5686 5059/5281/5684
f 5049/5271/5675 5050/5272/5676 5061/5283/5687 5060/5282/5686
f 5050/5272/5676 5051/5273/5677 5062/5284/5688 5061/5283/5687
f 5051/5273/5677 5052/5274/5678 5063/5285/5689 5062/5284/5688
f 5052/5274/5678 5053/5275/5679 5064/5286/5690 5063/5285/5689
f 5053/5275/5679 5054/5276/5680 5065/5287/5691 5064/5286/5690
f 5054/5276/5680 5055/5277/5681 5066/5288/5692 5065/5287/5691
f 5055/5277/5681 5056/5278/5682 5067/5289/5693 5066/5288/5692
f 5056/5278/5682 5057/5279/5683 5068/5290/5694 5067/5289/5693
f 5058/5280/5685 5059/5281/5684 5070/5292/5695 5069/5291/5696
f 5059/5281/5684 5060/5282/5686 5071/5293/5697 5070/5292/5695
f 5060/5282/5686 5061/5283/5687 5072/5294/5698 5071/5293/5697
f 5061/5283/5687 5062/5284/5688 5073/5295/5699 5072/5294/5698
f 5062/5284/5688 5063/5285/5689 5074/5296/5700 5073/5295/5699
f 5063/5285/5689 5064/5286/5690 5075/5297/5701 5074/5296/5700
f 5064/5286/5690 5065/5287/5691 5076/5298/5702 5075/5297/5701
f 5065/5287/5691 5066/5288/5692 5077/5299/5703 5076/5298/5702
f 5066/5288/5692 5067/5289/5693 5078/5300/5704 5077/5299/5703
f 5067/5289/5693 5068/5290/5694 5079/5301/5705 5078/5300/5704
g default
v 1.119702 0.863218 3.860091
v 1.666739 0.867538 3.861404
v 2.213776 0.871858 3.862716
v 2.760813 0.876178 3.864028
v 3.307850 0.880498 3.865340
v 3.854886 0.884818 3.866653
v 4.401923 0.889138 3.867965
v 4.948960 0.893458 3.869277
v 5.495997 0.897778 3.870589
v 6.043034 0.902098 3.871902
v 6.590070 0.906418 3.873214
v 1.120352 0.862915 3.315772
v 1.667389 0.867235 3.317084
v 2.214425 0.871555 3.318396
v 2.761462 0.875875 3.319709
v 3.308499 0.880195 3.321021
v 3.855536 0.884515 3.322333
v 4.402573 0.888835 3.323645
v 4.949609 0.893155 3.324958
v 5.496646 0.897475 3.326270
v 6.043683 0.901795 3.327582
v 6.590720 0.906115 3.328894
v 1.121001 0.862612 2.771452
v 1.668038 0.866932 2.772765
v 2.215075 0.871252 2.774077
v 2.762112 0.875572 2.775389
v 3.309148 0.879892 2.776701
v 3.856185 0.884212 2.778013
v 4.403222 0.888532 2.779326
v 4.950259 0.892852 2.780638
v 5.497296 0.897172 2.781950
v 6.044333 0.901492 2.783262
v 6.591369 0.905812 2.784575
v 1.121651 0.862309 2.227133
v 1.668687 0.866629 2.228445
v 2.215724 0.870949 2.229757
v 2.762761 0.875269 2.231069
v 3.309798 0.879589 2.232382
v 3.856835 0.883909 2.233694
v 4.403872 0.888229 2.235006
v 4.950908 0.892549 2.236318
v 5.497945 0.896869 2.237631
v 6.044982 0.901189 2.238943
v 6.592019 0.905509 2.240255
v 1.122300 0.862006 1.682813
v 1.669337 0.866326 1.684125
v 2.216374 0.870646 1.685438
v 2.763410 0.874966 1.686750
v 3.310447 0.879286 1.688062
v 3.857484 0.883606 1.689374
v 4.404521 0.887926 1.690687
v 4.951557 0.892246 1.691999
v 5.498594 0.896566 1.693311
v 6.045631 0.900886 1.694623
v 6.592668 0.905206 1.695935
v 1.122949 0.861703 1.138494
v 1.669986 0.866023 1.139806
v 2.217023 0.870343 1.141118
v 2.764060 0.874663 1.142430
v 3.311097 0.878983 1.143742
v 3.858133 0.883303 1.145055
v 4.405170 0.887623 1.146367
v 4.952207 0.891943 1.147679
v 5.499244 0.896263 1.148991
v 6.046281 0.900583 1.150304
v 6.593317 0.904903 1.151616
v 1.123599 0.861401 0.594174
v 1.670636 0.865720 0.595486
v 2.217672 0.870040 0.596798
v 2.764709 0.874360 0.598111
v 3.311746 0.878680 0.599423
v 3.858783 0.883000 0.600735
v 4.405820 0.887320 0.602047
v 4.952856 0.891640 0.603360
v 5.499893 0.895960 0.604672
v 6.046930 0.900280 0.605984
v 6.593967 0.904600 0.607296
v 1.124248 0.861098 0.049854
v 1.671285 0.865418 0.051167
v 2.218322 0.869737 0.052479
v 2.765359 0.874057 0.053791
v 3.312395 0.878377 0.055103
v 3.859432 0.882697 0.056416
v 4.406469 0.887017 0.057728
v 4.953506 0.891337 0.059040
v 5.500543 0.895657 0.060352
v 6.047579 0.899977 0.061665
v 6.594616 0.904297 0.062977
v 1.124898 0.860795 -0.494465
v 1.671934 0.865115 -0.493153
v 2.218971 0.869435 -0.491841
v 2.766008 0.873755 -0.490529
v 3.313045 0.878074 -0.489216
v 3.860082 0.882394 -0.487904
v 4.407118 0.886714 -0.486592
v 4.954155 0.891034 -0.485280
v 5.501192 0.895354 -0.483967
v 6.048229 0.899674 -0.482655
v 6.595265 0.903994 -0.481343
v 1.125547 0.860492 -1.038785
v 1.672584 0.864812 -1.037473
v 2.219620 0.869132 -1.036160
v 2.766657 0.873452 -1.034848
v 3.313694 0.877772 -1.033536
v 3.860731 0.882092 -1.032224
v 4.407768 0.886411 -1.030911
v 4.954804 0.890731 -1.029599
v 5.501841 0.895051 -1.028287
v 6.048878 0.899371 -1.026975
v 6.595915 0.903691 -1.025663
v 1.126196 0.860189 -1.583104
v 1.673233 0.864509 -1.581792
v 2.220270 0.868829 -1.580480
v 2.767307 0.873149 -1.579168
v 3.314344 0.877469 -1.577855
v 3.861380 0.881789 -1.576543
v 4.408417 0.886109 -1.575231
v 4.955454 0.890429 -1.573919
v 5.502491 0.894748 -1.572606
v 6.049528 0.899068 -1.571294
v 6.596564 0.903388 -1.569982
vt 1.002236 0.997754
vt 0.902237 0.998202
vt 0.802238 0.998651
vt 0.702239 0.999099
vt 0.602240 0.999547
vt 0.502241 0.999995
vt 0.402242 1.000443
vt 0.302243 1.000891
vt 0.202244 1.001339
vt 0.102245 1.001788
vt 0.002246 1.002236
vt 1.001788 0.897755
vt 0.901789 0.898203
vt 0.801790 0.898652
vt 0.701791 0.899100
vt 0.601792 0.899548
vt 0.501793 0.899996
vt 0.401794 0.900444
vt 0.301795 0.900892
vt 0.201796 0.901341
vt 0.101797 0.901789
vt 0.001798 0.902237
vt 1.001339 0.797756
vt 0.901340 0.798204
vt 0.801341 0.798652
vt 0.701342 0.799101
vt 0.601343 0.799549
vt 0.501345 0.799997
vt 0.401345 0.800445
vt 0.301346 0.800893
vt 0.201348 0.801341
vt 0.101348 0.801790
vt 0.001349 0.802238
vt 1.000891 0.697757
vt 0.900892 0.698205
vt 0.800893 0.698653
vt 0.700894 0.699102
vt 0.600895 0.699550
vt 0.500896 0.699998
vt 0.400897 0.700446
vt 0.300898 0.700894
vt 0.200899 0.701343
vt 0.100900 0.701791
vt 0.000901 0.702239
vt 1.000443 0.597758
vt 0.900444 0.598206
vt 0.800445 0.598655
vt 0.700446 0.599103
vt 0.600447 0.599551
vt 0.500448 0.599999
vt 0.400449 0.600447
vt 0.300450 0.600895
vt 0.200451 0.601343
vt 0.100452 0.601792
vt 0.000453 0.602240
vt 0.999995 0.497759
vt 0.899996 0.498207
vt 0.799997 0.498655
vt 0.699998 0.499104
vt 0.599999 0.499552
vt 0.500000 0.500000
vt 0.400001 0.500448
vt 0.300002 0.500896
vt 0.200003 0.501344
vt 0.100004 0.501792
vt 0.000005 0.502241
vt 0.999547 0.397760
vt 0.899548 0.398208
vt 0.799549 0.398656
vt 0.699550 0.399105
vt 0.599551 0.399553
vt 0.499552 0.400001
vt 0.399553 0.400449
vt 0.299554 0.400897
vt 0.199555 0.401345
vt 0.099556 0.401794
vt -0.000443 0.402242
vt 0.999099 0.297761
vt 0.899100 0.298209
vt 0.799101 0.298658
vt 0.699102 0.299106
vt 0.599103 0.299554
vt 0.499104 0.300002
vt 0.399105 0.300450
vt 0.299106 0.300898
vt 0.199107 0.301346
vt 0.099108 0.301795
vt -0.000891 0.302243
vt 0.998651 0.197762
vt 0.898652 0.198210
vt 0.798652 0.198659
vt 0.698653 0.199107
vt 0.598655 0.199555
vt 0.498656 0.200003
vt 0.398656 0.200451
vt 0.298657 0.200899
vt 0.198658 0.201348
vt 0.098659 0.201796
vt -0.001339 0.202244
vt 0.998202 0.097763
vt 0.898203 0.098211
vt 0.798204 0.098659
vt 0.698205 0.099108
vt 0.598206 0.099556
vt 0.498207 0.100004
vt 0.398208 0.100452
vt 0.298209 0.100900
vt 0.198210 0.101348
vt 0.098211 0.101797
vt -0.001788 0.102245
vt 0.997754 -0.002236
vt 0.897755 -0.001788
vt 0.797756 -0.001339
vt 0.697757 -0.000891
vt 0.597758 -0.000443
vt 0.497759 0.000005
vt 0.397760 0.000453
vt 0.297761 0.000901
vt 0.197762 0.001349
vt 0.097763 0.001798
vt -0.002236 0.002246
vn -0.007895 0.999969 -0.000566
vn -0.007895 0.999969 -0.000566
vn -0.007895 0.999969 -0.000566
vn -0.007895 0.999969 -0.000566
vn -0.007895 0.999969 -0.000566
vn -0.007895 0.999969 -0.000566
vn -0.007895 0.999969 -0.000566
vn -0.007895 0.999969 -0.000566
vn -0.007895 0.999969 -0.000566
vn -0.007895 0.999969 -0.000566
vn -0.007895 0.999969 -0.000566
vn -0.007895 0.999969 -0.000566
vn -0.007895 0.999969 -0.000566
vn -0.007895 0.999969 -0.000566
vn -0.007895 0.999969 -0.000566
vn -0.007895 0.999969 -0.000566
vn -0.007895 0.999969 -0.000566
vn -0.007895 0.999969 -0.000566
vn -0.007895 0.999969 -0.000566
vn -0.007895 0.999969 -0.000566
vn -0.007895 0.999969 -0.000566
vn -0.007895 0.999969 -0.000566
vn -0.007895 0.999969 -0.000566
vn -0.007895 0.999969 -0.000566
vn -0.007895 0.999969 -0.000566
vn -0.007895 0.999969 -0.000566
vn -0.007895 0.999969 -0.000566
vn -0.007895 0.999969 -0.000566
vn -0.007895 0.999969 -0.000566
vn -0.007895 0.999969 -0.000566
vn -0.007895 0.999969 -0.000566
vn -0.007895 0.999969 -0.000566
vn -0.007895 0.999969 -0.000566
vn -0.007895 0.999969 -0.000566
vn -0.007895 0.999969 -0.000566
vn -0.007895 0.999969 -0.000566
vn -0.007895 0.999969 -0.000566
vn -0.007895 0.999969 -0.000566
vn -0.007895 0.999969 -0.000566
vn -0.007895 0.999969 -0.000566
vn -0.007895 0.999969 -0.000566
vn -0.007895 0.999969 -0.000566
vn -0.007895 0.999969 -0.000566
vn -0.007895 0.999969 -0.000566
vn -0.007895 0.999969 -0.000566
vn -0.007895 0.999969 -0.000566
vn -0.007895 0.999969 -0.000566
vn -0.007895 0.999969 -0.000566
vn -0.007895 0.999969 -0.000566
vn -0.007895 0.999969 -0.000566
vn -0.007895 0.999969 -0.000566
vn -0.007895 0.999969 -0.000566
vn -0.007895 0.999969 -0.000566
vn -0.007895 0.999969 -0.000566
vn -0.007895 0.999969 -0.000566
vn -0.007895 0.999969 -0.000566
vn -0.007895 0.999969 -0.000566
vn -0.007895 0.999969 -0.000566
vn -0.007895 0.999969 -0.000566
vn -0.007895 0.999969 -0.000566
vn -0.007895 0.999969 -0.000566
vn -0.007895 0.999969 -0.000566
vn -0.007895 0.999969 -0.000566
vn -0.007895 0.999969 -0.000566
vn -0.007895 0.999969 -0.000566
vn -0.007895 0.999969 -0.000566
vn -0.007895 0.999969 -0.000566
vn -0.007895 0.999969 -0.000566
vn -0.007895 0.999969 -0.000566
vn -0.007895 0.999969 -0.000566
vn -0.007895 0.999969 -0.000566
vn -0.007895 0.999969 -0.000566
vn -0.007895 0.999969 -0.000566
vn -0.007895 0.999969 -0.000566
vn -0.007895 0.999969 -0.000566
vn -0.007895 0.999969 -0.000566
vn -0.007895 0.999969 -0.000566
vn -0.007895 0.999969 -0.000566
vn -0.007895 0.999969 -0.000566
vn -0.007895 0.999969 -0.000566
vn -0.007895 0.999969 -0.000566
vn -0.007895 0.999969 -0.000566
vn -0.007895 0.999969 -0.000566
vn -0.007895 0.999969 -0.000566
vn -0.007895 0.999969 -0.000566
vn -0.007895 0.999969 -0.000566
vn -0.007895 0.999969 -0.000566
vn -0.007895 0.999969 -0.000566
vn -0.007895 0.999969 -0.000566
vn -0.007895 0.999969 -0.000566
vn -0.007895 0.999969 -0.000566
vn -0.007895 0.999969 -0.000566
vn -0.007895 0.999969 -0.000566
vn -0.007895 0.999969 -0.000566
vn -0.007895 0.999969 -0.000566
vn -0.007895 0.999969 -0.000566
vn -0.007895 0.999969 -0.000566
vn -0.007895 0.999969 -0.000566
vn -0.007895 0.999969 -0.000566
vn -0.007895 0.999969 -0.000566
vn -0.007895 0.999969 -0.000566
vn -0.007895 0.999969 -0.000566
vn -0.007895 0.999969 -0.000566
vn -0.007895 0.999969 -0.000566
vn -0.007895 0.999969 -0.000566
vn -0.007895 0.999969 -0.000566
vn -0.007895 0.999969 -0.000566
vn -0.007895 0.999969 -0.000566
vn -0.007895 0.999969 -0.000566
vn -0.007895 0.999969 -0.000566
vn -0.007895 0.999969 -0.000566
vn -0.007895 0.999969 -0.000566
vn -0.007895 0.999969 -0.000566
vn -0.007895 0.999969 -0.000566
vn -0.007895 0.999969 -0.000566
vn -0.007895 0.999969 -0.000566
vn -0.007895 0.999969 -0.000566
vn -0.007895 0.999969 -0.000566
vn -0.007895 0.999969 -0.000566
vn -0.007895 0.999969 -0.000566
vn -0.007895 0.999969 -0.000566
s 1
g group2 locator1 pPlane1 pCube1 Book_L pPlane9
f 5080/5302/5706 5081/5303/5707 5092/5314/5708 5091/5313/5709
f 5081/5303/5707 5082/5304/5710 5093/5315/5711 5092/5314/5708
f 5082/5304/5710 5083/5305/5712 5094/5316/5713 5093/5315/5711
f 5083/5305/5712 5084/5306/5714 5095/5317/5715 5094/5316/5713
f 5084/5306/5714 5085/5307/5716 5096/5318/5717 5095/5317/5715
f 5085/5307/5716 5086/5308/5718 5097/5319/5719 5096/5318/5717
f 5086/5308/5718 5087/5309/5720 5098/5320/5721 5097/5319/5719
f 5087/5309/5720 5088/5310/5722 5099/5321/5723 5098/5320/5721
f 5088/5310/5722 5089/5311/5724 5100/5322/5725 5099/5321/5723
f 5089/5311/5724 5090/5312/5726 5101/5323/5727 5100/5322/5725
f 5091/5313/5709 5092/5314/5708 5103/5325/5728 5102/5324/5729
f 5092/5314/5708 5093/5315/5711 5104/5326/5730 5103/5325/5728
f 5093/5315/5711 5094/5316/5713 5105/5327/5731 5104/5326/5730
f 5094/5316/5713 5095/5317/5715 5106/5328/5732 5105/5327/5731
f 5095/5317/5715 5096/5318/5717 5107/5329/5733 5106/5328/5732
f 5096/5318/5717 5097/5319/5719 5108/5330/5734 5107/5329/5733
f 5097/5319/5719 5098/5320/5721 5109/5331/5735 5108/5330/5734
f 5098/5320/5721 5099/5321/5723 5110/5332/5736 5109/5331/5735
f 5099/5321/5723 5100/5322/5725 5111/5333/5737 5110/5332/5736
f 5100/5322/5725 5101/5323/5727 5112/5334/5738 5111/5333/5737
f 5102/5324/5729 5103/5325/5728 5114/5336/5739 5113/5335/5740
f 5103/5325/5728 5104/5326/5730 5115/5337/5741 5114/5336/5739
f 5104/5326/5730 5105/5327/5731 5116/5338/5742 5115/5337/5741
f 5105/5327/5731 5106/5328/5732 5117/5339/5743 5116/5338/5742
f 5106/5328/5732 5107/5329/5733 5118/5340/5744 5117/5339/5743
f 5107/5329/5733 5108/5330/5734 5119/5341/5745 5118/5340/5744
f 5108/5330/5734 5109/5331/5735 5120/5342/5746 5119/5341/5745
f 5109/5331/5735 5110/5332/5736 5121/5343/5747 5120/5342/5746
f 5110/5332/5736 5111/5333/5737 5122/5344/5748 5121/5343/5747
f 5111/5333/5737 5112/5334/5738 5123/5345/5749 5122/5344/5748
f 5113/5335/5740 5114/5336/5739 5125/5347/5750 5124/5346/5751
f 5114/5336/5739 5115/5337/5741 5126/5348/5752 5125/5347/5750
f 5115/5337/5741 5116/5338/5742 5127/5349/5753 5126/5348/5752
f 5116/5338/5742 5117/5339/5743 5128/5350/5754 5127/5349/5753
f 5117/5339/5743 5118/5340/5744 5129/5351/5755 5128/5350/5754
f 5118/5340/5744 5119/5341/5745 5130/5352/5756 5129/5351/5755
f 5119/5341/5745 5120/5342/5746 5131/5353/5757 5130/5352/5756
f 5120/5342/5746 5121/5343/5747 5132/5354/5758 5131/5353/5757
f 5121/5343/5747 5122/5344/5748 5133/5355/5759 5132/5354/5758
f 5122/5344/5748 5123/5345/5749 5134/5356/5760 5133/5355/5759
f 5124/5346/5751 5125/5347/5750 5136/5358/5761 5135/5357/5762
f 5125/5347/5750 5126/5348/5752 5137/5359/5763 5136/5358/5761
f 5126/5348/5752 5127/5349/5753 5138/5360/5764 5137/5359/5763
f 5127/5349/5753 5128/5350/5754 5139/5361/5765 5138/5360/5764
f 5128/5350/5754 5129/5351/5755 5140/5362/5766 5139/5361/5765
f 5129/5351/5755 5130/5352/5756 5141/5363/5767 5140/5362/5766
f 5130/5352/5756 5131/5353/5757 5142/5364/5768 5141/5363/5767
f 5131/5353/5757 5132/5354/5758 5143/5365/5769 5142/5364/5768
f 5132/5354/5758 5133/5355/5759 5144/5366/5770 5143/5365/5769
f 5133/5355/5759 5134/5356/5760 5145/5367/5771 5144/5366/5770
f 5135/5357/5762 5136/5358/5761 5147/5369/5772 5146/5368/5773
f 5136/5358/5761 5137/5359/5763 5148/5370/5774 5147/5369/5772
f 5137/5359/5763 5138/5360/5764 5149/5371/5775 5148/5370/5774
f 5138/5360/5764 5139/5361/5765 5150/5372/5776 5149/5371/5775
f 5139/5361/5765 5140/5362/5766 5151/5373/5777 5150/5372/5776
f 5140/5362/5766 5141/5363/5767 5152/5374/5778 5151/5373/5777
f 5141/5363/5767 5142/5364/5768 5153/5375/5779 5152/5374/5778
f 5142/5364/5768 5143/5365/5769 5154/5376/5780 5153/5375/5779
f 5143/5365/5769 5144/5366/5770 5155/5377/5781 5154/5376/5780
f 5144/5366/5770 5145/5367/5771 5156/5378/5782 5155/5377/5781
f 5146/5368/5773 5147/5369/5772 5158/5380/5783 5157/5379/5784
f 5147/5369/5772 5148/5370/5774 5159/5381/5785 5158/5380/5783
f 5148/5370/5774 5149/5371/5775 5160/5382/5786 5159/5381/5785
f 5149/5371/5775 5150/5372/5776 5161/5383/5787 5160/5382/5786
f 5150/5372/5776 5151/5373/5777 5162/5384/5788 5161/5383/5787
f 5151/5373/5777 5152/5374/5778 5163/5385/5789 5162/5384/5788
f 5152/5374/5778 5153/5375/5779 5164/5386/5790 5163/5385/5789
f 5153/5375/5779 5154/5376/5780 5165/5387/5791 5164/5386/5790
f 5154/5376/5780 5155/5377/5781 5166/5388/5792 5165/5387/5791
f 5155/5377/5781 5156/5378/5782 5167/5389/5793 5166/5388/5792
f 5157/5379/5784 5158/5380/5783 5169/5391/5794 5168/5390/5795
f 5158/5380/5783 5159/5381/5785 5170/5392/5796 5169/5391/5794
f 5159/5381/5785 5160/5382/5786 5171/5393/5797 5170/5392/5796
f 5160/5382/5786 5161/5383/5787 5172/5394/5798 5171/5393/5797
f 5161/5383/5787 5162/5384/5788 5173/5395/5799 5172/5394/5798
f 5162/5384/5788 5163/5385/5789 5174/5396/5800 5173/5395/5799
f 5163/5385/5789 5164/5386/5790 5175/5397/5801 5174/5396/5800
f 5164/5386/5790 5165/5387/5791 5176/5398/5802 5175/5397/5801
f 5165/5387/5791 5166/5388/5792 5177/5399/5803 5176/5398/5802
f 5166/5388/5792 5167/5389/5793 5178/5400/5804 5177/5399/5803
f 5168/5390/5795 5169/5391/5794 5180/5402/5805 5179/5401/5806
f 5169/5391/5794 5170/5392/5796 5181/5403/5807 5180/5402/5805
f 5170/5392/5796 5171/5393/5797 5182/5404/5808 5181/5403/5807
f 5171/5393/5797 5172/5394/5798 5183/5405/5809 5182/5404/5808
f 5172/5394/5798 5173/5395/5799 5184/5406/5810 5183/5405/5809
f 5173/5395/5799 5174/5396/5800 5185/5407/5811 5184/5406/5810
f 5174/5396/5800 5175/5397/5801 5186/5408/5812 5185/5407/5811
f 5175/5397/5801 5176/5398/5802 5187/5409/5813 5186/5408/5812
f 5176/5398/5802 5177/5399/5803 5188/5410/5814 5187/5409/5813
f 5177/5399/5803 5178/5400/5804 5189/5411/5815 5188/5410/5814
f 5179/5401/5806 5180/5402/5805 5191/5413/5816 5190/5412/5817
f 5180/5402/5805 5181/5403/5807 5192/5414/5818 5191/5413/5816
f 5181/5403/5807 5182/5404/5808 5193/5415/5819 5192/5414/5818
f 5182/5404/5808 5183/5405/5809 5194/5416/5820 5193/5415/5819
f 5183/5405/5809 5184/5406/5810 5195/5417/5821 5194/5416/5820
f 5184/5406/5810 5185/5407/5811 5196/5418/5822 5195/5417/5821
f 5185/5407/5811 5186/5408/5812 5197/5419/5823 5196/5418/5822
f 5186/5408/5812 5187/5409/5813 5198/5420/5824 5197/5419/5823
f 5187/5409/5813 5188/5410/5814 5199/5421/5825 5198/5420/5824
f 5188/5410/5814 5189/5411/5815 5200/5422/5826 5199/5421/5825
g default
v 1.922374 0.940129 4.532005
v 2.327526 0.943329 4.532977
v 2.732678 0.946528 4.533949
v 3.137830 0.949728 4.534921
v 3.542982 0.952927 4.535892
v 3.948134 0.956127 4.536864
v 4.353286 0.959326 4.537836
v 4.758438 0.962526 4.538808
v 5.163590 0.965725 4.539780
v 5.568742 0.968925 4.540752
v 5.973894 0.972124 4.541724
v 1.922855 0.939905 4.128865
v 2.328007 0.943105 4.129837
v 2.733159 0.946304 4.130809
v 3.138311 0.949503 4.131781
v 3.543463 0.952703 4.132753
v 3.948615 0.955902 4.133725
v 4.353767 0.959102 4.134697
v 4.758919 0.962301 4.135669
v 5.164071 0.965501 4.136641
v 5.569223 0.968700 4.137612
v 5.974375 0.971900 4.138584
v 1.923336 0.939681 3.725726
v 2.328488 0.942880 3.726698
v 2.733640 0.946080 3.727670
v 3.138792 0.949279 3.728642
v 3.543944 0.952479 3.729614
v 3.949096 0.955678 3.730585
v 4.354248 0.958878 3.731557
v 4.759400 0.962077 3.732529
v 5.164552 0.965277 3.733501
v 5.569704 0.968476 3.734473
v 5.974856 0.971676 3.735445
v 1.923817 0.939456 3.322586
v 2.328969 0.942656 3.323558
v 2.734121 0.945855 3.324530
v 3.139273 0.949055 3.325502
v 3.544425 0.952254 3.326474
v 3.949577 0.955454 3.327446
v 4.354729 0.958653 3.328418
v 4.759881 0.961853 3.329390
v 5.165033 0.965052 3.330361
v 5.570185 0.968252 3.331333
v 5.975337 0.971451 3.332305
v 1.924298 0.939232 2.919447
v 2.329450 0.942431 2.920419
v 2.734602 0.945631 2.921391
v 3.139754 0.948830 2.922363
v 3.544906 0.952030 2.923334
v 3.950058 0.955229 2.924306
v 4.355210 0.958429 2.925278
v 4.760362 0.961628 2.926250
v 5.165514 0.964828 2.927222
v 5.570666 0.968027 2.928194
v 5.975818 0.971227 2.929166
v 1.924779 0.939008 2.516307
v 2.329931 0.942207 2.517279
v 2.735083 0.945407 2.518251
v 3.140235 0.948606 2.519223
v 3.545387 0.951806 2.520195
v 3.950539 0.955005 2.521167
v 4.355691 0.958205 2.522139
v 4.760843 0.961404 2.523111
v 5.165995 0.964604 2.524083
v 5.571147 0.967803 2.525054
v 5.976299 0.971002 2.526026
v 1.925260 0.938783 2.113168
v 2.330412 0.941983 2.114140
v 2.735564 0.945182 2.115112
v 3.140716 0.948382 2.116084
v 3.545868 0.951581 2.117055
v 3.951020 0.954781 2.118027
v 4.356172 0.957980 2.118999
v 4.761324 0.961180 2.119971
v 5.166476 0.964379 2.120943
v 5.571628 0.967579 2.121915
v 5.976779 0.970778 2.122887
v 1.925741 0.938559 1.710029
v 2.330893 0.941758 1.711000
v 2.736045 0.944958 1.711972
v 3.141197 0.948157 1.712944
v 3.546349 0.951357 1.713916
v 3.951501 0.954556 1.714888
v 4.356653 0.957756 1.715860
v 4.761805 0.960955 1.716832
v 5.166957 0.964155 1.717804
v 5.572109 0.967354 1.718775
v 5.977260 0.970554 1.719747
v 1.926222 0.938334 1.306889
v 2.331374 0.941534 1.307861
v 2.736526 0.944733 1.308833
v 3.141678 0.947933 1.309805
v 3.546830 0.951132 1.310776
v 3.951982 0.954332 1.311748
v 4.357134 0.957531 1.312720
v 4.762285 0.960731 1.313692
v 5.167438 0.963930 1.314664
v 5.572590 0.967130 1.315636
v 5.977741 0.970329 1.316608
v 1.926703 0.938110 0.903749
v 2.331855 0.941310 0.904721
v 2.737007 0.944509 0.905693
v 3.142159 0.947709 0.906665
v 3.547311 0.950908 0.907637
v 3.952463 0.954108 0.908609
v 4.357615 0.957307 0.909581
v 4.762766 0.960507 0.910553
v 5.167918 0.963706 0.911524
v 5.573071 0.966906 0.912496
v 5.978222 0.970105 0.913468
v 1.927184 0.937886 0.500610
v 2.332336 0.941085 0.501582
v 2.737488 0.944285 0.502554
v 3.142640 0.947484 0.503526
v 3.547792 0.950684 0.504498
v 3.952944 0.953883 0.505469
v 4.358096 0.957083 0.506441
v 4.763247 0.960282 0.507413
v 5.168399 0.963482 0.508385
v 5.573551 0.966681 0.509357
v 5.978703 0.969881 0.510329
vt 0.999478 1.000521
vt 0.899478 1.000417
vt 0.799479 1.000313
vt 0.699479 1.000208
vt 0.599479 1.000104
vt 0.499479 1.000000
vt 0.399479 0.999895
vt 0.299479 0.999791
vt 0.199479 0.999687
vt 0.099479 0.999583
vt -0.000521 0.999478
vt 0.999583 0.900521
vt 0.899583 0.900417
vt 0.799583 0.900313
vt 0.699583 0.900208
vt 0.599583 0.900104
vt 0.499583 0.900000
vt 0.399583 0.899896
vt 0.299583 0.899791
vt 0.199583 0.899687
vt 0.099583 0.899583
vt -0.000417 0.899478
vt 0.999687 0.800521
vt 0.899687 0.800417
vt 0.799687 0.800313
vt 0.699687 0.800208
vt 0.599687 0.800104
vt 0.499687 0.800000
vt 0.399687 0.799896
vt 0.299687 0.799791
vt 0.199687 0.799687
vt 0.099687 0.799583
vt -0.000313 0.799479
vt 0.999791 0.700521
vt 0.899791 0.700417
vt 0.799791 0.700313
vt 0.699791 0.700208
vt 0.599791 0.700104
vt 0.499792 0.700000
vt 0.399792 0.699896
vt 0.299792 0.699791
vt 0.199792 0.699687
vt 0.099792 0.699583
vt -0.000208 0.699479
vt 0.999895 0.600521
vt 0.899896 0.600417
vt 0.799896 0.600313
vt 0.699896 0.600208
vt 0.599896 0.600104
vt 0.499896 0.600000
vt 0.399896 0.599896
vt 0.299896 0.599791
vt 0.199896 0.599687
vt 0.099896 0.599583
vt -0.000104 0.599479
vt 1.000000 0.500521
vt 0.900000 0.500417
vt 0.800000 0.500313
vt 0.700000 0.500208
vt 0.600000 0.500104
vt 0.500000 0.500000
vt 0.400000 0.499896
vt 0.300000 0.499791
vt 0.200000 0.499687
vt 0.100000 0.499583
vt 0.000000 0.499479
vt 1.000104 0.400521
vt 0.900104 0.400417
vt 0.800104 0.400313
vt 0.700104 0.400209
vt 0.600104 0.400104
vt 0.500104 0.400000
vt 0.400104 0.399896
vt 0.300104 0.399792
vt 0.200104 0.399687
vt 0.100104 0.399583
vt 0.000105 0.399479
vt 1.000208 0.300521
vt 0.900208 0.300417
vt 0.800208 0.300313
vt 0.700208 0.300209
vt 0.600208 0.300104
vt 0.500209 0.300000
vt 0.400209 0.299896
vt 0.300209 0.299792
vt 0.200209 0.299687
vt 0.100209 0.299583
vt 0.000209 0.299479
vt 1.000313 0.200521
vt 0.900313 0.200417
vt 0.800313 0.200313
vt 0.700313 0.200209
vt 0.600313 0.200104
vt 0.500313 0.200000
vt 0.400313 0.199896
vt 0.300313 0.199792
vt 0.200313 0.199687
vt 0.100313 0.199583
vt 0.000313 0.199479
vt 1.000417 0.100521
vt 0.900417 0.100417
vt 0.800417 0.100313
vt 0.700417 0.100209
vt 0.600417 0.100104
vt 0.500417 0.100000
vt 0.400417 0.099896
vt 0.300417 0.099792
vt 0.200417 0.099687
vt 0.100417 0.099583
vt 0.000417 0.099479
vt 1.000521 0.000522
vt 0.900521 0.000417
vt 0.800521 0.000313
vt 0.700521 0.000209
vt 0.600521 0.000105
vt 0.500521 0.000000
vt 0.400521 -0.000104
vt 0.300521 -0.000208
vt 0.200521 -0.000313
vt 0.100521 -0.000417
vt 0.000522 -0.000521
vn -0.007895 0.999969 -0.000566
vn -0.007895 0.999969 -0.000566
vn -0.007895 0.999969 -0.000566
vn -0.007895 0.999969 -0.000566
vn -0.007895 0.999969 -0.000566
vn -0.007895 0.999969 -0.000566
vn -0.007895 0.999969 -0.000566
vn -0.007895 0.999969 -0.000566
vn -0.007895 0.999969 -0.000566
vn -0.007895 0.999969 -0.000566
vn -0.007895 0.999969 -0.000566
vn -0.007895 0.999969 -0.000566
vn -0.007895 0.999969 -0.000566
vn -0.007895 0.999969 -0.000566
vn -0.007895 0.999969 -0.000566
vn -0.007895 0.999969 -0.000566
vn -0.007895 0.999969 -0.000566
vn -0.007895 0.999969 -0.000566
vn -0.007895 0.999969 -0.000566
vn -0.007895 0.999969 -0.000566
vn -0.007895 0.999969 -0.000566
vn -0.007895 0.999969 -0.000566
vn -0.007895 0.999969 -0.000566
vn -0.007895 0.999969 -0.000566
vn -0.007895 0.999969 -0.000566
vn -0.007895 0.999969 -0.000566
vn -0.007895 0.999969 -0.000566
vn -0.007895 0.999969 -0.000566
vn -0.007895 0.999969 -0.000566
vn -0.007895 0.999969 -0.000566
vn -0.007895 0.999969 -0.000566
vn -0.007895 0.999969 -0.000566
vn -0.007895 0.999969 -0.000566
vn -0.007895 0.999969 -0.000566
vn -0.007895 0.999969 -0.000566
vn -0.007895 0.999969 -0.000566
vn -0.007895 0.999969 -0.000566
vn -0.007895 0.999969 -0.000566
vn -0.007895 0.999969 -0.000566
vn -0.007895 0.999969 -0.000566
vn -0.007895 0.999969 -0.000566
vn -0.007895 0.999969 -0.000566
vn -0.007895 0.999969 -0.000566
vn -0.007895 0.999969 -0.000566
vn -0.007895 0.999969 -0.000566
vn -0.007895 0.999969 -0.000566
vn -0.007895 0.999969 -0.000566
vn -0.007895 0.999969 -0.000566
vn -0.007895 0.999969 -0.000566
vn -0.007895 0.999969 -0.000566
vn -0.007895 0.999969 -0.000566
vn -0.007895 0.999969 -0.000566
vn -0.007895 0.999969 -0.000566
vn -0.007895 0.999969 -0.000566
vn -0.007895 0.999969 -0.000566
vn -0.007895 0.999969 -0.000566
vn -0.007895 0.999969 -0.000566
vn -0.007895 0.999969 -0.000566
vn -0.007895 0.999969 -0.000566
vn -0.007895 0.999969 -0.000566
vn -0.007895 0.999969 -0.000566
vn -0.007895 0.999969 -0.000566
vn -0.007895 0.999969 -0.000566
vn -0.007895 0.999969 -0.000566
vn -0.007895 0.999969 -0.000566
vn -0.007895 0.999969 -0.000566
vn -0.007895 0.999969 -0.000566
vn -0.007895 0.999969 -0.000566
vn -0.007895 0.999969 -0.000566
vn -0.007895 0.999969 -0.000566
vn -0.007895 0.999969 -0.000566
vn -0.007895 0.999969 -0.000566
vn -0.007895 0.999969 -0.000566
vn -0.007895 0.999969 -0.000566
vn -0.007895 0.999969 -0.000566
vn -0.007895 0.999969 -0.000566
vn -0.007895 0.999969 -0.000566
vn -0.007895 0.999969 -0.000566
vn -0.007895 0.999969 -0.000566
vn -0.007895 0.999969 -0.000566
vn -0.007895 0.999969 -0.000566
vn -0.007895 0.999969 -0.000566
vn -0.007895 0.999969 -0.000566
vn -0.007895 0.999969 -0.000566
vn -0.007895 0.999969 -0.000566
vn -0.007895 0.999969 -0.000566
vn -0.007895 0.999969 -0.000566
vn -0.007895 0.999969 -0.000566
vn -0.007895 0.999969 -0.000566
vn -0.007895 0.999969 -0.000566
vn -0.007895 0.999969 -0.000566
vn -0.007895 0.999969 -0.000566
vn -0.007895 0.999969 -0.000566
vn -0.007895 0.999969 -0.000566
vn -0.007895 0.999969 -0.000566
vn -0.007895 0.999969 -0.000566
vn -0.007895 0.999969 -0.000566
vn -0.007895 0.999969 -0.000566
vn -0.007895 0.999969 -0.000566
vn -0.007895 0.999969 -0.000566
vn -0.007895 0.999969 -0.000566
vn -0.007895 0.999969 -0.000566
vn -0.007895 0.999969 -0.000566
vn -0.007895 0.999969 -0.000566
vn -0.007895 0.999969 -0.000566
vn -0.007895 0.999969 -0.000566
vn -0.007895 0.999969 -0.000566
vn -0.007895 0.999969 -0.000566
vn -0.007895 0.999969 -0.000566
vn -0.007895 0.999969 -0.000566
vn -0.007895 0.999969 -0.000566
vn -0.007895 0.999969 -0.000566
vn -0.007895 0.999969 -0.000566
vn -0.007895 0.999969 -0.000566
vn -0.007895 0.999969 -0.000566
vn -0.007895 0.999969 -0.000566
vn -0.007895 0.999969 -0.000566
vn -0.007895 0.999969 -0.000566
vn -0.007895 0.999969 -0.000566
vn -0.007895 0.999969 -0.000566
vn -0.007895 0.999969 -0.000566
s 1
g group2 locator1 pPlane10 pPlane1 pCube1 Book_L
f 5201/5423/5827 5202/5424/5828 5213/5435/5829 5212/5434/5830
f 5202/5424/5828 5203/5425/5831 5214/5436/5832 5213/5435/5829
f 5203/5425/5831 5204/5426/5833 5215/5437/5834 5214/5436/5832
f 5204/5426/5833 5205/5427/5835 5216/5438/5836 5215/5437/5834
f 5205/5427/5835 5206/5428/5837 5217/5439/5838 5216/5438/5836
f 5206/5428/5837 5207/5429/5839 5218/5440/5840 5217/5439/5838
f 5207/5429/5839 5208/5430/5841 5219/5441/5842 5218/5440/5840
f 5208/5430/5841 5209/5431/5843 5220/5442/5844 5219/5441/5842
f 5209/5431/5843 5210/5432/5845 5221/5443/5846 5220/5442/5844
f 5210/5432/5845 5211/5433/5847 5222/5444/5848 5221/5443/5846
f 5212/5434/5830 5213/5435/5829 5224/5446/5849 5223/5445/5850
f 5213/5435/5829 5214/5436/5832 5225/5447/5851 5224/5446/5849
f 5214/5436/5832 5215/5437/5834 5226/5448/5852 5225/5447/5851
f 5215/5437/5834 5216/5438/5836 5227/5449/5853 5226/5448/5852
f 5216/5438/5836 5217/5439/5838 5228/5450/5854 5227/5449/5853
f 5217/5439/5838 5218/5440/5840 5229/5451/5855 5228/5450/5854
f 5218/5440/5840 5219/5441/5842 5230/5452/5856 5229/5451/5855
f 5219/5441/5842 5220/5442/5844 5231/5453/5857 5230/5452/5856
f 5220/5442/5844 5221/5443/5846 5232/5454/5858 5231/5453/5857
f 5221/5443/5846 5222/5444/5848 5233/5455/5859 5232/5454/5858
f 5223/5445/5850 5224/5446/5849 5235/5457/5860 5234/5456/5861
f 5224/5446/5849 5225/5447/5851 5236/5458/5862 5235/5457/5860
f 5225/5447/5851 5226/5448/5852 5237/5459/5863 5236/5458/5862
f 5226/5448/5852 5227/5449/5853 5238/5460/5864 5237/5459/5863
f 5227/5449/5853 5228/5450/5854 5239/5461/5865 5238/5460/5864
f 5228/5450/5854 5229/5451/5855 5240/5462/5866 5239/5461/5865
f 5229/5451/5855 5230/5452/5856 5241/5463/5867 5240/5462/5866
f 5230/5452/5856 5231/5453/5857 5242/5464/5868 5241/5463/5867
f 5231/5453/5857 5232/5454/5858 5243/5465/5869 5242/5464/5868
f 5232/5454/5858 5233/5455/5859 5244/5466/5870 5243/5465/5869
f 5234/5456/5861 5235/5457/5860 5246/5468/5871 5245/5467/5872
f 5235/5457/5860 5236/5458/5862 5247/5469/5873 5246/5468/5871
f 5236/5458/5862 5237/5459/5863 5248/5470/5874 5247/5469/5873
f 5237/5459/5863 5238/5460/5864 5249/5471/5875 5248/5470/5874
f 5238/5460/5864 5239/5461/5865 5250/5472/5876 5249/5471/5875
f 5239/5461/5865 5240/5462/5866 5251/5473/5877 5250/5472/5876
f 5240/5462/5866 5241/5463/5867 5252/5474/5878 5251/5473/5877
f 5241/5463/5867 5242/5464/5868 5253/5475/5879 5252/5474/5878
f 5242/5464/5868 5243/5465/5869 5254/5476/5880 5253/5475/5879
f 5243/5465/5869 5244/5466/5870 5255/5477/5881 5254/5476/5880
f 5245/5467/5872 5246/5468/5871 5257/5479/5882 5256/5478/5883
f 5246/5468/5871 5247/5469/5873 5258/5480/5884 5257/5479/5882
f 5247/5469/5873 5248/5470/5874 5259/5481/5885 5258/5480/5884
f 5248/5470/5874 5249/5471/5875 5260/5482/5886 5259/5481/5885
f 5249/5471/5875 5250/5472/5876 5261/5483/5887 5260/5482/5886
f 5250/5472/5876 5251/5473/5877 5262/5484/5888 5261/5483/5887
f 5251/5473/5877 5252/5474/5878 5263/5485/5889 5262/5484/5888
f 5252/5474/5878 5253/5475/5879 5264/5486/5890 5263/5485/5889
f 5253/5475/5879 5254/5476/5880 5265/5487/5891 5264/5486/5890
f 5254/5476/5880 5255/5477/5881 5266/5488/5892 5265/5487/5891
f 5256/5478/5883 5257/5479/5882 5268/5490/5893 5267/5489/5894
f 5257/5479/5882 5258/5480/5884 5269/5491/5895 5268/5490/5893
f 5258/5480/5884 5259/5481/5885 5270/5492/5896 5269/5491/5895
f 5259/5481/5885 5260/5482/5886 5271/5493/5897 5270/5492/5896
f 5260/5482/5886 5261/5483/5887 5272/5494/5898 5271/5493/5897
f 5261/5483/5887 5262/5484/5888 5273/5495/5899 5272/5494/5898
f 5262/5484/5888 5263/5485/5889 5274/5496/5900 5273/5495/5899
f 5263/5485/5889 5264/5486/5890 5275/5497/5901 5274/5496/5900
f 5264/5486/5890 5265/5487/5891 5276/5498/5902 5275/5497/5901
f 5265/5487/5891 5266/5488/5892 5277/5499/5903 5276/5498/5902
f 5267/5489/5894 5268/5490/5893 5279/5501/5904 5278/5500/5905
f 5268/5490/5893 5269/5491/5895 5280/5502/5906 5279/5501/5904
f 5269/5491/5895 5270/5492/5896 5281/5503/5907 5280/5502/5906
f 5270/5492/5896 5271/5493/5897 5282/5504/5908 5281/5503/5907
f 5271/5493/5897 5272/5494/5898 5283/5505/5909 5282/5504/5908
f 5272/5494/5898 5273/5495/5899 5284/5506/5910 5283/5505/5909
f 5273/5495/5899 5274/5496/5900 5285/5507/5911 5284/5506/5910
f 5274/5496/5900 5275/5497/5901 5286/5508/5912 5285/5507/5911
f 5275/5497/5901 5276/5498/5902 5287/5509/5913 5286/5508/5912
f 5276/5498/5902 5277/5499/5903 5288/5510/5914 5287/5509/5913
f 5278/5500/5905 5279/5501/5904 5290/5512/5915 5289/5511/5916
f 5279/5501/5904 5280/5502/5906 5291/5513/5917 5290/5512/5915
f 5280/5502/5906 5281/5503/5907 5292/5514/5918 5291/5513/5917
f 5281/5503/5907 5282/5504/5908 5293/5515/5919 5292/5514/5918
f 5282/5504/5908 5283/5505/5909 5294/5516/5920 5293/5515/5919
f 5283/5505/5909 5284/5506/5910 5295/5517/5921 5294/5516/5920
f 5284/5506/5910 5285/5507/5911 5296/5518/5922 5295/5517/5921
f 5285/5507/5911 5286/5508/5912 5297/5519/5923 5296/5518/5922
f 5286/5508/5912 5287/5509/5913 5298/5520/5924 5297/5519/5923
f 5287/5509/5913 5288/5510/5914 5299/5521/5925 5298/5520/5924
f 5289/5511/5916 5290/5512/5915 5301/5523/5926 5300/5522/5927
f 5290/5512/5915 5291/5513/5917 5302/5524/5928 5301/5523/5926
f 5291/5513/5917 5292/5514/5918 5303/5525/5929 5302/5524/5928
f 5292/5514/5918 5293/5515/5919 5304/5526/5930 5303/5525/5929
f 5293/5515/5919 5294/5516/5920 5305/5527/5931 5304/5526/5930
f 5294/5516/5920 5295/5517/5921 5306/5528/5932 5305/5527/5931
f 5295/5517/5921 5296/5518/5922 5307/5529/5933 5306/5528/5932
f 5296/5518/5922 5297/5519/5923 5308/5530/5934 5307/5529/5933
f 5297/5519/5923 5298/5520/5924 5309/5531/5935 5308/5530/5934
f 5298/5520/5924 5299/5521/5925 5310/5532/5936 5309/5531/5935
f 5300/5522/5927 5301/5523/5926 5312/5534/5937 5311/5533/5938
f 5301/5523/5926 5302/5524/5928 5313/5535/5939 5312/5534/5937
f 5302/5524/5928 5303/5525/5929 5314/5536/5940 5313/5535/5939
f 5303/5525/5929 5304/5526/5930 5315/5537/5941 5314/5536/5940
f 5304/5526/5930 5305/5527/5931 5316/5538/5942 5315/5537/5941
f 5305/5527/5931 5306/5528/5932 5317/5539/5943 5316/5538/5942
f 5306/5528/5932 5307/5529/5933 5318/5540/5944 5317/5539/5943
f 5307/5529/5933 5308/5530/5934 5319/5541/5945 5318/5540/5944
f 5308/5530/5934 5309/5531/5935 5320/5542/5946 5319/5541/5945
f 5309/5531/5935 5310/5532/5936 5321/5543/5947 5320/5542/5946
g default
v 0.202929 1.261623 4.927923
v 7.922850 1.261623 4.922528
v -0.141142 1.261655 4.671098
v -0.141142 1.401801 4.671118
v -0.015490 1.527454 4.671044
v 0.202749 1.527454 4.670894
v 7.922666 1.527454 4.665500
v 8.128344 1.527454 4.665356
v 7.922668 1.261656 4.665463
v 0.202749 1.261656 4.670858
v -0.033723 1.261623 4.928088
v -0.141038 1.261637 4.820923
v -0.033723 1.357348 4.928100
v -0.141038 1.401782 4.820941
v 0.202929 1.420181 4.927943
v 0.202854 1.527435 4.820717
v 7.922850 1.420181 4.922549
v 7.922773 1.527435 4.815322
v 8.128527 1.420181 4.922404
v 8.128452 1.527435 4.815178
v 0.029110 1.420181 4.928065
v -0.015385 1.527435 4.820869
v 0.029110 1.261623 4.928044
v 0.298684 1.261656 4.670791
v 0.298867 1.261623 4.927856
v 0.298867 1.420181 4.927876
v 0.298789 1.527435 4.820650
v 0.298687 1.527454 4.670827
v 0.202855 1.261636 4.822733
v 0.298792 1.261636 4.822666
v 7.922776 1.261636 4.817337
v 8.128344 1.333694 4.665330
v 8.056308 1.261656 4.665370
v 8.056414 1.261636 4.817244
v 8.128453 1.333673 4.816647
v 8.128527 1.333661 4.922393
v 8.056488 1.261623 4.922435
v -0.141142 1.327056 4.671108
v -0.141037 1.327037 4.820931
v -0.033723 1.306294 4.928094
v 0.029110 1.335616 4.928054
v 0.202929 1.335616 4.927932
v 0.298867 1.335616 4.927865
v 7.922849 1.335616 4.922537
v -0.144582 1.402430 -0.251598
v -0.144582 1.327685 -0.251607
v -0.144582 1.262285 -0.251615
v 0.199309 1.262284 -0.251854
v 0.295244 1.262284 -0.251923
v 7.919230 1.262284 -0.257251
v 8.052870 1.262284 -0.257343
v 8.124910 1.334323 -0.257385
v 8.124910 1.528083 -0.257359
v 7.919233 1.528083 -0.257215
v 0.295247 1.528083 -0.251887
v 0.199309 1.528083 -0.251819
v -0.018930 1.528083 -0.251668
v 0.195689 1.262946 -5.431629
v 7.915610 1.262946 -5.437024
v -0.148023 1.262914 -5.174324
v -0.148023 1.403059 -5.174308
v -0.022370 1.528712 -5.174378
v 0.195869 1.528712 -5.174532
v 7.915790 1.528712 -5.179930
v 8.121467 1.528712 -5.180071
v 7.915792 1.262913 -5.179959
v 0.195869 1.262914 -5.174564
v -0.040962 1.262946 -5.431466
v -0.148127 1.262933 -5.324148
v -0.040962 1.358672 -5.431457
v -0.148127 1.403078 -5.324130
v 0.195689 1.421505 -5.431609
v 0.195764 1.528731 -5.324354
v 7.915609 1.421505 -5.437003
v 7.915685 1.528731 -5.329752
v 8.121287 1.421505 -5.437147
v 8.121362 1.528731 -5.329893
v 0.021871 1.421505 -5.431487
v -0.022475 1.528731 -5.324202
v 0.021871 1.262946 -5.431507
v 0.291804 1.262913 -5.174631
v 0.291627 1.262946 -5.431696
v 0.291627 1.421505 -5.431676
v 0.291699 1.528731 -5.324421
v 0.291807 1.528712 -5.174599
v 0.195763 1.262933 -5.326439
v 0.291699 1.262933 -5.326506
v 7.915683 1.262933 -5.331833
v 8.121467 1.334952 -5.180094
v 8.049432 1.262913 -5.180055
v 8.049322 1.262933 -5.331930
v 8.121361 1.334970 -5.331412
v 8.121287 1.334985 -5.437158
v 8.049250 1.262946 -5.437120
v -0.148023 1.328314 -5.174316
v -0.148127 1.328333 -5.324139
v -0.040962 1.307618 -5.431461
v 0.021871 1.336939 -5.431501
v 0.195689 1.336939 -5.431619
v 0.291627 1.336939 -5.431689
v 7.915609 1.336939 -5.437017
v 0.202929 0.856689 4.927871
v 0.202749 0.856722 4.670807
v -0.141038 0.856702 4.820871
v 0.029110 0.856689 4.927993
v -0.141142 0.856721 4.671047
v -0.033723 0.856689 4.928037
v 0.202855 0.856702 4.822684
v -0.144582 0.857351 -0.251666
v 0.195689 0.858012 -5.431681
v 0.195869 0.857979 -5.174617
v -0.148127 0.857998 -5.324200
v 0.021871 0.858012 -5.431559
v -0.148023 0.857979 -5.174375
v -0.040962 0.858012 -5.431517
v 0.195763 0.857999 -5.326492
vt 0.042472 0.258323
vt 0.042450 0.255988
vt 0.045026 0.255912
vt 0.045050 0.258242
vt 0.170998 0.282304
vt 0.050255 0.289283
vt 0.049950 0.287518
vt 0.170945 0.280439
vt 0.171126 0.286751
vt 0.050766 0.293516
vt 0.171282 0.292209
vt 0.050882 0.298737
vt 0.050923 0.301028
vt 0.171351 0.294607
vt 0.176989 0.491161
vt 0.057587 0.488225
vt 0.058051 0.483263
vt 0.176843 0.486062
vt 0.170359 0.255519
vt 0.048784 0.258125
vt 0.048749 0.255803
vt 0.170291 0.253137
vt 0.170898 0.278809
vt 0.049701 0.285969
vt 0.049191 0.276216
vt 0.170610 0.268726
vt 0.042398 0.286519
vt 0.041782 0.276659
vt 0.045512 0.276429
vt 0.045103 0.287655
vt 0.045960 0.288967
vt 0.046819 0.290377
vt 0.043565 0.292383
vt 0.042623 0.291708
vt 0.047646 0.293955
vt 0.044255 0.294368
vt 0.043627 0.298576
vt 0.047318 0.298885
vt 0.047235 0.301064
vt 0.043501 0.300983
vt 0.054389 0.483403
vt 0.054898 0.487501
vt 0.052156 0.488013
vt 0.050701 0.483801
vt 0.041585 0.298282
vt 0.042421 0.293649
vt 0.041423 0.300949
vt 0.042549 0.268181
vt 0.042718 0.272427
vt 0.040823 0.292970
vt 0.050907 0.488980
vt 0.048666 0.484175
vt 0.044157 0.069351
vt 0.165090 0.065990
vt 0.037860 0.069534
vt 0.040436 0.069459
vt 0.048797 0.267926
vt 0.045115 0.268078
vt 0.177198 0.498415
vt 0.044063 0.066078
vt 0.056399 0.492815
vt 0.177126 0.495924
vt 0.040341 0.066186
vt 0.052755 0.490933
vt 0.048920 0.488850
vt 0.298140 0.251128
vt 0.295561 0.251176
vt 0.295469 0.248846
vt 0.298047 0.248786
vt 0.292147 0.280631
vt 0.291944 0.282409
vt 0.291676 0.286661
vt 0.291859 0.291876
vt 0.291950 0.294163
vt 0.295281 0.476472
vt 0.296028 0.481400
vt 0.291747 0.248934
vt 0.291840 0.251251
vt 0.292268 0.269314
vt 0.292307 0.279072
vt 0.299625 0.279223
vt 0.296993 0.280486
vt 0.295952 0.269329
vt 0.298544 0.266730
vt 0.296213 0.281845
vt 0.299701 0.284388
vt 0.298800 0.285115
vt 0.295437 0.283302
vt 0.298225 0.287135
vt 0.294816 0.286919
vt 0.299093 0.291298
vt 0.295426 0.291819
vt 0.299357 0.293693
vt 0.295633 0.293988
vt 0.298945 0.476403
vt 0.302649 0.476588
vt 0.301439 0.480877
vt 0.298671 0.480523
vt 0.300014 0.286313
vt 0.301115 0.290887
vt 0.301430 0.293539
vt 0.301571 0.285543
vt 0.301234 0.269361
vt 0.305498 0.269404
vt 0.304702 0.476845
vt 0.302741 0.481770
vt 0.286061 0.062657
vt 0.289782 0.062562
vt 0.292358 0.062497
vt 0.295907 0.260991
vt 0.292207 0.261021
vt 0.297477 0.485914
vt 0.285974 0.059383
vt 0.301008 0.483827
vt 0.289698 0.059288
vt 0.292275 0.059223
vt 0.298528 0.265203
vt 0.299689 0.269349
vt 0.298477 0.260968
vt 0.042785 0.273958
vt 0.040241 0.276758
vt 0.304717 0.481527
vt 0.302885 0.485133
vt 0.298343 0.488256
vt 0.164999 0.062716
vt 0.303239 0.293427
vt 0.306495 0.477100
vt 0.305413 0.279299
vt 0.037765 0.066261
vt 0.050956 0.492346
vt 0.055670 0.495203
vt 0.039610 0.300940
vt 0.046891 0.484533
vt 0.039777 0.298006
vt 0.035987 0.277038
vt 0.301159 0.279246
vt 0.302904 0.290509
vt 0.295931 0.279160
vt 0.300498 0.283729
vt 0.040867 0.286627
vt 0.036623 0.286915
vt 0.046084 0.286253
vt 0.041790 0.291096
vn -0.000000 -1.000000 -0.000127
vn -0.000000 -1.000000 -0.000128
vn -0.000000 -1.000000 -0.000128
vn 0.000001 -1.000000 -0.000128
vn -1.000000 -0.000007 0.000699
vn -1.000000 -0.000010 0.000699
vn -1.000000 -0.000003 0.000699
vn -1.000000 -0.000001 0.000699
vn -0.707110 0.707103 0.000584
vn -0.707110 0.707103 0.000585
vn -0.707110 0.707103 0.000585
vn -0.707110 0.707103 0.000584
vn 0.000001 1.000000 0.000128
vn 0.000001 1.000000 0.000128
vn 0.000001 1.000000 0.000128
vn 0.000001 1.000000 0.000128
vn 0.000000 1.000000 0.000128
vn 0.000000 1.000000 0.000128
vn 0.000000 1.000000 0.000128
vn 0.000000 1.000000 0.000128
vn 0.000000 1.000000 0.000128
vn 0.000000 1.000000 0.000128
vn -0.000000 -1.000000 -0.000128
vn -0.000000 -1.000000 -0.000128
vn -0.000000 -1.000000 -0.000128
vn -0.000000 -1.000000 -0.000128
vn -1.000000 0.000001 0.000699
vn -1.000000 0.000001 0.000699
vn -1.000000 0.000000 0.000699
vn -1.000000 -0.000000 0.000699
vn -0.706614 -0.000090 0.707599
vn -0.706614 -0.000090 0.707599
vn -0.706614 -0.000090 0.707599
vn -0.706614 -0.000090 0.707599
vn -0.706616 -0.000091 0.707597
vn -0.706616 -0.000095 0.707597
vn -0.706616 -0.000095 0.707597
vn -0.706616 -0.000090 0.707598
vn -0.499507 0.499908 0.707520
vn -0.499507 0.499908 0.707520
vn -0.499507 0.499908 0.707520
vn -0.499507 0.499908 0.707520
vn 0.000494 0.707017 0.707197
vn 0.000494 0.707016 0.707197
vn 0.000494 0.707016 0.707197
vn 0.000494 0.707017 0.707197
vn 0.000494 0.707017 0.707196
vn 0.000494 0.707017 0.707196
vn 0.000494 0.707017 0.707196
vn 0.000495 0.707018 0.707196
vn 0.000495 0.707018 0.707196
vn 0.000494 0.707017 0.707196
vn 0.000699 -0.000128 1.000000
vn 0.000699 -0.000128 1.000000
vn 0.000699 -0.000128 1.000000
vn 0.000699 -0.000128 1.000000
vn 0.000699 -0.000131 1.000000
vn 0.000699 -0.000129 1.000000
vn 0.000699 -0.000128 1.000000
vn 0.000699 -0.000128 1.000000
vn 0.000699 -0.000128 1.000000
vn 0.000699 -0.000128 1.000000
vn 0.000699 -0.000131 1.000000
vn 0.000700 -0.000130 1.000000
vn 0.000700 -0.000130 1.000000
vn 0.000699 -0.000129 1.000000
vn -1.000000 -0.000010 0.000699
vn -1.000000 -0.000003 0.000698
vn -0.707110 0.707103 0.000583
vn -0.707110 0.707103 0.000583
vn 0.000001 1.000000 0.000128
vn 0.000001 1.000000 0.000128
vn 0.000000 1.000000 0.000128
vn 0.000000 1.000000 0.000128
vn 0.000000 1.000000 0.000128
vn -1.000000 0.000001 0.000695
vn -1.000000 0.000000 0.000695
vn 0.000699 -0.000128 1.000000
vn 0.000699 -0.000128 1.000000
vn -0.000000 -1.000000 -0.000128
vn -0.000000 -1.000000 -0.000128
vn -0.000000 -1.000000 -0.000128
vn -0.000000 -1.000000 -0.000128
vn 1.000000 0.000000 -0.000699
vn 0.754599 -0.656186 -0.000611
vn 0.754599 -0.656186 -0.000611
vn 1.000000 0.000000 -0.000699
vn 0.707110 -0.707104 -0.000584
vn 0.707110 -0.707104 -0.000584
vn 0.707110 -0.707104 -0.000584
vn 0.707110 -0.707104 -0.000584
vn 0.707107 -0.707107 -0.000588
vn 0.707107 -0.707107 -0.000588
vn 0.707102 -0.707111 -0.000579
vn 0.707102 -0.707111 -0.000579
vn 1.000000 -0.000000 -0.000712
vn 1.000000 0.000000 -0.000699
vn 1.000000 0.000000 -0.000699
vn 1.000000 -0.000000 -0.000715
vn -0.000000 -1.000000 -0.000128
vn -0.000000 -1.000000 -0.000128
vn 1.000000 -0.000000 -0.000698
vn 1.000000 -0.000000 -0.000698
vn 1.000000 -0.000000 -0.000698
vn 1.000000 -0.000000 -0.000698
vn -0.000000 -1.000000 -0.000128
vn -0.000000 -1.000000 -0.000128
vn 0.000699 -0.000128 1.000000
vn 0.000699 -0.000128 1.000000
vn 0.000699 -0.000128 1.000000
vn 0.000699 -0.000128 1.000000
vn -0.000001 -1.000000 -0.000127
vn -0.000002 -1.000000 -0.000127
vn -0.000000 -1.000000 -0.000128
vn -0.000000 -1.000000 -0.000128
vn -1.000000 -0.000000 0.000699
vn -1.000000 -0.000005 0.000699
vn -0.707110 0.707104 0.000584
vn -0.707110 0.707103 0.000584
vn 0.000001 1.000000 0.000128
vn 0.000001 1.000000 0.000128
vn 0.000000 1.000000 0.000128
vn 0.000000 1.000000 0.000128
vn 0.000000 1.000000 0.000128
vn 0.000000 1.000000 0.000128
vn 0.000000 1.000000 0.000128
vn -0.000002 -1.000000 -0.000128
vn -0.000000 -1.000000 -0.000128
vn -0.000000 -1.000000 -0.000128
vn -0.000002 -1.000000 -0.000128
vn -1.000000 -0.000000 0.000699
vn -1.000000 0.000001 0.000699
vn -0.707610 0.000090 -0.706604
vn -0.707610 0.000090 -0.706604
vn -0.707609 0.000090 -0.706604
vn -0.707609 0.000090 -0.706604
vn -0.707617 0.000076 -0.706597
vn -0.707616 0.000078 -0.706598
vn -0.707620 0.000067 -0.706593
vn -0.707620 0.000067 -0.706593
vn -0.500491 0.500109 -0.706682
vn -0.500491 0.500109 -0.706682
vn -0.500491 0.500109 -0.706682
vn -0.500491 0.500109 -0.706682
vn -0.000494 0.707200 -0.707013
vn -0.000494 0.707200 -0.707013
vn -0.000493 0.707199 -0.707014
vn -0.000493 0.707199 -0.707014
vn -0.000494 0.707194 -0.707020
vn -0.000494 0.707194 -0.707020
vn -0.000494 0.707194 -0.707020
vn -0.000494 0.707194 -0.707020
vn -0.000489 0.707192 -0.707021
vn -0.000489 0.707192 -0.707021
vn -0.000686 0.000156 -1.000000
vn -0.000683 0.000127 -1.000000
vn -0.000699 0.000128 -1.000000
vn -0.000699 0.000154 -1.000000
vn -0.000699 0.000131 -1.000000
vn -0.000699 0.000163 -1.000000
vn -0.000699 0.000121 -1.000000
vn -0.000688 0.000122 -1.000000
vn -0.000689 0.000127 -1.000000
vn -0.000699 0.000128 -1.000000
vn -0.000699 0.000163 -1.000000
vn -0.000699 0.000131 -1.000000
vn -0.000694 0.000149 -1.000000
vn -0.000692 0.000155 -1.000000
vn -1.000000 -0.000005 0.000696
vn -1.000000 0.000000 0.000696
vn -0.707111 0.707103 0.000584
vn -0.707111 0.707103 0.000584
vn 0.000001 1.000000 0.000127
vn 0.000001 1.000000 0.000127
vn 0.000000 1.000000 0.000128
vn 0.000000 1.000000 0.000128
vn 0.000000 1.000000 0.000128
vn -1.000000 0.000001 0.000698
vn -1.000000 -0.000000 0.000699
vn -0.000664 0.000118 -1.000000
vn -0.000653 0.000128 -1.000000
vn -0.000000 -1.000000 -0.000128
vn -0.000000 -1.000000 -0.000128
vn -0.000000 -1.000000 -0.000128
vn -0.000000 -1.000000 -0.000128
vn 1.000000 0.000000 -0.000699
vn 1.000000 0.000000 -0.000699
vn 0.754599 -0.656186 -0.000611
vn 0.754599 -0.656186 -0.000611
vn 0.707112 -0.707102 -0.000585
vn 0.707112 -0.707102 -0.000585
vn 0.707111 -0.707102 -0.000585
vn 0.707112 -0.707102 -0.000585
vn 0.707109 -0.707104 -0.000588
vn 0.707109 -0.707104 -0.000588
vn 0.707106 -0.707107 -0.000584
vn 0.707106 -0.707107 -0.000584
vn 1.000000 -0.000000 -0.000699
vn 1.000000 0.000000 -0.000699
vn 1.000000 -0.000000 -0.000698
vn 1.000000 -0.000000 -0.000698
vn -0.000000 -1.000000 -0.000128
vn -0.000001 -1.000000 -0.000128
vn 1.000000 0.000000 -0.000699
vn 1.000000 0.000000 -0.000699
vn 1.000000 0.000000 -0.000699
vn 1.000000 0.000000 -0.000699
vn -0.000000 -1.000000 -0.000128
vn -0.000000 -1.000000 -0.000128
vn -0.000662 0.000124 -1.000000
vn -0.000699 0.000094 -1.000000
vn -0.000699 0.000095 -1.000000
vn -0.000699 0.000133 -1.000000
vn 1.000000 0.000000 -0.000699
vn 1.000000 0.000000 -0.000699
vn 0.000699 -0.000128 1.000000
vn 1.000000 0.000000 -0.000699
vn 1.000000 0.000000 -0.000699
vn 0.749598 -0.661893 -0.000608
vn 0.746709 -0.665150 -0.000607
vn 0.748180 -0.663496 -0.000608
vn 0.749598 -0.661893 -0.000608
vn 0.749598 -0.661893 -0.000608
vn 0.749598 -0.661893 -0.000608
vn 0.749598 -0.661893 -0.000608
vn 0.749598 -0.661893 -0.000608
vn 0.749598 -0.661893 -0.000608
vn 0.749598 -0.661893 -0.000608
vn 0.749598 -0.661893 -0.000608
vn -0.000661 0.000125 -1.000000
vn -0.000000 -1.000000 -0.000129
vn -0.000000 -1.000000 -0.000129
vn -0.000000 -1.000000 -0.000129
s 1
g group2 locator1 Book_L
f 5322/5544/5948 5346/5545/5949 5351/5546/5950 5350/5547/5951
s 2
f 5366/5548/5952 5325/5549/5953 5359/5550/5954 5367/5551/5955
s 3
f 5325/5549/5956 5366/5548/5957 5378/5552/5958 5326/5553/5959
s 4
f 5377/5554/5960 5327/5555/5961 5326/5553/5962 5378/5552/5963
f 5349/5556/5964 5327/5555/5961 5377/5554/5960 5376/5557/5965
f 5374/5558/5966 5329/5559/5967 5328/5560/5968 5375/5561/5969
s 1
f 5369/5562/5970 5331/5563/5971 5345/5564/5972 5370/5565/5973
s 2
f 5368/5566/5974 5324/5567/5975 5427/5568/5976 5430/5569/5977
s 6
f 5332/5570/5978 5428/5571/5979 5425/5572/5980 5333/5685/5981
f 5360/5574/5982 5335/5575/5983 5334/5576/5984 5361/5577/5985
s off
f 5335/5575/5986 5343/5578/5987 5342/5579/5988 5334/5576/5989
s 7
f 5336/5580/5990 5342/5579/5991 5343/5578/5992 5337/5581/5993
f 5337/5581/5993 5348/5582/5994 5347/5583/5995 5336/5580/5990
f 5339/5584/5996 5341/5585/5997 5340/5586/5998 5338/5587/5999
s 8
f 5342/5579/6000 5336/5580/6001 5363/5588/6002 5362/5589/6003
f 5336/5580/6001 5347/5583/6004 5364/5590/6005 5363/5588/6002
f 5322/5684/6006 5423/5678/6007 5426/5664/6008 5344/5683/6009
f 5338/5587/6010 5340/5586/6011 5357/5594/6012 5365/5595/6013
s 2
f 5335/5575/6014 5360/5574/6015 5359/5550/5954 5325/5549/5953
s 3
f 5335/5575/6016 5325/5549/5956 5326/5553/5959 5343/5578/6017
s 4
f 5327/5555/5961 5337/5581/6018 5343/5578/6019 5326/5553/5962
f 5348/5582/6020 5337/5581/6018 5327/5555/5961 5349/5556/5964
f 5329/5559/5967 5341/5585/6021 5339/5584/6022 5328/5560/5968
s 2
f 5333/5685/6023 5425/5572/6024 5427/5568/5976 5324/5567/5975
s 8
f 5361/5577/6025 5334/5576/6026 5342/5579/6000 5362/5589/6003
s 1
f 5330/5596/6027 5371/5597/6028 5370/5565/5973 5345/5564/5972
f 5346/5545/5949 5323/5598/6029 5352/5599/6030 5351/5546/5950
s 8
f 5347/5583/6004 5338/5587/6010 5365/5595/6013 5364/5590/6005
s 7
f 5348/5582/5994 5339/5584/5996 5338/5587/5999 5347/5583/5995
s 4
f 5328/5560/5968 5339/5584/6022 5348/5582/6020 5349/5556/5964
f 5375/5561/5969 5328/5560/5968 5349/5556/5964 5376/5557/5965
s 11
f 5350/5547/6031 5331/5563/6032 5424/5600/6033 5429/5601/6034
s 1
f 5351/5546/5950 5345/5564/5972 5331/5563/5971 5350/5547/5951
f 5352/5599/6030 5330/5596/6027 5345/5564/5972 5351/5546/5950
s 12
f 5372/5602/6035 5354/5674/6036 5353/5604/6037 5373/5605/6038
f 5354/5674/6036 5355/5673/6039 5356/5607/6040 5353/5604/6037
f 5355/5673/6039 5358/5608/6041 5357/5594/6042 5356/5607/6040
s 13
f 5356/5607/6043 5357/5594/6044 5340/5586/6045 5341/5585/6046
s 1
f 5323/5598/6029 5358/5672/6047 5355/5606/6048 5352/5599/6030
s 13
f 5373/5605/6049 5353/5604/6050 5329/5559/6051 5374/5558/6052
s 1
f 5354/5603/6053 5372/5668/6054 5371/5597/6028 5330/5596/6027
f 5355/5606/6048 5354/5603/6053 5330/5596/6027 5352/5599/6030
s 13
f 5353/5604/6050 5356/5607/6043 5341/5585/6046 5329/5559/6051
s 2
f 5324/5567/5975 5368/5566/5974 5367/5551/5955 5359/5550/5954
f 5360/5574/6015 5333/5573/6023 5324/5567/5975 5359/5550/5954
s 6
f 5333/5573/5981 5360/5574/5982 5361/5577/5985 5332/5686/5978
s 8
f 5332/5686/6055 5361/5577/6025 5362/5589/6003 5344/5593/6009
f 5363/5588/6002 5322/5677/6006 5344/5593/6009 5362/5589/6003
f 5364/5590/6005 5346/5675/6056 5322/5677/6006 5363/5588/6002
f 5365/5595/6013 5323/5676/6057 5346/5675/6056 5364/5590/6005
f 5357/5594/6012 5358/5608/6058 5323/5676/6057 5365/5595/6013
s 14
f 5379/5609/6059 5407/5610/6060 5408/5611/6061 5403/5612/6062
s 2
f 5366/5548/5952 5367/5551/5955 5416/5613/6063 5382/5614/6064
s 3
f 5382/5614/6065 5383/5615/6066 5378/5552/5958 5366/5548/5957
s 4
f 5377/5554/5960 5378/5552/5963 5383/5615/6067 5384/5616/6068
f 5406/5617/6069 5376/5557/5965 5377/5554/5960 5384/5616/6068
f 5374/5558/6070 5375/5561/6071 5385/5618/6072 5386/5619/6073
s 14
f 5369/5562/6074 5370/5565/6075 5402/5620/6076 5388/5621/6077
s 2
f 5368/5566/5974 5430/5569/5977 5435/5622/6078 5381/5623/6079
s 16
f 5389/5624/6080 5390/5681/6081 5433/5626/6082 5436/5661/6083
f 5417/5628/6084 5418/5629/6085 5391/5630/6086 5392/5631/6087
s off
f 5392/5631/6088 5391/5630/6089 5399/5632/6090 5400/5633/6091
s 17
f 5393/5634/6092 5394/5635/6093 5400/5633/6094 5399/5632/6095
f 5394/5635/6093 5393/5634/6092 5404/5636/6096 5405/5637/6097
f 5396/5638/6098 5395/5639/6099 5397/5640/6100 5398/5641/6101
s 18
f 5399/5632/6102 5419/5642/6103 5420/5643/6104 5393/5634/6105
f 5393/5634/6105 5420/5643/6104 5421/5644/6106 5404/5636/6107
f 5379/5671/6108 5401/5679/6109 5434/5646/6110 5431/5647/6111
f 5395/5639/6112 5422/5648/6113 5414/5649/6114 5397/5640/6115
s 2
f 5392/5631/6116 5382/5614/6064 5416/5613/6063 5417/5628/6117
s 3
f 5392/5631/6118 5400/5633/6119 5383/5615/6066 5382/5614/6065
s 4
f 5384/5616/6068 5383/5615/6067 5400/5633/6120 5394/5635/6121
f 5405/5637/6122 5406/5617/6069 5384/5616/6068 5394/5635/6121
f 5386/5619/6073 5385/5618/6072 5396/5638/6123 5398/5641/6124
s 2
f 5390/5681/6125 5381/5623/6079 5435/5622/6078 5433/5626/6126
s 18
f 5418/5629/6127 5419/5642/6103 5399/5632/6102 5391/5630/6128
s 14
f 5387/5650/6129 5402/5620/6076 5370/5565/6075 5371/5597/6130
f 5403/5612/6062 5408/5611/6061 5409/5651/6131 5380/5652/6132
s 18
f 5404/5636/6107 5421/5644/6106 5422/5648/6113 5395/5639/6112
s 17
f 5405/5637/6097 5404/5636/6096 5395/5639/6099 5396/5638/6098
s 4
f 5385/5618/6072 5406/5617/6069 5405/5637/6122 5396/5638/6123
f 5375/5561/6071 5376/5557/5965 5406/5617/6069 5385/5618/6072
s 11
f 5407/5610/6133 5437/5653/6134 5432/5654/6135 5388/5621/6136
s 14
f 5408/5611/6061 5407/5610/6060 5388/5621/6077 5402/5620/6076
f 5409/5651/6131 5408/5611/6061 5402/5620/6076 5387/5650/6129
s 20
f 5372/5602/6137 5373/5605/6138 5410/5655/6139 5411/5667/6140
f 5411/5667/6140 5410/5655/6139 5413/5657/6141 5412/5666/6142
f 5412/5666/6142 5413/5657/6141 5414/5649/6143 5415/5665/6144
s 21
f 5413/5657/6145 5398/5641/6146 5397/5640/6147 5414/5649/6148
s 14
f 5380/5652/6132 5409/5651/6131 5412/5658/6149 5415/5659/6150
s 21
f 5373/5605/6151 5374/5558/6152 5386/5619/6153 5410/5655/6154
s 14
f 5411/5656/6155 5387/5650/6129 5371/5597/6130 5372/5668/6156
f 5412/5658/6149 5409/5651/6131 5387/5650/6129 5411/5656/6155
s 21
f 5410/5655/6154 5386/5619/6153 5398/5641/6146 5413/5657/6145
s 2
f 5381/5623/6079 5416/5613/6063 5367/5551/5955 5368/5566/5974
f 5417/5628/6117 5416/5613/6063 5381/5623/6079 5390/5625/6125
s 16
f 5390/5625/6081 5389/5682/6080 5418/5629/6085 5417/5628/6084
s 18
f 5389/5682/6157 5401/5645/6109 5419/5642/6103 5418/5629/6127
f 5420/5643/6104 5419/5642/6103 5401/5645/6109 5379/5680/6108
f 5421/5644/6106 5420/5643/6104 5379/5680/6108 5403/5669/6158
f 5422/5648/6113 5421/5644/6106 5403/5669/6158 5380/5670/6159
f 5414/5649/6114 5422/5648/6113 5380/5670/6159 5415/5665/6160
s 11
f 5429/5601/6034 5423/5591/6161 5322/5544/6162 5350/5547/6031
s 8
f 5426/5664/6008 5428/5571/6163 5332/5570/6055 5344/5683/6009
s 11
f 5431/5662/6164 5437/5653/6134 5407/5610/6133 5379/5609/6165
f 5369/5562/6166 5388/5621/6136 5432/5654/6135 5437/5653/6167 5433/5626/6168 5435/5622/6169 5430/5569/6170 5427/5568/6171 5425/5572/6172 5428/5663/6173 5426/5592/6174 5423/5591/6175 5429/5601/6176 5424/5600/6033 5331/5563/6032
s 18
f 5436/5661/6177 5434/5646/6110 5401/5679/6109 5389/5624/6157
s 11
f 5433/5626/6168 5437/5653/6167 5431/5662/6178 5434/5660/6179 5436/5627/6180
g default
v 7.898350 1.258174 4.973036
v 7.891183 1.259484 -5.281869
v 0.200602 1.258170 5.010901
v 0.193413 1.259484 -5.276489
v 7.898372 0.856679 5.004099
v 7.891183 0.857993 -5.281920
v 0.200602 0.856678 5.009479
v 0.193413 0.857992 -5.276541
v 0.200399 1.258207 4.719733
v 7.898146 1.258211 4.682790
v 7.898168 0.856716 4.712970
v 0.200398 0.856715 4.718350
v 7.891375 1.259449 -5.008287
v 0.193605 1.259449 -5.002044
v 0.193605 0.857957 -5.002131
v 7.891375 0.857958 -5.007511
v 7.445236 1.259484 -5.281557
v 7.445428 1.259449 -5.007926
v 7.452200 1.258211 4.684931
v 7.452403 1.258174 4.975229
v 7.452424 0.856679 5.004411
v 7.452222 0.856716 4.713282
v 7.445427 0.857958 -5.007199
v 7.445236 0.857993 -5.281608
v 0.595266 1.259484 -5.276770
v 0.595457 1.259449 -5.002370
v 0.602250 1.258208 4.717805
v 0.602454 1.258170 5.008924
v 0.602454 0.856678 5.009198
v 0.602251 0.856715 4.718069
v 0.595458 0.857957 -5.002412
v 0.595266 0.857992 -5.276822
vt 0.530662 0.979541
vt 0.525485 0.698303
vt 0.525646 0.705457
vt 0.530531 0.972386
vt 0.535845 0.979446
vt 0.530669 0.698208
vt 0.715913 0.701971
vt 0.708765 0.702102
vt 0.708634 0.694948
vt 0.713786 0.976186
vt 0.535714 0.972292
vt 0.530829 0.705362
vt 0.528151 0.842496
vt 0.528574 0.835338
vt 0.533741 0.835243
vt 0.533334 0.842401
vt 0.703879 0.702192
vt 0.703748 0.695037
vt 0.706390 0.839230
vt 0.706274 0.832082
vt 0.711144 0.831993
vt 0.711275 0.839141
vt 0.708901 0.976275
vt 0.708770 0.969121
vt 0.706127 0.824143
vt 0.710999 0.824054
vt 0.533563 0.827304
vt 0.528395 0.827399
vt 0.528296 0.850435
vt 0.533480 0.850340
vt 0.706535 0.847170
vt 0.718147 0.823923
vt 0.713655 0.969031
vt 0.708503 0.687800
vt 0.715781 0.694817
vt 0.518499 0.705617
vt 0.521229 0.827558
vt 0.711421 0.847080
vt 0.521405 0.835497
vt 0.703617 0.687889
vt 0.530562 0.691060
vt 0.518338 0.698463
vt 0.525379 0.691154
vt 0.718292 0.831862
vn 0.002809 -0.001431 0.999995
vn 0.002809 -0.001431 0.999995
vn 0.002807 0.034550 0.999399
vn 0.002807 0.034550 0.999399
vn -1.000000 -0.000001 0.000699
vn -1.000000 -0.000001 0.000699
vn -1.000000 -0.000001 0.000698
vn -1.000000 -0.000001 0.000698
vn -0.000699 0.000126 -1.000000
vn -0.000699 0.000126 -1.000000
vn -0.000699 0.000127 -1.000000
vn -0.000699 0.000127 -1.000000
vn -0.000000 -1.000000 -0.000128
vn -0.000000 -1.000000 -0.000128
vn -0.000000 -1.000000 -0.000128
vn -0.000000 -1.000000 -0.000128
vn 0.000000 1.000000 0.000128
vn 0.000000 1.000000 0.000128
vn 0.000000 1.000000 0.000128
vn 0.000000 1.000000 0.000128
vn 1.000000 0.000001 -0.000703
vn 1.000000 0.000001 -0.000703
vn 1.000000 0.000001 -0.000699
vn 1.000000 0.000001 -0.000699
vn 0.000000 1.000000 0.000127
vn 0.000000 1.000000 0.000127
vn 0.000000 1.000000 0.000128
vn 0.000000 1.000000 0.000128
vn 1.000000 0.000001 -0.000699
vn 1.000000 0.000001 -0.000699
vn 1.000000 0.000001 -0.000701
vn 1.000000 0.000001 -0.000701
vn -0.000000 -1.000000 -0.000128
vn -0.000000 -1.000000 -0.000128
vn -0.000000 -1.000000 -0.000128
vn -0.000000 -1.000000 -0.000127
vn -1.000000 -0.000001 0.000699
vn -1.000000 -0.000001 0.000699
vn -1.000000 -0.000001 0.000699
vn -1.000000 -0.000001 0.000699
vn 0.000000 1.000000 0.000128
vn 0.000000 1.000000 0.000127
vn -0.000000 1.000000 0.000127
vn 0.000000 1.000000 0.000128
vn 0.000000 1.000000 0.000128
vn 0.000000 1.000000 0.000128
vn 0.000000 1.000000 0.000128
vn 0.000000 1.000000 0.000128
vn 0.002807 0.038997 0.999235
vn 0.002807 0.038997 0.999235
vn 0.002800 0.074817 0.997193
vn 0.002800 0.074817 0.997193
vn -0.000000 -1.000000 -0.000128
vn -0.000000 -1.000000 -0.000128
vn -0.000000 -1.000000 -0.000128
vn -0.000000 -1.000000 -0.000128
vn -0.000000 -1.000000 -0.000128
vn -0.000000 -1.000000 -0.000128
vn -0.000000 -1.000000 -0.000128
vn 0.000000 -1.000000 -0.000128
vn -0.000699 0.000127 -1.000000
vn -0.000699 0.000126 -1.000000
vn -0.000699 0.000126 -1.000000
vn -0.000699 0.000127 -1.000000
s 1
g group2 locator1 pCube1 Book_L
f 5444/5728/6181 5440/5688/6182 5465/5689/6183 5466/5722/6184
s 2
f 5449/5727/6185 5446/5692/6186 5440/5688/6187 5444/5729/6188
s 3
f 5469/5693/6189 5462/5694/6190 5441/5695/6191 5445/5721/6192
s 4
f 5444/5687/6193 5466/5690/6194 5467/5697/6195 5449/5691/6196
s 5
f 5446/5692/6197 5464/5698/6198 5465/5689/6199 5440/5688/6200
s 6
f 5442/5699/6201 5438/5700/6202 5447/5701/6203 5448/5702/6204
s 5
f 5441/5695/6205 5462/5694/6206 5463/5703/6207 5451/5704/6208
s 6
f 5453/5705/6209 5450/5706/6210 5439/5707/6211 5443/5708/6212
s 4
f 5452/5709/6213 5468/5710/6214 5469/5719/6215 5445/5696/6216
s 2
f 5445/5720/6217 5441/5695/6218 5451/5704/6219 5452/5726/6220
s 5
f 5451/5704/6208 5463/5703/6207 5464/5698/6198 5446/5692/6197
s 2
f 5452/5726/6220 5451/5704/6219 5446/5692/6186 5449/5727/6185
s 4
f 5449/5691/6196 5467/5697/6195 5468/5710/6214 5452/5709/6213
s 6
f 5448/5702/6204 5447/5701/6203 5450/5706/6210 5453/5705/6209
s 5
f 5455/5711/6221 5454/5712/6222 5439/5707/6223 5450/5706/6224
f 5456/5713/6225 5455/5711/6221 5450/5706/6224 5447/5701/6226
f 5457/5714/6227 5456/5713/6225 5447/5701/6226 5438/5700/6228
s 1
f 5458/5723/6229 5457/5714/6230 5438/5700/6231 5442/5725/6232
s 4
f 5459/5716/6233 5458/5715/6234 5442/5699/6235 5448/5702/6236
f 5460/5717/6237 5459/5716/6233 5448/5702/6236 5453/5705/6238
f 5461/5724/6239 5460/5717/6237 5453/5705/6238 5443/5708/6240
s 3
f 5439/5707/6241 5454/5712/6242 5461/5718/6243 5443/5730/6244
s 5
f 5463/5703/6207 5462/5694/6206 5454/5712/6222 5455/5711/6221
f 5464/5698/6198 5463/5703/6207 5455/5711/6221 5456/5713/6225
f 5465/5689/6199 5464/5698/6198 5456/5713/6225 5457/5714/6227
s 1
f 5466/5722/6184 5465/5689/6183 5457/5714/6230 5458/5723/6229
s 4
f 5467/5697/6195 5466/5690/6194 5458/5715/6234 5459/5716/6233
f 5468/5710/6214 5467/5697/6195 5459/5716/6233 5460/5717/6237
f 5469/5719/6215 5468/5710/6214 5460/5717/6237 5461/5724/6239
s 3
f 5461/5718/6243 5454/5712/6242 5462/5694/6190 5469/5693/6189
g default
v 7.866543 0.839661 4.836221
v 7.067885 0.839174 4.836882
v 6.269226 0.838686 4.837542
v 5.470568 0.838198 4.838202
v 4.671909 0.837711 4.838862
v 3.873251 0.837223 4.839522
v 3.074592 0.836736 4.840182
v 2.275934 0.836248 4.840842
v 1.477276 0.835760 4.841502
v 0.678617 0.835273 4.842162
v -0.120041 0.834785 4.842822
v 7.865709 0.839083 3.826205
v 7.067050 0.838595 3.826865
v 6.268392 0.838108 3.827525
v 5.469733 0.837620 3.828186
v 4.671075 0.837133 3.828846
v 3.872417 0.836645 3.829506
v 3.073758 0.836157 3.830166
v 2.275100 0.835670 3.830826
v 1.476441 0.835182 3.831486
v 0.677783 0.834695 3.832146
v -0.120876 0.834207 3.832806
v 7.864874 0.838505 2.816189
v 7.066216 0.838017 2.816849
v 6.267557 0.837530 2.817509
v 5.468899 0.837042 2.818169
v 4.670240 0.836554 2.818829
v 3.871582 0.836067 2.819490
v 3.072923 0.835579 2.820150
v 2.274265 0.835092 2.820810
v 1.475607 0.834604 2.821470
v 0.676948 0.834116 2.822130
v -0.121710 0.833629 2.822790
v 7.864040 0.837927 1.806172
v 7.065381 0.837439 1.806833
v 6.266723 0.836951 1.807493
v 5.468064 0.836464 1.808153
v 4.669406 0.835976 1.808813
v 3.870748 0.835489 1.809473
v 3.072089 0.835001 1.810133
v 2.273431 0.834513 1.810793
v 1.474772 0.834026 1.811453
v 0.676114 0.833538 1.812113
v -0.122544 0.833051 1.812773
v 7.863205 0.837348 0.796156
v 7.064547 0.836861 0.796816
v 6.265889 0.836373 0.797476
v 5.467230 0.835886 0.798137
v 4.668572 0.835398 0.798797
v 3.869913 0.834910 0.799457
v 3.071255 0.834423 0.800117
v 2.272596 0.833935 0.800777
v 1.473938 0.833448 0.801437
v 0.675279 0.832960 0.802097
v -0.123379 0.832472 0.802757
v 7.862371 0.836770 -0.213860
v 7.063713 0.836283 -0.213200
v 6.265054 0.835795 -0.212540
v 5.466396 0.835307 -0.211880
v 4.667737 0.834820 -0.211220
v 3.869079 0.834332 -0.210559
v 3.070420 0.833845 -0.209899
v 2.271762 0.833357 -0.209239
v 1.473103 0.832869 -0.208579
v 0.674445 0.832382 -0.207919
v -0.124213 0.831894 -0.207259
v 7.861536 0.836192 -1.223876
v 7.062878 0.835704 -1.223216
v 6.264220 0.835217 -1.222556
v 5.465561 0.834729 -1.221896
v 4.666903 0.834242 -1.221236
v 3.868244 0.833754 -1.220576
v 3.069586 0.833266 -1.219916
v 2.270928 0.832779 -1.219256
v 1.472269 0.832291 -1.218596
v 0.673610 0.831804 -1.217936
v -0.125048 0.831316 -1.217275
v 7.860702 0.835614 -2.233892
v 7.062044 0.835126 -2.233232
v 6.263385 0.834639 -2.232572
v 5.464727 0.834151 -2.231912
v 4.666068 0.833663 -2.231252
v 3.867410 0.833176 -2.230592
v 3.068751 0.832688 -2.229932
v 2.270093 0.832201 -2.229272
v 1.471435 0.831713 -2.228612
v 0.672776 0.831225 -2.227951
v -0.125882 0.830738 -2.227291
v 7.859868 0.835036 -3.243909
v 7.061209 0.834548 -3.243249
v 6.262551 0.834060 -3.242589
v 5.463892 0.833573 -3.241929
v 4.665234 0.833085 -3.241268
v 3.866575 0.832598 -3.240608
v 3.067917 0.832110 -3.239948
v 2.269259 0.831622 -3.239288
v 1.470600 0.831135 -3.238628
v 0.671942 0.830647 -3.237968
v -0.126717 0.830160 -3.237308
v 7.859033 0.834457 -4.253925
v 7.060375 0.833970 -4.253265
v 6.261716 0.833482 -4.252605
v 5.463058 0.832995 -4.251945
v 4.664399 0.832507 -4.251285
v 3.865741 0.832019 -4.250625
v 3.067082 0.831532 -4.249965
v 2.268424 0.831044 -4.249305
v 1.469766 0.830557 -4.248645
v 0.671107 0.830069 -4.247985
v -0.127551 0.829581 -4.247324
v 7.858199 0.833879 -5.263941
v 7.059540 0.833392 -5.263281
v 6.260882 0.832904 -5.262621
v 5.462223 0.832416 -5.261961
v 4.663565 0.831929 -5.261301
v 3.864907 0.831441 -5.260641
v 3.066248 0.830954 -5.259981
v 2.267590 0.830466 -5.259321
v 1.468931 0.829978 -5.258661
v 0.670273 0.829491 -5.258000
v -0.128385 0.829003 -5.257340
vt 0.000000 0.000000
vt 0.100000 0.000000
vt 0.200000 0.000000
vt 0.300000 0.000000
vt 0.400000 0.000000
vt 0.500000 0.000000
vt 0.600000 0.000000
vt 0.700000 0.000000
vt 0.800000 0.000000
vt 0.900000 0.000000
vt 1.000000 0.000000
vt 0.000000 0.100000
vt 0.100000 0.100000
vt 0.200000 0.100000
vt 0.300000 0.100000
vt 0.400000 0.100000
vt 0.500000 0.100000
vt 0.600000 0.100000
vt 0.700000 0.100000
vt 0.800000 0.100000
vt 0.900000 0.100000
vt 1.000000 0.100000
vt 0.000000 0.200000
vt 0.100000 0.200000
vt 0.200000 0.200000
vt 0.300000 0.200000
vt 0.400000 0.200000
vt 0.500000 0.200000
vt 0.600000 0.200000
vt 0.700000 0.200000
vt 0.800000 0.200000
vt 0.900000 0.200000
vt 1.000000 0.200000
vt 0.000000 0.300000
vt 0.100000 0.300000
vt 0.200000 0.300000
vt 0.300000 0.300000
vt 0.400000 0.300000
vt 0.500000 0.300000
vt 0.600000 0.300000
vt 0.700000 0.300000
vt 0.800000 0.300000
vt 0.900000 0.300000
vt 1.000000 0.300000
vt 0.000000 0.400000
vt 0.100000 0.400000
vt 0.200000 0.400000
vt 0.300000 0.400000
vt 0.400000 0.400000
vt 0.500000 0.400000
vt 0.600000 0.400000
vt 0.700000 0.400000
vt 0.800000 0.400000
vt 0.900000 0.400000
vt 1.000000 0.400000
vt 0.000000 0.500000
vt 0.100000 0.500000
vt 0.200000 0.500000
vt 0.300000 0.500000
vt 0.400000 0.500000
vt 0.500000 0.500000
vt 0.600000 0.500000
vt 0.700000 0.500000
vt 0.800000 0.500000
vt 0.900000 0.500000
vt 1.000000 0.500000
vt 0.000000 0.600000
vt 0.100000 0.600000
vt 0.200000 0.600000
vt 0.300000 0.600000
vt 0.400000 0.600000
vt 0.500000 0.600000
vt 0.600000 0.600000
vt 0.700000 0.600000
vt 0.800000 0.600000
vt 0.900000 0.600000
vt 1.000000 0.600000
vt 0.000000 0.700000
vt 0.100000 0.700000
vt 0.200000 0.700000
vt 0.300000 0.700000
vt 0.400000 0.700000
vt 0.500000 0.700000
vt 0.600000 0.700000
vt 0.700000 0.700000
vt 0.800000 0.700000
vt 0.900000 0.700000
vt 1.000000 0.700000
vt 0.000000 0.800000
vt 0.100000 0.800000
vt 0.200000 0.800000
vt 0.300000 0.800000
vt 0.400000 0.800000
vt 0.500000 0.800000
vt 0.600000 0.800000
vt 0.700000 0.800000
vt 0.800000 0.800000
vt 0.900000 0.800000
vt 1.000000 0.800000
vt 0.000000 0.900000
vt 0.100000 0.900000
vt 0.200000 0.900000
vt 0.300000 0.900000
vt 0.400000 0.900000
vt 0.500000 0.900000
vt 0.600000 0.900000
vt 0.700000 0.900000
vt 0.800000 0.900000
vt 0.900000 0.900000
vt 1.000000 0.900000
vt 0.000000 1.000000
vt 0.100000 1.000000
vt 0.200000 1.000000
vt 0.300000 1.000000
vt 0.400000 1.000000
vt 0.500000 1.000000
vt 0.600000 1.000000
vt 0.700000 1.000000
vt 0.800000 1.000000
vt 0.900000 1.000000
vt 1.000000 1.000000
vn 0.000611 -1.000000 0.000572
vn 0.000611 -1.000000 0.000572
vn 0.000611 -1.000000 0.000572
vn 0.000611 -1.000000 0.000572
vn 0.000611 -1.000000 0.000572
vn 0.000611 -1.000000 0.000572
vn 0.000611 -1.000000 0.000572
vn 0.000611 -1.000000 0.000572
vn 0.000611 -1.000000 0.000572
vn 0.000611 -1.000000 0.000572
vn 0.000611 -1.000000 0.000572
vn 0.000611 -1.000000 0.000572
vn 0.000611 -1.000000 0.000572
vn 0.000611 -1.000000 0.000572
vn 0.000611 -1.000000 0.000572
vn 0.000611 -1.000000 0.000572
vn 0.000611 -1.000000 0.000572
vn 0.000611 -1.000000 0.000572
vn 0.000611 -1.000000 0.000572
vn 0.000611 -1.000000 0.000572
vn 0.000611 -1.000000 0.000572
vn 0.000611 -1.000000 0.000572
vn 0.000611 -1.000000 0.000572
vn 0.000611 -1.000000 0.000572
vn 0.000611 -1.000000 0.000572
vn 0.000611 -1.000000 0.000572
vn 0.000611 -1.000000 0.000572
vn 0.000611 -1.000000 0.000572
vn 0.000611 -1.000000 0.000572
vn 0.000611 -1.000000 0.000572
vn 0.000611 -1.000000 0.000572
vn 0.000611 -1.000000 0.000572
vn 0.000611 -1.000000 0.000572
vn 0.000611 -1.000000 0.000572
vn 0.000611 -1.000000 0.000572
vn 0.000611 -1.000000 0.000572
vn 0.000611 -1.000000 0.000572
vn 0.000611 -1.000000 0.000572
vn 0.000611 -1.000000 0.000572
vn 0.000611 -1.000000 0.000572
vn 0.000611 -1.000000 0.000572
vn 0.000611 -1.000000 0.000572
vn 0.000611 -1.000000 0.000572
vn 0.000611 -1.000000 0.000572
vn 0.000611 -1.000000 0.000572
vn 0.000611 -1.000000 0.000572
vn 0.000611 -1.000000 0.000572
vn 0.000611 -1.000000 0.000572
vn 0.000611 -1.000000 0.000572
vn 0.000611 -1.000000 0.000572
vn 0.000611 -1.000000 0.000572
vn 0.000611 -1.000000 0.000572
vn 0.000611 -1.000000 0.000572
vn 0.000611 -1.000000 0.000572
vn 0.000611 -1.000000 0.000572
vn 0.000611 -1.000000 0.000572
vn 0.000611 -1.000000 0.000572
vn 0.000611 -1.000000 0.000572
vn 0.000611 -1.000000 0.000572
vn 0.000611 -1.000000 0.000572
vn 0.000611 -1.000000 0.000572
vn 0.000611 -1.000000 0.000572
vn 0.000611 -1.000000 0.000572
vn 0.000611 -1.000000 0.000572
vn 0.000611 -1.000000 0.000572
vn 0.000611 -1.000000 0.000572
vn 0.000611 -1.000000 0.000572
vn 0.000611 -1.000000 0.000572
vn 0.000611 -1.000000 0.000572
vn 0.000611 -1.000000 0.000572
vn 0.000611 -1.000000 0.000572
vn 0.000611 -1.000000 0.000572
vn 0.000611 -1.000000 0.000572
vn 0.000611 -1.000000 0.000572
vn 0.000611 -1.000000 0.000572
vn 0.000611 -1.000000 0.000572
vn 0.000611 -1.000000 0.000572
vn 0.000611 -1.000000 0.000572
vn 0.000611 -1.000000 0.000572
vn 0.000611 -1.000000 0.000572
vn 0.000611 -1.000000 0.000572
vn 0.000611 -1.000000 0.000572
vn 0.000611 -1.000000 0.000572
vn 0.000611 -1.000000 0.000572
vn 0.000611 -1.000000 0.000572
vn 0.000611 -1.000000 0.000572
vn 0.000611 -1.000000 0.000572
vn 0.000611 -1.000000 0.000572
vn 0.000611 -1.000000 0.000572
vn 0.000611 -1.000000 0.000572
vn 0.000611 -1.000000 0.000572
vn 0.000611 -1.000000 0.000572
vn 0.000611 -1.000000 0.000572
vn 0.000611 -1.000000 0.000572
vn 0.000611 -1.000000 0.000572
vn 0.000611 -1.000000 0.000572
vn 0.000611 -1.000000 0.000572
vn 0.000611 -1.000000 0.000572
vn 0.000611 -1.000000 0.000572
vn 0.000611 -1.000000 0.000572
vn 0.000611 -1.000000 0.000572
vn 0.000611 -1.000000 0.000572
vn 0.000611 -1.000000 0.000572
vn 0.000611 -1.000000 0.000572
vn 0.000611 -1.000000 0.000572
vn 0.000611 -1.000000 0.000572
vn 0.000611 -1.000000 0.000572
vn 0.000611 -1.000000 0.000572
vn 0.000611 -1.000000 0.000572
vn 0.000611 -1.000000 0.000572
vn 0.000611 -1.000000 0.000572
vn 0.000611 -1.000000 0.000572
vn 0.000611 -1.000000 0.000572
vn 0.000611 -1.000000 0.000572
vn 0.000611 -1.000000 0.000572
vn 0.000611 -1.000000 0.000572
vn 0.000611 -1.000000 0.000572
vn 0.000611 -1.000000 0.000572
vn 0.000611 -1.000000 0.000572
vn 0.000611 -1.000000 0.000572
vn 0.000611 -1.000000 0.000572
s 1
g group2 locator1 pPlane1 pCube1 Book_L
f 5470/5731/6245 5471/5732/6246 5482/5743/6247 5481/5742/6248
f 5471/5732/6246 5472/5733/6249 5483/5744/6250 5482/5743/6247
f 5472/5733/6249 5473/5734/6251 5484/5745/6252 5483/5744/6250
f 5473/5734/6251 5474/5735/6253 5485/5746/6254 5484/5745/6252
f 5474/5735/6253 5475/5736/6255 5486/5747/6256 5485/5746/6254
f 5475/5736/6255 5476/5737/6257 5487/5748/6258 5486/5747/6256
f 5476/5737/6257 5477/5738/6259 5488/5749/6260 5487/5748/6258
f 5477/5738/6259 5478/5739/6261 5489/5750/6262 5488/5749/6260
f 5478/5739/6261 5479/5740/6263 5490/5751/6264 5489/5750/6262
f 5479/5740/6263 5480/5741/6265 5491/5752/6266 5490/5751/6264
f 5481/5742/6248 5482/5743/6247 5493/5754/6267 5492/5753/6268
f 5482/5743/6247 5483/5744/6250 5494/5755/6269 5493/5754/6267
f 5483/5744/6250 5484/5745/6252 5495/5756/6270 5494/5755/6269
f 5484/5745/6252 5485/5746/6254 5496/5757/6271 5495/5756/6270
f 5485/5746/6254 5486/5747/6256 5497/5758/6272 5496/5757/6271
f 5486/5747/6256 5487/5748/6258 5498/5759/6273 5497/5758/6272
f 5487/5748/6258 5488/5749/6260 5499/5760/6274 5498/5759/6273
f 5488/5749/6260 5489/5750/6262 5500/5761/6275 5499/5760/6274
f 5489/5750/6262 5490/5751/6264 5501/5762/6276 5500/5761/6275
f 5490/5751/6264 5491/5752/6266 5502/5763/6277 5501/5762/6276
f 5492/5753/6268 5493/5754/6267 5504/5765/6278 5503/5764/6279
f 5493/5754/6267 5494/5755/6269 5505/5766/6280 5504/5765/6278
f 5494/5755/6269 5495/5756/6270 5506/5767/6281 5505/5766/6280
f 5495/5756/6270 5496/5757/6271 5507/5768/6282 5506/5767/6281
f 5496/5757/6271 5497/5758/6272 5508/5769/6283 5507/5768/6282
f 5497/5758/6272 5498/5759/6273 5509/5770/6284 5508/5769/6283
f 5498/5759/6273 5499/5760/6274 5510/5771/6285 5509/5770/6284
f 5499/5760/6274 5500/5761/6275 5511/5772/6286 5510/5771/6285
f 5500/5761/6275 5501/5762/6276 5512/5773/6287 5511/5772/6286
f 5501/5762/6276 5502/5763/6277 5513/5774/6288 5512/5773/6287
f 5503/5764/6279 5504/5765/6278 5515/5776/6289 5514/5775/6290
f 5504/5765/6278 5505/5766/6280 5516/5777/6291 5515/5776/6289
f 5505/5766/6280 5506/5767/6281 5517/5778/6292 5516/5777/6291
f 5506/5767/6281 5507/5768/6282 5518/5779/6293 5517/5778/6292
f 5507/5768/6282 5508/5769/6283 5519/5780/6294 5518/5779/6293
f 5508/5769/6283 5509/5770/6284 5520/5781/6295 5519/5780/6294
f 5509/5770/6284 5510/5771/6285 5521/5782/6296 5520/5781/6295
f 5510/5771/6285 5511/5772/6286 5522/5783/6297 5521/5782/6296
f 5511/5772/6286 5512/5773/6287 5523/5784/6298 5522/5783/6297
f 5512/5773/6287 5513/5774/6288 5524/5785/6299 5523/5784/6298
f 5514/5775/6290 5515/5776/6289 5526/5787/6300 5525/5786/6301
f 5515/5776/6289 5516/5777/6291 5527/5788/6302 5526/5787/6300
f 5516/5777/6291 5517/5778/6292 5528/5789/6303 5527/5788/6302
f 5517/5778/6292 5518/5779/6293 5529/5790/6304 5528/5789/6303
f 5518/5779/6293 5519/5780/6294 5530/5791/6305 5529/5790/6304
f 5519/5780/6294 5520/5781/6295 5531/5792/6306 5530/5791/6305
f 5520/5781/6295 5521/5782/6296 5532/5793/6307 5531/5792/6306
f 5521/5782/6296 5522/5783/6297 5533/5794/6308 5532/5793/6307
f 5522/5783/6297 5523/5784/6298 5534/5795/6309 5533/5794/6308
f 5523/5784/6298 5524/5785/6299 5535/5796/6310 5534/5795/6309
f 5525/5786/6301 5526/5787/6300 5537/5798/6311 5536/5797/6312
f 5526/5787/6300 5527/5788/6302 5538/5799/6313 5537/5798/6311
f 5527/5788/6302 5528/5789/6303 5539/5800/6314 5538/5799/6313
f 5528/5789/6303 5529/5790/6304 5540/5801/6315 5539/5800/6314
f 5529/5790/6304 5530/5791/6305 5541/5802/6316 5540/5801/6315
f 5530/5791/6305 5531/5792/6306 5542/5803/6317 5541/5802/6316
f 5531/5792/6306 5532/5793/6307 5543/5804/6318 5542/5803/6317
f 5532/5793/6307 5533/5794/6308 5544/5805/6319 5543/5804/6318
f 5533/5794/6308 5534/5795/6309 5545/5806/6320 5544/5805/6319
f 5534/5795/6309 5535/5796/6310 5546/5807/6321 5545/5806/6320
f 5536/5797/6312 5537/5798/6311 5548/5809/6322 5547/5808/6323
f 5537/5798/6311 5538/5799/6313 5549/5810/6324 5548/5809/6322
f 5538/5799/6313 5539/5800/6314 5550/5811/6325 5549/5810/6324
f 5539/5800/6314 5540/5801/6315 5551/5812/6326 5550/5811/6325
f 5540/5801/6315 5541/5802/6316 5552/5813/6327 5551/5812/6326
f 5541/5802/6316 5542/5803/6317 5553/5814/6328 5552/5813/6327
f 5542/5803/6317 5543/5804/6318 5554/5815/6329 5553/5814/6328
f 5543/5804/6318 5544/5805/6319 5555/5816/6330 5554/5815/6329
f 5544/5805/6319 5545/5806/6320 5556/5817/6331 5555/5816/6330
f 5545/5806/6320 5546/5807/6321 5557/5818/6332 5556/5817/6331
f 5547/5808/6323 5548/5809/6322 5559/5820/6333 5558/5819/6334
f 5548/5809/6322 5549/5810/6324 5560/5821/6335 5559/5820/6333
f 5549/5810/6324 5550/5811/6325 5561/5822/6336 5560/5821/6335
f 5550/5811/6325 5551/5812/6326 5562/5823/6337 5561/5822/6336
f 5551/5812/6326 5552/5813/6327 5563/5824/6338 5562/5823/6337
f 5552/5813/6327 5553/5814/6328 5564/5825/6339 5563/5824/6338
f 5553/5814/6328 5554/5815/6329 5565/5826/6340 5564/5825/6339
f 5554/5815/6329 5555/5816/6330 5566/5827/6341 5565/5826/6340
f 5555/5816/6330 5556/5817/6331 5567/5828/6342 5566/5827/6341
f 5556/5817/6331 5557/5818/6332 5568/5829/6343 5567/5828/6342
f 5558/5819/6334 5559/5820/6333 5570/5831/6344 5569/5830/6345
f 5559/5820/6333 5560/5821/6335 5571/5832/6346 5570/5831/6344
f 5560/5821/6335 5561/5822/6336 5572/5833/6347 5571/5832/6346
f 5561/5822/6336 5562/5823/6337 5573/5834/6348 5572/5833/6347
f 5562/5823/6337 5563/5824/6338 5574/5835/6349 5573/5834/6348
f 5563/5824/6338 5564/5825/6339 5575/5836/6350 5574/5835/6349
f 5564/5825/6339 5565/5826/6340 5576/5837/6351 5575/5836/6350
f 5565/5826/6340 5566/5827/6341 5577/5838/6352 5576/5837/6351
f 5566/5827/6341 5567/5828/6342 5578/5839/6353 5577/5838/6352
f 5567/5828/6342 5568/5829/6343 5579/5840/6354 5578/5839/6353
f 5569/5830/6345 5570/5831/6344 5581/5842/6355 5580/5841/6356
f 5570/5831/6344 5571/5832/6346 5582/5843/6357 5581/5842/6355
f 5571/5832/6346 5572/5833/6347 5583/5844/6358 5582/5843/6357
f 5572/5833/6347 5573/5834/6348 5584/5845/6359 5583/5844/6358
f 5573/5834/6348 5574/5835/6349 5585/5846/6360 5584/5845/6359
f 5574/5835/6349 5575/5836/6350 5586/5847/6361 5585/5846/6360
f 5575/5836/6350 5576/5837/6351 5587/5848/6362 5586/5847/6361
f 5576/5837/6351 5577/5838/6352 5588/5849/6363 5587/5848/6362
f 5577/5838/6352 5578/5839/6353 5589/5850/6364 5588/5849/6363
f 5578/5839/6353 5579/5840/6354 5590/5851/6365 5589/5850/6364
g default
v 0.352564 0.779873 2.206622
v 1.053532 0.785408 2.208303
v 1.754500 0.790944 2.209984
v 2.455467 0.796479 2.211666
v 3.156435 0.802015 2.213347
v 3.857403 0.807551 2.215029
v 4.558370 0.813086 2.216710
v 5.259338 0.818622 2.218392
v 5.960306 0.824157 2.220073
v 6.661273 0.829693 2.221755
v 7.362241 0.835228 2.223436
v 0.353396 0.779485 1.509136
v 1.054364 0.785020 1.510817
v 1.755332 0.790556 1.512499
v 2.456299 0.796091 1.514180
v 3.157267 0.801627 1.515862
v 3.858235 0.807162 1.517543
v 4.559203 0.812698 1.519225
v 5.260170 0.818233 1.520906
v 5.961138 0.823769 1.522588
v 6.662106 0.829305 1.524269
v 7.363073 0.834840 1.525951
v 0.354229 0.779096 0.811650
v 1.055196 0.784632 0.813331
v 1.756164 0.790168 0.815013
v 2.457132 0.795703 0.816694
v 3.158099 0.801239 0.818376
v 3.859067 0.806774 0.820057
v 4.560035 0.812310 0.821739
v 5.261002 0.817845 0.823420
v 5.961970 0.823381 0.825102
v 6.662938 0.828916 0.826783
v 7.363905 0.834452 0.828465
v 0.355061 0.778708 0.114164
v 1.056028 0.784244 0.115845
v 1.756996 0.789779 0.117527
v 2.457964 0.795315 0.119208
v 3.158931 0.800850 0.120890
v 3.859899 0.806386 0.122571
v 4.560867 0.811922 0.124253
v 5.261834 0.817457 0.125934
v 5.962802 0.822993 0.127616
v 6.663770 0.828528 0.129297
v 7.364737 0.834064 0.130979
v 0.355893 0.778320 -0.583322
v 1.056860 0.783856 -0.581640
v 1.757828 0.789391 -0.579959
v 2.458796 0.794927 -0.578277
v 3.159763 0.800462 -0.576596
v 3.860731 0.805998 -0.574914
v 4.561699 0.811533 -0.573233
v 5.262666 0.817069 -0.571551
v 5.963634 0.822604 -0.569870
v 6.664602 0.828140 -0.568188
v 7.365569 0.833676 -0.566507
v 0.356725 0.777932 -1.280808
v 1.057692 0.783467 -1.279126
v 1.758660 0.789003 -1.277445
v 2.459628 0.794539 -1.275763
v 3.160596 0.800074 -1.274082
v 3.861563 0.805610 -1.272400
v 4.562531 0.811145 -1.270719
v 5.263498 0.816681 -1.269037
v 5.964466 0.822216 -1.267356
v 6.665434 0.827752 -1.265674
v 7.366401 0.833287 -1.263993
v 0.357557 0.777544 -1.978294
v 1.058525 0.783079 -1.976612
v 1.759492 0.788615 -1.974931
v 2.460460 0.794150 -1.973249
v 3.161428 0.799686 -1.971568
v 3.862395 0.805221 -1.969886
v 4.563363 0.810757 -1.968205
v 5.264330 0.816293 -1.966523
v 5.965298 0.821828 -1.964842
v 6.666266 0.827364 -1.963160
v 7.367234 0.832899 -1.961479
v 0.358389 0.777156 -2.675779
v 1.059357 0.782691 -2.674098
v 1.760324 0.788227 -2.672416
v 2.461292 0.793762 -2.670735
v 3.162260 0.799298 -2.669053
v 3.863227 0.804833 -2.667372
v 4.564195 0.810369 -2.665690
v 5.265163 0.815904 -2.664009
v 5.966130 0.821440 -2.662327
v 6.667098 0.826976 -2.660646
v 7.368066 0.832511 -2.658964
v 0.359221 0.776767 -3.373265
v 1.060189 0.782303 -3.371584
v 1.761156 0.787838 -3.369902
v 2.462124 0.793374 -3.368221
v 3.163092 0.798910 -3.366539
v 3.864059 0.804445 -3.364858
v 4.565027 0.809981 -3.363176
v 5.265995 0.815516 -3.361495
v 5.966963 0.821052 -3.359813
v 6.667930 0.826587 -3.358132
v 7.368898 0.832123 -3.356450
v 0.360053 0.776379 -4.070751
v 1.061021 0.781915 -4.069070
v 1.761989 0.787450 -4.067388
v 2.462956 0.792986 -4.065707
v 3.163924 0.798521 -4.064025
v 3.864892 0.804057 -4.062344
v 4.565859 0.809593 -4.060662
v 5.266827 0.815128 -4.058981
v 5.967795 0.820664 -4.057299
v 6.668762 0.826199 -4.055618
v 7.369730 0.831735 -4.053936
v 0.360885 0.775991 -4.768237
v 1.061853 0.781527 -4.766555
v 1.762821 0.787062 -4.764874
v 2.463788 0.792598 -4.763192
v 3.164756 0.798133 -4.761511
v 3.865724 0.803669 -4.759829
v 4.566692 0.809204 -4.758148
v 5.267659 0.814740 -4.756466
v 5.968627 0.820275 -4.754785
v 6.669595 0.825811 -4.753103
v 7.370562 0.831347 -4.751422
vt 0.999531 1.000469
vt 0.899531 1.000375
vt 0.799531 1.000281
vt 0.699531 1.000187
vt 0.599531 1.000094
vt 0.499531 1.000000
vt 0.399531 0.999906
vt 0.299531 0.999812
vt 0.199531 0.999719
vt 0.099531 0.999625
vt -0.000469 0.999531
vt 0.999625 0.900469
vt 0.899625 0.900375
vt 0.799625 0.900281
vt 0.699625 0.900187
vt 0.599625 0.900094
vt 0.499625 0.900000
vt 0.399625 0.899906
vt 0.299625 0.899812
vt 0.199625 0.899719
vt 0.099625 0.899625
vt -0.000375 0.899531
vt 0.999719 0.800469
vt 0.899719 0.800375
vt 0.799719 0.800281
vt 0.699719 0.800187
vt 0.599719 0.800094
vt 0.499719 0.800000
vt 0.399719 0.799906
vt 0.299719 0.799812
vt 0.199719 0.799719
vt 0.099719 0.799625
vt -0.000281 0.799531
vt 0.999812 0.700469
vt 0.899812 0.700375
vt 0.799812 0.700281
vt 0.699812 0.700187
vt 0.599812 0.700094
vt 0.499812 0.700000
vt 0.399812 0.699906
vt 0.299813 0.699812
vt 0.199813 0.699719
vt 0.099813 0.699625
vt -0.000187 0.699531
vt 0.999906 0.600469
vt 0.899906 0.600375
vt 0.799906 0.600281
vt 0.699906 0.600187
vt 0.599906 0.600094
vt 0.499906 0.600000
vt 0.399906 0.599906
vt 0.299906 0.599812
vt 0.199906 0.599719
vt 0.099906 0.599625
vt -0.000094 0.599531
vt 1.000000 0.500469
vt 0.900000 0.500375
vt 0.800000 0.500281
vt 0.700000 0.500188
vt 0.600000 0.500094
vt 0.500000 0.500000
vt 0.400000 0.499906
vt 0.300000 0.499812
vt 0.200000 0.499719
vt 0.100000 0.499625
vt 0.000000 0.499531
vt 1.000094 0.400469
vt 0.900094 0.400375
vt 0.800094 0.400281
vt 0.700094 0.400188
vt 0.600094 0.400094
vt 0.500094 0.400000
vt 0.400094 0.399906
vt 0.300094 0.399812
vt 0.200094 0.399719
vt 0.100094 0.399625
vt 0.000094 0.399531
vt 1.000187 0.300469
vt 0.900187 0.300375
vt 0.800187 0.300281
vt 0.700187 0.300188
vt 0.600187 0.300094
vt 0.500188 0.300000
vt 0.400188 0.299906
vt 0.300188 0.299813
vt 0.200188 0.299719
vt 0.100188 0.299625
vt 0.000188 0.299531
vt 1.000281 0.200469
vt 0.900281 0.200375
vt 0.800281 0.200281
vt 0.700281 0.200188
vt 0.600281 0.200094
vt 0.500281 0.200000
vt 0.400281 0.199906
vt 0.300281 0.199813
vt 0.200281 0.199719
vt 0.100281 0.199625
vt 0.000281 0.199531
vt 1.000375 0.100469
vt 0.900375 0.100375
vt 0.800375 0.100281
vt 0.700375 0.100188
vt 0.600375 0.100094
vt 0.500375 0.100000
vt 0.400375 0.099906
vt 0.300375 0.099813
vt 0.200375 0.099719
vt 0.100375 0.099625
vt 0.000375 0.099531
vt 1.000469 0.000469
vt 0.900469 0.000375
vt 0.800469 0.000281
vt 0.700469 0.000188
vt 0.600469 0.000094
vt 0.500469 0.000000
vt 0.400469 -0.000094
vt 0.300469 -0.000187
vt 0.200469 -0.000281
vt 0.100469 -0.000375
vt 0.000469 -0.000469
vn -0.007895 0.999969 -0.000566
vn -0.007895 0.999969 -0.000566
vn -0.007895 0.999969 -0.000566
vn -0.007895 0.999969 -0.000566
vn -0.007895 0.999969 -0.000566
vn -0.007895 0.999969 -0.000566
vn -0.007895 0.999969 -0.000566
vn -0.007895 0.999969 -0.000566
vn -0.007895 0.999969 -0.000566
vn -0.007895 0.999969 -0.000566
vn -0.007895 0.999969 -0.000566
vn -0.007895 0.999969 -0.000566
vn -0.007895 0.999969 -0.000566
vn -0.007895 0.999969 -0.000566
vn -0.007895 0.999969 -0.000566
vn -0.007895 0.999969 -0.000566
vn -0.007895 0.999969 -0.000566
vn -0.007895 0.999969 -0.000566
vn -0.007895 0.999969 -0.000566
vn -0.007895 0.999969 -0.000566
vn -0.007895 0.999969 -0.000566
vn -0.007895 0.999969 -0.000566
vn -0.007895 0.999969 -0.000566
vn -0.007895 0.999969 -0.000566
vn -0.007895 0.999969 -0.000566
vn -0.007895 0.999969 -0.000566
vn -0.007895 0.999969 -0.000566
vn -0.007895 0.999969 -0.000566
vn -0.007895 0.999969 -0.000566
vn -0.007895 0.999969 -0.000566
vn -0.007895 0.999969 -0.000566
vn -0.007895 0.999969 -0.000566
vn -0.007895 0.999969 -0.000566
vn -0.007895 0.999969 -0.000566
vn -0.007895 0.999969 -0.000566
vn -0.007895 0.999969 -0.000566
vn -0.007895 0.999969 -0.000566
vn -0.007895 0.999969 -0.000566
vn -0.007895 0.999969 -0.000566
vn -0.007895 0.999969 -0.000566
vn -0.007895 0.999969 -0.000566
vn -0.007895 0.999969 -0.000566
vn -0.007895 0.999969 -0.000566
vn -0.007895 0.999969 -0.000566
vn -0.007895 0.999969 -0.000566
vn -0.007895 0.999969 -0.000566
vn -0.007895 0.999969 -0.000566
vn -0.007895 0.999969 -0.000566
vn -0.007895 0.999969 -0.000566
vn -0.007895 0.999969 -0.000566
vn -0.007895 0.999969 -0.000566
vn -0.007895 0.999969 -0.000566
vn -0.007895 0.999969 -0.000566
vn -0.007895 0.999969 -0.000566
vn -0.007895 0.999969 -0.000566
vn -0.007895 0.999969 -0.000566
vn -0.007895 0.999969 -0.000566
vn -0.007895 0.999969 -0.000566
vn -0.007895 0.999969 -0.000566
vn -0.007895 0.999969 -0.000566
vn -0.007895 0.999969 -0.000566
vn -0.007895 0.999969 -0.000566
vn -0.007895 0.999969 -0.000566
vn -0.007895 0.999969 -0.000566
vn -0.007895 0.999969 -0.000566
vn -0.007895 0.999969 -0.000566
vn -0.007895 0.999969 -0.000566
vn -0.007895 0.999969 -0.000566
vn -0.007895 0.999969 -0.000566
vn -0.007895 0.999969 -0.000566
vn -0.007895 0.999969 -0.000566
vn -0.007895 0.999969 -0.000566
vn -0.007895 0.999969 -0.000566
vn -0.007895 0.999969 -0.000566
vn -0.007895 0.999969 -0.000566
vn -0.007895 0.999969 -0.000566
vn -0.007895 0.999969 -0.000566
vn -0.007895 0.999969 -0.000566
vn -0.007895 0.999969 -0.000566
vn -0.007895 0.999969 -0.000566
vn -0.007895 0.999969 -0.000566
vn -0.007895 0.999969 -0.000566
vn -0.007895 0.999969 -0.000566
vn -0.007895 0.999969 -0.000566
vn -0.007895 0.999969 -0.000566
vn -0.007895 0.999969 -0.000566
vn -0.007895 0.999969 -0.000566
vn -0.007895 0.999969 -0.000566
vn -0.007895 0.999969 -0.000566
vn -0.007895 0.999969 -0.000566
vn -0.007895 0.999969 -0.000566
vn -0.007895 0.999969 -0.000566
vn -0.007895 0.999969 -0.000566
vn -0.007895 0.999969 -0.000566
vn -0.007895 0.999969 -0.000566
vn -0.007895 0.999969 -0.000566
vn -0.007895 0.999969 -0.000566
vn -0.007895 0.999969 -0.000566
vn -0.007895 0.999969 -0.000566
vn -0.007895 0.999969 -0.000566
vn -0.007895 0.999969 -0.000566
vn -0.007895 0.999969 -0.000566
vn -0.007895 0.999969 -0.000566
vn -0.007895 0.999969 -0.000566
vn -0.007895 0.999969 -0.000566
vn -0.007895 0.999969 -0.000566
vn -0.007895 0.999969 -0.000566
vn -0.007895 0.999969 -0.000566
vn -0.007895 0.999969 -0.000566
vn -0.007895 0.999969 -0.000566
vn -0.007895 0.999969 -0.000566
vn -0.007895 0.999969 -0.000566
vn -0.007895 0.999969 -0.000566
vn -0.007895 0.999969 -0.000566
vn -0.007895 0.999969 -0.000566
vn -0.007895 0.999969 -0.000566
vn -0.007895 0.999969 -0.000566
vn -0.007895 0.999969 -0.000566
vn -0.007895 0.999969 -0.000566
vn -0.007895 0.999969 -0.000566
vn -0.007895 0.999969 -0.000566
s 1
g group2 locator1 pPlane1 pCube1 Book_L pPlane8
f 5591/5852/6366 5592/5853/6367 5603/5864/6368 5602/5863/6369
f 5592/5853/6367 5593/5854/6370 5604/5865/6371 5603/5864/6368
f 5593/5854/6370 5594/5855/6372 5605/5866/6373 5604/5865/6371
f 5594/5855/6372 5595/5856/6374 5606/5867/6375 5605/5866/6373
f 5595/5856/6374 5596/5857/6376 5607/5868/6377 5606/5867/6375
f 5596/5857/6376 5597/5858/6378 5608/5869/6379 5607/5868/6377
f 5597/5858/6378 5598/5859/6380 5609/5870/6381 5608/5869/6379
f 5598/5859/6380 5599/5860/6382 5610/5871/6383 5609/5870/6381
f 5599/5860/6382 5600/5861/6384 5611/5872/6385 5610/5871/6383
f 5600/5861/6384 5601/5862/6386 5612/5873/6387 5611/5872/6385
f 5602/5863/6369 5603/5864/6368 5614/5875/6388 5613/5874/6389
f 5603/5864/6368 5604/5865/6371 5615/5876/6390 5614/5875/6388
f 5604/5865/6371 5605/5866/6373 5616/5877/6391 5615/5876/6390
f 5605/5866/6373 5606/5867/6375 5617/5878/6392 5616/5877/6391
f 5606/5867/6375 5607/5868/6377 5618/5879/6393 5617/5878/6392
f 5607/5868/6377 5608/5869/6379 5619/5880/6394 5618/5879/6393
f 5608/5869/6379 5609/5870/6381 5620/5881/6395 5619/5880/6394
f 5609/5870/6381 5610/5871/6383 5621/5882/6396 5620/5881/6395
f 5610/5871/6383 5611/5872/6385 5622/5883/6397 5621/5882/6396
f 5611/5872/6385 5612/5873/6387 5623/5884/6398 5622/5883/6397
f 5613/5874/6389 5614/5875/6388 5625/5886/6399 5624/5885/6400
f 5614/5875/6388 5615/5876/6390 5626/5887/6401 5625/5886/6399
f 5615/5876/6390 5616/5877/6391 5627/5888/6402 5626/5887/6401
f 5616/5877/6391 5617/5878/6392 5628/5889/6403 5627/5888/6402
f 5617/5878/6392 5618/5879/6393 5629/5890/6404 5628/5889/6403
f 5618/5879/6393 5619/5880/6394 5630/5891/6405 5629/5890/6404
f 5619/5880/6394 5620/5881/6395 5631/5892/6406 5630/5891/6405
f 5620/5881/6395 5621/5882/6396 5632/5893/6407 5631/5892/6406
f 5621/5882/6396 5622/5883/6397 5633/5894/6408 5632/5893/6407
f 5622/5883/6397 5623/5884/6398 5634/5895/6409 5633/5894/6408
f 5624/5885/6400 5625/5886/6399 5636/5897/6410 5635/5896/6411
f 5625/5886/6399 5626/5887/6401 5637/5898/6412 5636/5897/6410
f 5626/5887/6401 5627/5888/6402 5638/5899/6413 5637/5898/6412
f 5627/5888/6402 5628/5889/6403 5639/5900/6414 5638/5899/6413
f 5628/5889/6403 5629/5890/6404 5640/5901/6415 5639/5900/6414
f 5629/5890/6404 5630/5891/6405 5641/5902/6416 5640/5901/6415
f 5630/5891/6405 5631/5892/6406 5642/5903/6417 5641/5902/6416
f 5631/5892/6406 5632/5893/6407 5643/5904/6418 5642/5903/6417
f 5632/5893/6407 5633/5894/6408 5644/5905/6419 5643/5904/6418
f 5633/5894/6408 5634/5895/6409 5645/5906/6420 5644/5905/6419
f 5635/5896/6411 5636/5897/6410 5647/5908/6421 5646/5907/6422
f 5636/5897/6410 5637/5898/6412 5648/5909/6423 5647/5908/6421
f 5637/5898/6412 5638/5899/6413 5649/5910/6424 5648/5909/6423
f 5638/5899/6413 5639/5900/6414 5650/5911/6425 5649/5910/6424
f 5639/5900/6414 5640/5901/6415 5651/5912/6426 5650/5911/6425
f 5640/5901/6415 5641/5902/6416 5652/5913/6427 5651/5912/6426
f 5641/5902/6416 5642/5903/6417 5653/5914/6428 5652/5913/6427
f 5642/5903/6417 5643/5904/6418 5654/5915/6429 5653/5914/6428
f 5643/5904/6418 5644/5905/6419 5655/5916/6430 5654/5915/6429
f 5644/5905/6419 5645/5906/6420 5656/5917/6431 5655/5916/6430
f 5646/5907/6422 5647/5908/6421 5658/5919/6432 5657/5918/6433
f 5647/5908/6421 5648/5909/6423 5659/5920/6434 5658/5919/6432
f 5648/5909/6423 5649/5910/6424 5660/5921/6435 5659/5920/6434
f 5649/5910/6424 5650/5911/6425 5661/5922/6436 5660/5921/6435
f 5650/5911/6425 5651/5912/6426 5662/5923/6437 5661/5922/6436
f 5651/5912/6426 5652/5913/6427 5663/5924/6438 5662/5923/6437
f 5652/5913/6427 5653/5914/6428 5664/5925/6439 5663/5924/6438
f 5653/5914/6428 5654/5915/6429 5665/5926/6440 5664/5925/6439
f 5654/5915/6429 5655/5916/6430 5666/5927/6441 5665/5926/6440
f 5655/5916/6430 5656/5917/6431 5667/5928/6442 5666/5927/6441
f 5657/5918/6433 5658/5919/6432 5669/5930/6443 5668/5929/6444
f 5658/5919/6432 5659/5920/6434 5670/5931/6445 5669/5930/6443
f 5659/5920/6434 5660/5921/6435 5671/5932/6446 5670/5931/6445
f 5660/5921/6435 5661/5922/6436 5672/5933/6447 5671/5932/6446
f 5661/5922/6436 5662/5923/6437 5673/5934/6448 5672/5933/6447
f 5662/5923/6437 5663/5924/6438 5674/5935/6449 5673/5934/6448
f 5663/5924/6438 5664/5925/6439 5675/5936/6450 5674/5935/6449
f 5664/5925/6439 5665/5926/6440 5676/5937/6451 5675/5936/6450
f 5665/5926/6440 5666/5927/6441 5677/5938/6452 5676/5937/6451
f 5666/5927/6441 5667/5928/6442 5678/5939/6453 5677/5938/6452
f 5668/5929/6444 5669/5930/6443 5680/5941/6454 5679/5940/6455
f 5669/5930/6443 5670/5931/6445 5681/5942/6456 5680/5941/6454
f 5670/5931/6445 5671/5932/6446 5682/5943/6457 5681/5942/6456
f 5671/5932/6446 5672/5933/6447 5683/5944/6458 5682/5943/6457
f 5672/5933/6447 5673/5934/6448 5684/5945/6459 5683/5944/6458
f 5673/5934/6448 5674/5935/6449 5685/5946/6460 5684/5945/6459
f 5674/5935/6449 5675/5936/6450 5686/5947/6461 5685/5946/6460
f 5675/5936/6450 5676/5937/6451 5687/5948/6462 5686/5947/6461
f 5676/5937/6451 5677/5938/6452 5688/5949/6463 5687/5948/6462
f 5677/5938/6452 5678/5939/6453 5689/5950/6464 5688/5949/6463
f 5679/5940/6455 5680/5941/6454 5691/5952/6465 5690/5951/6466
f 5680/5941/6454 5681/5942/6456 5692/5953/6467 5691/5952/6465
f 5681/5942/6456 5682/5943/6457 5693/5954/6468 5692/5953/6467
f 5682/5943/6457 5683/5944/6458 5694/5955/6469 5693/5954/6468
f 5683/5944/6458 5684/5945/6459 5695/5956/6470 5694/5955/6469
f 5684/5945/6459 5685/5946/6460 5696/5957/6471 5695/5956/6470
f 5685/5946/6460 5686/5947/6461 5697/5958/6472 5696/5957/6471
f 5686/5947/6461 5687/5948/6462 5698/5959/6473 5697/5958/6472
f 5687/5948/6462 5688/5949/6463 5699/5960/6474 5698/5959/6473
f 5688/5949/6463 5689/5950/6464 5700/5961/6475 5699/5960/6474
f 5690/5951/6466 5691/5952/6465 5702/5963/6476 5701/5962/6477
f 5691/5952/6465 5692/5953/6467 5703/5964/6478 5702/5963/6476
f 5692/5953/6467 5693/5954/6468 5704/5965/6479 5703/5964/6478
f 5693/5954/6468 5694/5955/6469 5705/5966/6480 5704/5965/6479
f 5694/5955/6469 5695/5956/6470 5706/5967/6481 5705/5966/6480
f 5695/5956/6470 5696/5957/6471 5707/5968/6482 5706/5967/6481
f 5696/5957/6471 5697/5958/6472 5708/5969/6483 5707/5968/6482
f 5697/5958/6472 5698/5959/6473 5709/5970/6484 5708/5969/6483
f 5698/5959/6473 5699/5960/6474 5710/5971/6485 5709/5970/6484
f 5699/5960/6474 5700/5961/6475 5711/5972/6486 5710/5971/6485
g default
v 1.119702 0.863218 3.860091
v 1.666739 0.867538 3.861404
v 2.213776 0.871858 3.862716
v 2.760813 0.876178 3.864028
v 3.307850 0.880498 3.865340
v 3.854886 0.884818 3.866653
v 4.401923 0.889138 3.867965
v 4.948960 0.893458 3.869277
v 5.495997 0.897778 3.870589
v 6.043034 0.902098 3.871902
v 6.590070 0.906418 3.873214
v 1.120352 0.862915 3.315772
v 1.667389 0.867235 3.317084
v 2.214425 0.871555 3.318396
v 2.761462 0.875875 3.319709
v 3.308499 0.880195 3.321021
v 3.855536 0.884515 3.322333
v 4.402573 0.888835 3.323645
v 4.949609 0.893155 3.324958
v 5.496646 0.897475 3.326270
v 6.043683 0.901795 3.327582
v 6.590720 0.906115 3.328894
v 1.121001 0.862612 2.771452
v 1.668038 0.866932 2.772765
v 2.215075 0.871252 2.774077
v 2.762112 0.875572 2.775389
v 3.309148 0.879892 2.776701
v 3.856185 0.884212 2.778013
v 4.403222 0.888532 2.779326
v 4.950259 0.892852 2.780638
v 5.497296 0.897172 2.781950
v 6.044333 0.901492 2.783262
v 6.591369 0.905812 2.784575
v 1.121651 0.862309 2.227133
v 1.668687 0.866629 2.228445
v 2.215724 0.870949 2.229757
v 2.762761 0.875269 2.231069
v 3.309798 0.879589 2.232382
v 3.856835 0.883909 2.233694
v 4.403872 0.888229 2.235006
v 4.950908 0.892549 2.236318
v 5.497945 0.896869 2.237631
v 6.044982 0.901189 2.238943
v 6.592019 0.905509 2.240255
v 1.122300 0.862006 1.682813
v 1.669337 0.866326 1.684125
v 2.216374 0.870646 1.685438
v 2.763410 0.874966 1.686750
v 3.310447 0.879286 1.688062
v 3.857484 0.883606 1.689374
v 4.404521 0.887926 1.690687
v 4.951557 0.892246 1.691999
v 5.498594 0.896566 1.693311
v 6.045631 0.900886 1.694623
v 6.592668 0.905206 1.695935
v 1.122949 0.861703 1.138494
v 1.669986 0.866023 1.139806
v 2.217023 0.870343 1.141118
v 2.764060 0.874663 1.142430
v 3.311097 0.878983 1.143742
v 3.858133 0.883303 1.145055
v 4.405170 0.887623 1.146367
v 4.952207 0.891943 1.147679
v 5.499244 0.896263 1.148991
v 6.046281 0.900583 1.150304
v 6.593317 0.904903 1.151616
v 1.123599 0.861401 0.594174
v 1.670636 0.865720 0.595486
v 2.217672 0.870040 0.596798
v 2.764709 0.874360 0.598111
v 3.311746 0.878680 0.599423
v 3.858783 0.883000 0.600735
v 4.405820 0.887320 0.602047
v 4.952856 0.891640 0.603360
v 5.499893 0.895960 0.604672
v 6.046930 0.900280 0.605984
v 6.593967 0.904600 0.607296
v 1.124248 0.861098 0.049854
v 1.671285 0.865418 0.051167
v 2.218322 0.869737 0.052479
v 2.765359 0.874057 0.053791
v 3.312395 0.878377 0.055103
v 3.859432 0.882697 0.056416
v 4.406469 0.887017 0.057728
v 4.953506 0.891337 0.059040
v 5.500543 0.895657 0.060352
v 6.047579 0.899977 0.061665
v 6.594616 0.904297 0.062977
v 1.124898 0.860795 -0.494465
v 1.671934 0.865115 -0.493153
v 2.218971 0.869435 -0.491841
v 2.766008 0.873755 -0.490529
v 3.313045 0.878074 -0.489216
v 3.860082 0.882394 -0.487904
v 4.407118 0.886714 -0.486592
v 4.954155 0.891034 -0.485280
v 5.501192 0.895354 -0.483967
v 6.048229 0.899674 -0.482655
v 6.595265 0.903994 -0.481343
v 1.125547 0.860492 -1.038785
v 1.672584 0.864812 -1.037473
v 2.219620 0.869132 -1.036160
v 2.766657 0.873452 -1.034848
v 3.313694 0.877772 -1.033536
v 3.860731 0.882092 -1.032224
v 4.407768 0.886411 -1.030911
v 4.954804 0.890731 -1.029599
v 5.501841 0.895051 -1.028287
v 6.048878 0.899371 -1.026975
v 6.595915 0.903691 -1.025663
v 1.126196 0.860189 -1.583104
v 1.673233 0.864509 -1.581792
v 2.220270 0.868829 -1.580480
v 2.767307 0.873149 -1.579168
v 3.314344 0.877469 -1.577855
v 3.861380 0.881789 -1.576543
v 4.408417 0.886109 -1.575231
v 4.955454 0.890429 -1.573919
v 5.502491 0.894748 -1.572606
v 6.049528 0.899068 -1.571294
v 6.596564 0.903388 -1.569982
vt 1.002236 0.997754
vt 0.902237 0.998202
vt 0.802238 0.998651
vt 0.702239 0.999099
vt 0.602240 0.999547
vt 0.502241 0.999995
vt 0.402242 1.000443
vt 0.302243 1.000891
vt 0.202244 1.001339
vt 0.102245 1.001788
vt 0.002246 1.002236
vt 1.001788 0.897755
vt 0.901789 0.898203
vt 0.801790 0.898652
vt 0.701791 0.899100
vt 0.601792 0.899548
vt 0.501793 0.899996
vt 0.401794 0.900444
vt 0.301795 0.900892
vt 0.201796 0.901341
vt 0.101797 0.901789
vt 0.001798 0.902237
vt 1.001339 0.797756
vt 0.901340 0.798204
vt 0.801341 0.798652
vt 0.701342 0.799101
vt 0.601343 0.799549
vt 0.501345 0.799997
vt 0.401345 0.800445
vt 0.301346 0.800893
vt 0.201348 0.801341
vt 0.101348 0.801790
vt 0.001349 0.802238
vt 1.000891 0.697757
vt 0.900892 0.698205
vt 0.800893 0.698653
vt 0.700894 0.699102
vt 0.600895 0.699550
vt 0.500896 0.699998
vt 0.400897 0.700446
vt 0.300898 0.700894
vt 0.200899 0.701343
vt 0.100900 0.701791
vt 0.000901 0.702239
vt 1.000443 0.597758
vt 0.900444 0.598206
vt 0.800445 0.598655
vt 0.700446 0.599103
vt 0.600447 0.599551
vt 0.500448 0.599999
vt 0.400449 0.600447
vt 0.300450 0.600895
vt 0.200451 0.601343
vt 0.100452 0.601792
vt 0.000453 0.602240
vt 0.999995 0.497759
vt 0.899996 0.498207
vt 0.799997 0.498655
vt 0.699998 0.499104
vt 0.599999 0.499552
vt 0.500000 0.500000
vt 0.400001 0.500448
vt 0.300002 0.500896
vt 0.200003 0.501344
vt 0.100004 0.501792
vt 0.000005 0.502241
vt 0.999547 0.397760
vt 0.899548 0.398208
vt 0.799549 0.398656
vt 0.699550 0.399105
vt 0.599551 0.399553
vt 0.499552 0.400001
vt 0.399553 0.400449
vt 0.299554 0.400897
vt 0.199555 0.401345
vt 0.099556 0.401794
vt -0.000443 0.402242
vt 0.999099 0.297761
vt 0.899100 0.298209
vt 0.799101 0.298658
vt 0.699102 0.299106
vt 0.599103 0.299554
vt 0.499104 0.300002
vt 0.399105 0.300450
vt 0.299106 0.300898
vt 0.199107 0.301346
vt 0.099108 0.301795
vt -0.000891 0.302243
vt 0.998651 0.197762
vt 0.898652 0.198210
vt 0.798652 0.198659
vt 0.698653 0.199107
vt 0.598655 0.199555
vt 0.498656 0.200003
vt 0.398656 0.200451
vt 0.298657 0.200899
vt 0.198658 0.201348
vt 0.098659 0.201796
vt -0.001339 0.202244
vt 0.998202 0.097763
vt 0.898203 0.098211
vt 0.798204 0.098659
vt 0.698205 0.099108
vt 0.598206 0.099556
vt 0.498207 0.100004
vt 0.398208 0.100452
vt 0.298209 0.100900
vt 0.198210 0.101348
vt 0.098211 0.101797
vt -0.001788 0.102245
vt 0.997754 -0.002236
vt 0.897755 -0.001788
vt 0.797756 -0.001339
vt 0.697757 -0.000891
vt 0.597758 -0.000443
vt 0.497759 0.000005
vt 0.397760 0.000453
vt 0.297761 0.000901
vt 0.197762 0.001349
vt 0.097763 0.001798
vt -0.002236 0.002246
vn -0.007895 0.999969 -0.000566
vn -0.007895 0.999969 -0.000566
vn -0.007895 0.999969 -0.000566
vn -0.007895 0.999969 -0.000566
vn -0.007895 0.999969 -0.000566
vn -0.007895 0.999969 -0.000566
vn -0.007895 0.999969 -0.000566
vn -0.007895 0.999969 -0.000566
vn -0.007895 0.999969 -0.000566
vn -0.007895 0.999969 -0.000566
vn -0.007895 0.999969 -0.000566
vn -0.007895 0.999969 -0.000566
vn -0.007895 0.999969 -0.000566
vn -0.007895 0.999969 -0.000566
vn -0.007895 0.999969 -0.000566
vn -0.007895 0.999969 -0.000566
vn -0.007895 0.999969 -0.000566
vn -0.007895 0.999969 -0.000566
vn -0.007895 0.999969 -0.000566
vn -0.007895 0.999969 -0.000566
vn -0.007895 0.999969 -0.000566
vn -0.007895 0.999969 -0.000566
vn -0.007895 0.999969 -0.000566
vn -0.007895 0.999969 -0.000566
vn -0.007895 0.999969 -0.000566
vn -0.007895 0.999969 -0.000566
vn -0.007895 0.999969 -0.000566
vn -0.007895 0.999969 -0.000566
vn -0.007895 0.999969 -0.000566
vn -0.007895 0.999969 -0.000566
vn -0.007895 0.999969 -0.000566
vn -0.007895 0.999969 -0.000566
vn -0.007895 0.999969 -0.000566
vn -0.007895 0.999969 -0.000566
vn -0.007895 0.999969 -0.000566
vn -0.007895 0.999969 -0.000566
vn -0.007895 0.999969 -0.000566
vn -0.007895 0.999969 -0.000566
vn -0.007895 0.999969 -0.000566
vn -0.007895 0.999969 -0.000566
vn -0.007895 0.999969 -0.000566
vn -0.007895 0.999969 -0.000566
vn -0.007895 0.999969 -0.000566
vn -0.007895 0.999969 -0.000566
vn -0.007895 0.999969 -0.000566
vn -0.007895 0.999969 -0.000566
vn -0.007895 0.999969 -0.000566
vn -0.007895 0.999969 -0.000566
vn -0.007895 0.999969 -0.000566
vn -0.007895 0.999969 -0.000566
vn -0.007895 0.999969 -0.000566
vn -0.007895 0.999969 -0.000566
vn -0.007895 0.999969 -0.000566
vn -0.007895 0.999969 -0.000566
vn -0.007895 0.999969 -0.000566
vn -0.007895 0.999969 -0.000566
vn -0.007895 0.999969 -0.000566
vn -0.007895 0.999969 -0.000566
vn -0.007895 0.999969 -0.000566
vn -0.007895 0.999969 -0.000566
vn -0.007895 0.999969 -0.000566
vn -0.007895 0.999969 -0.000566
vn -0.007895 0.999969 -0.000566
vn -0.007895 0.999969 -0.000566
vn -0.007895 0.999969 -0.000566
vn -0.007895 0.999969 -0.000566
vn -0.007895 0.999969 -0.000566
vn -0.007895 0.999969 -0.000566
vn -0.007895 0.999969 -0.000566
vn -0.007895 0.999969 -0.000566
vn -0.007895 0.999969 -0.000566
vn -0.007895 0.999969 -0.000566
vn -0.007895 0.999969 -0.000566
vn -0.007895 0.999969 -0.000566
vn -0.007895 0.999969 -0.000566
vn -0.007895 0.999969 -0.000566
vn -0.007895 0.999969 -0.000566
vn -0.007895 0.999969 -0.000566
vn -0.007895 0.999969 -0.000566
vn -0.007895 0.999969 -0.000566
vn -0.007895 0.999969 -0.000566
vn -0.007895 0.999969 -0.000566
vn -0.007895 0.999969 -0.000566
vn -0.007895 0.999969 -0.000566
vn -0.007895 0.999969 -0.000566
vn -0.007895 0.999969 -0.000566
vn -0.007895 0.999969 -0.000566
vn -0.007895 0.999969 -0.000566
vn -0.007895 0.999969 -0.000566
vn -0.007895 0.999969 -0.000566
vn -0.007895 0.999969 -0.000566
vn -0.007895 0.999969 -0.000566
vn -0.007895 0.999969 -0.000566
vn -0.007895 0.999969 -0.000566
vn -0.007895 0.999969 -0.000566
vn -0.007895 0.999969 -0.000566
vn -0.007895 0.999969 -0.000566
vn -0.007895 0.999969 -0.000566
vn -0.007895 0.999969 -0.000566
vn -0.007895 0.999969 -0.000566
vn -0.007895 0.999969 -0.000566
vn -0.007895 0.999969 -0.000566
vn -0.007895 0.999969 -0.000566
vn -0.007895 0.999969 -0.000566
vn -0.007895 0.999969 -0.000566
vn -0.007895 0.999969 -0.000566
vn -0.007895 0.999969 -0.000566
vn -0.007895 0.999969 -0.000566
vn -0.007895 0.999969 -0.000566
vn -0.007895 0.999969 -0.000566
vn -0.007895 0.999969 -0.000566
vn -0.007895 0.999969 -0.000566
vn -0.007895 0.999969 -0.000566
vn -0.007895 0.999969 -0.000566
vn -0.007895 0.999969 -0.000566
vn -0.007895 0.999969 -0.000566
vn -0.007895 0.999969 -0.000566
vn -0.007895 0.999969 -0.000566
vn -0.007895 0.999969 -0.000566
vn -0.007895 0.999969 -0.000566
vn -0.007895 0.999969 -0.000566
s 1
g group2 locator1 pPlane1 pCube1 Book_L pPlane9
f 5712/5973/6487 5713/5974/6488 5724/5985/6489 5723/5984/6490
f 5713/5974/6488 5714/5975/6491 5725/5986/6492 5724/5985/6489
f 5714/5975/6491 5715/5976/6493 5726/5987/6494 5725/5986/6492
f 5715/5976/6493 5716/5977/6495 5727/5988/6496 5726/5987/6494
f 5716/5977/6495 5717/5978/6497 5728/5989/6498 5727/5988/6496
f 5717/5978/6497 5718/5979/6499 5729/5990/6500 5728/5989/6498
f 5718/5979/6499 5719/5980/6501 5730/5991/6502 5729/5990/6500
f 5719/5980/6501 5720/5981/6503 5731/5992/6504 5730/5991/6502
f 5720/5981/6503 5721/5982/6505 5732/5993/6506 5731/5992/6504
f 5721/5982/6505 5722/5983/6507 5733/5994/6508 5732/5993/6506
f 5723/5984/6490 5724/5985/6489 5735/5996/6509 5734/5995/6510
f 5724/5985/6489 5725/5986/6492 5736/5997/6511 5735/5996/6509
f 5725/5986/6492 5726/5987/6494 5737/5998/6512 5736/5997/6511
f 5726/5987/6494 5727/5988/6496 5738/5999/6513 5737/5998/6512
f 5727/5988/6496 5728/5989/6498 5739/6000/6514 5738/5999/6513
f 5728/5989/6498 5729/5990/6500 5740/6001/6515 5739/6000/6514
f 5729/5990/6500 5730/5991/6502 5741/6002/6516 5740/6001/6515
f 5730/5991/6502 5731/5992/6504 5742/6003/6517 5741/6002/6516
f 5731/5992/6504 5732/5993/6506 5743/6004/6518 5742/6003/6517
f 5732/5993/6506 5733/5994/6508 5744/6005/6519 5743/6004/6518
f 5734/5995/6510 5735/5996/6509 5746/6007/6520 5745/6006/6521
f 5735/5996/6509 5736/5997/6511 5747/6008/6522 5746/6007/6520
f 5736/5997/6511 5737/5998/6512 5748/6009/6523 5747/6008/6522
f 5737/5998/6512 5738/5999/6513 5749/6010/6524 5748/6009/6523
f 5738/5999/6513 5739/6000/6514 5750/6011/6525 5749/6010/6524
f 5739/6000/6514 5740/6001/6515 5751/6012/6526 5750/6011/6525
f 5740/6001/6515 5741/6002/6516 5752/6013/6527 5751/6012/6526
f 5741/6002/6516 5742/6003/6517 5753/6014/6528 5752/6013/6527
f 5742/6003/6517 5743/6004/6518 5754/6015/6529 5753/6014/6528
f 5743/6004/6518 5744/6005/6519 5755/6016/6530 5754/6015/6529
f 5745/6006/6521 5746/6007/6520 5757/6018/6531 5756/6017/6532
f 5746/6007/6520 5747/6008/6522 5758/6019/6533 5757/6018/6531
f 5747/6008/6522 5748/6009/6523 5759/6020/6534 5758/6019/6533
f 5748/6009/6523 5749/6010/6524 5760/6021/6535 5759/6020/6534
f 5749/6010/6524 5750/6011/6525 5761/6022/6536 5760/6021/6535
f 5750/6011/6525 5751/6012/6526 5762/6023/6537 5761/6022/6536
f 5751/6012/6526 5752/6013/6527 5763/6024/6538 5762/6023/6537
f 5752/6013/6527 5753/6014/6528 5764/6025/6539 5763/6024/6538
f 5753/6014/6528 5754/6015/6529 5765/6026/6540 5764/6025/6539
f 5754/6015/6529 5755/6016/6530 5766/6027/6541 5765/6026/6540
f 5756/6017/6532 5757/6018/6531 5768/6029/6542 5767/6028/6543
f 5757/6018/6531 5758/6019/6533 5769/6030/6544 5768/6029/6542
f 5758/6019/6533 5759/6020/6534 5770/6031/6545 5769/6030/6544
f 5759/6020/6534 5760/6021/6535 5771/6032/6546 5770/6031/6545
f 5760/6021/6535 5761/6022/6536 5772/6033/6547 5771/6032/6546
f 5761/6022/6536 5762/6023/6537 5773/6034/6548 5772/6033/6547
f 5762/6023/6537 5763/6024/6538 5774/6035/6549 5773/6034/6548
f 5763/6024/6538 5764/6025/6539 5775/6036/6550 5774/6035/6549
f 5764/6025/6539 5765/6026/6540 5776/6037/6551 5775/6036/6550
f 5765/6026/6540 5766/6027/6541 5777/6038/6552 5776/6037/6551
f 5767/6028/6543 5768/6029/6542 5779/6040/6553 5778/6039/6554
f 5768/6029/6542 5769/6030/6544 5780/6041/6555 5779/6040/6553
f 5769/6030/6544 5770/6031/6545 5781/6042/6556 5780/6041/6555
f 5770/6031/6545 5771/6032/6546 5782/6043/6557 5781/6042/6556
f 5771/6032/6546 5772/6033/6547 5783/6044/6558 5782/6043/6557
f 5772/6033/6547 5773/6034/6548 5784/6045/6559 5783/6044/6558
f 5773/6034/6548 5774/6035/6549 5785/6046/6560 5784/6045/6559
f 5774/6035/6549 5775/6036/6550 5786/6047/6561 5785/6046/6560
f 5775/6036/6550 5776/6037/6551 5787/6048/6562 5786/6047/6561
f 5776/6037/6551 5777/6038/6552 5788/6049/6563 5787/6048/6562
f 5778/6039/6554 5779/6040/6553 5790/6051/6564 5789/6050/6565
f 5779/6040/6553 5780/6041/6555 5791/6052/6566 5790/6051/6564
f 5780/6041/6555 5781/6042/6556 5792/6053/6567 5791/6052/6566
f 5781/6042/6556 5782/6043/6557 5793/6054/6568 5792/6053/6567
f 5782/6043/6557 5783/6044/6558 5794/6055/6569 5793/6054/6568
f 5783/6044/6558 5784/6045/6559 5795/6056/6570 5794/6055/6569
f 5784/6045/6559 5785/6046/6560 5796/6057/6571 5795/6056/6570
f 5785/6046/6560 5786/6047/6561 5797/6058/6572 5796/6057/6571
f 5786/6047/6561 5787/6048/6562 5798/6059/6573 5797/6058/6572
f 5787/6048/6562 5788/6049/6563 5799/6060/6574 5798/6059/6573
f 5789/6050/6565 5790/6051/6564 5801/6062/6575 5800/6061/6576
f 5790/6051/6564 5791/6052/6566 5802/6063/6577 5801/6062/6575
f 5791/6052/6566 5792/6053/6567 5803/6064/6578 5802/6063/6577
f 5792/6053/6567 5793/6054/6568 5804/6065/6579 5803/6064/6578
f 5793/6054/6568 5794/6055/6569 5805/6066/6580 5804/6065/6579
f 5794/6055/6569 5795/6056/6570 5806/6067/6581 5805/6066/6580
f 5795/6056/6570 5796/6057/6571 5807/6068/6582 5806/6067/6581
f 5796/6057/6571 5797/6058/6572 5808/6069/6583 5807/6068/6582
f 5797/6058/6572 5798/6059/6573 5809/6070/6584 5808/6069/6583
f 5798/6059/6573 5799/6060/6574 5810/6071/6585 5809/6070/6584
f 5800/6061/6576 5801/6062/6575 5812/6073/6586 5811/6072/6587
f 5801/6062/6575 5802/6063/6577 5813/6074/6588 5812/6073/6586
f 5802/6063/6577 5803/6064/6578 5814/6075/6589 5813/6074/6588
f 5803/6064/6578 5804/6065/6579 5815/6076/6590 5814/6075/6589
f 5804/6065/6579 5805/6066/6580 5816/6077/6591 5815/6076/6590
f 5805/6066/6580 5806/6067/6581 5817/6078/6592 5816/6077/6591
f 5806/6067/6581 5807/6068/6582 5818/6079/6593 5817/6078/6592
f 5807/6068/6582 5808/6069/6583 5819/6080/6594 5818/6079/6593
f 5808/6069/6583 5809/6070/6584 5820/6081/6595 5819/6080/6594
f 5809/6070/6584 5810/6071/6585 5821/6082/6596 5820/6081/6595
f 5811/6072/6587 5812/6073/6586 5823/6084/6597 5822/6083/6598
f 5812/6073/6586 5813/6074/6588 5824/6085/6599 5823/6084/6597
f 5813/6074/6588 5814/6075/6589 5825/6086/6600 5824/6085/6599
f 5814/6075/6589 5815/6076/6590 5826/6087/6601 5825/6086/6600
f 5815/6076/6590 5816/6077/6591 5827/6088/6602 5826/6087/6601
f 5816/6077/6591 5817/6078/6592 5828/6089/6603 5827/6088/6602
f 5817/6078/6592 5818/6079/6593 5829/6090/6604 5828/6089/6603
f 5818/6079/6593 5819/6080/6594 5830/6091/6605 5829/6090/6604
f 5819/6080/6594 5820/6081/6595 5831/6092/6606 5830/6091/6605
f 5820/6081/6595 5821/6082/6596 5832/6093/6607 5831/6092/6606
g default
v 1.922374 0.940129 4.532005
v 2.327526 0.943329 4.532977
v 2.732678 0.946528 4.533949
v 3.137830 0.949728 4.534921
v 3.542982 0.952927 4.535892
v 3.948134 0.956127 4.536864
v 4.353286 0.959326 4.537836
v 4.758438 0.962526 4.538808
v 5.163590 0.965725 4.539780
v 5.568742 0.968925 4.540752
v 5.973894 0.972124 4.541724
v 1.922855 0.939905 4.128865
v 2.328007 0.943105 4.129837
v 2.733159 0.946304 4.130809
v 3.138311 0.949503 4.131781
v 3.543463 0.952703 4.132753
v 3.948615 0.955902 4.133725
v 4.353767 0.959102 4.134697
v 4.758919 0.962301 4.135669
v 5.164071 0.965501 4.136641
v 5.569223 0.968700 4.137612
v 5.974375 0.971900 4.138584
v 1.923336 0.939681 3.725726
v 2.328488 0.942880 3.726698
v 2.733640 0.946080 3.727670
v 3.138792 0.949279 3.728642
v 3.543944 0.952479 3.729614
v 3.949096 0.955678 3.730585
v 4.354248 0.958878 3.731557
v 4.759400 0.962077 3.732529
v 5.164552 0.965277 3.733501
v 5.569704 0.968476 3.734473
v 5.974856 0.971676 3.735445
v 1.923817 0.939456 3.322586
v 2.328969 0.942656 3.323558
v 2.734121 0.945855 3.324530
v 3.139273 0.949055 3.325502
v 3.544425 0.952254 3.326474
v 3.949577 0.955454 3.327446
v 4.354729 0.958653 3.328418
v 4.759881 0.961853 3.329390
v 5.165033 0.965052 3.330361
v 5.570185 0.968252 3.331333
v 5.975337 0.971451 3.332305
v 1.924298 0.939232 2.919447
v 2.329450 0.942431 2.920419
v 2.734602 0.945631 2.921391
v 3.139754 0.948830 2.922363
v 3.544906 0.952030 2.923334
v 3.950058 0.955229 2.924306
v 4.355210 0.958429 2.925278
v 4.760362 0.961628 2.926250
v 5.165514 0.964828 2.927222
v 5.570666 0.968027 2.928194
v 5.975818 0.971227 2.929166
v 1.924779 0.939008 2.516307
v 2.329931 0.942207 2.517279
v 2.735083 0.945407 2.518251
v 3.140235 0.948606 2.519223
v 3.545387 0.951806 2.520195
v 3.950539 0.955005 2.521167
v 4.355691 0.958205 2.522139
v 4.760843 0.961404 2.523111
v 5.165995 0.964604 2.524083
v 5.571147 0.967803 2.525054
v 5.976299 0.971002 2.526026
v 1.925260 0.938783 2.113168
v 2.330412 0.941983 2.114140
v 2.735564 0.945182 2.115112
v 3.140716 0.948382 2.116084
v 3.545868 0.951581 2.117055
v 3.951020 0.954781 2.118027
v 4.356172 0.957980 2.118999
v 4.761324 0.961180 2.119971
v 5.166476 0.964379 2.120943
v 5.571628 0.967579 2.121915
v 5.976779 0.970778 2.122887
v 1.925741 0.938559 1.710029
v 2.330893 0.941758 1.711000
v 2.736045 0.944958 1.711972
v 3.141197 0.948157 1.712944
v 3.546349 0.951357 1.713916
v 3.951501 0.954556 1.714888
v 4.356653 0.957756 1.715860
v 4.761805 0.960955 1.716832
v 5.166957 0.964155 1.717804
v 5.572109 0.967354 1.718775
v 5.977260 0.970554 1.719747
v 1.926222 0.938334 1.306889
v 2.331374 0.941534 1.307861
v 2.736526 0.944733 1.308833
v 3.141678 0.947933 1.309805
v 3.546830 0.951132 1.310776
v 3.951982 0.954332 1.311748
v 4.357134 0.957531 1.312720
v 4.762285 0.960731 1.313692
v 5.167438 0.963930 1.314664
v 5.572590 0.967130 1.315636
v 5.977741 0.970329 1.316608
v 1.926703 0.938110 0.903749
v 2.331855 0.941310 0.904721
v 2.737007 0.944509 0.905693
v 3.142159 0.947709 0.906665
v 3.547311 0.950908 0.907637
v 3.952463 0.954108 0.908609
v 4.357615 0.957307 0.909581
v 4.762766 0.960507 0.910553
v 5.167918 0.963706 0.911524
v 5.573071 0.966906 0.912496
v 5.978222 0.970105 0.913468
v 1.927184 0.937886 0.500610
v 2.332336 0.941085 0.501582
v 2.737488 0.944285 0.502554
v 3.142640 0.947484 0.503526
v 3.547792 0.950684 0.504498
v 3.952944 0.953883 0.505469
v 4.358096 0.957083 0.506441
v 4.763247 0.960282 0.507413
v 5.168399 0.963482 0.508385
v 5.573551 0.966681 0.509357
v 5.978703 0.969881 0.510329
vt 0.999478 1.000521
vt 0.899478 1.000417
vt 0.799479 1.000313
vt 0.699479 1.000208
vt 0.599479 1.000104
vt 0.499479 1.000000
vt 0.399479 0.999895
vt 0.299479 0.999791
vt 0.199479 0.999687
vt 0.099479 0.999583
vt -0.000521 0.999478
vt 0.999583 0.900521
vt 0.899583 0.900417
vt 0.799583 0.900313
vt 0.699583 0.900208
vt 0.599583 0.900104
vt 0.499583 0.900000
vt 0.399583 0.899896
vt 0.299583 0.899791
vt 0.199583 0.899687
vt 0.099583 0.899583
vt -0.000417 0.899478
vt 0.999687 0.800521
vt 0.899687 0.800417
vt 0.799687 0.800313
vt 0.699687 0.800208
vt 0.599687 0.800104
vt 0.499687 0.800000
vt 0.399687 0.799896
vt 0.299687 0.799791
vt 0.199687 0.799687
vt 0.099687 0.799583
vt -0.000313 0.799479
vt 0.999791 0.700521
vt 0.899791 0.700417
vt 0.799791 0.700313
vt 0.699791 0.700208
vt 0.599791 0.700104
vt 0.499792 0.700000
vt 0.399792 0.699896
vt 0.299792 0.699791
vt 0.199792 0.699687
vt 0.099792 0.699583
vt -0.000208 0.699479
vt 0.999895 0.600521
vt 0.899896 0.600417
vt 0.799896 0.600313
vt 0.699896 0.600208
vt 0.599896 0.600104
vt 0.499896 0.600000
vt 0.399896 0.599896
vt 0.299896 0.599791
vt 0.199896 0.599687
vt 0.099896 0.599583
vt -0.000104 0.599479
vt 1.000000 0.500521
vt 0.900000 0.500417
vt 0.800000 0.500313
vt 0.700000 0.500208
vt 0.600000 0.500104
vt 0.500000 0.500000
vt 0.400000 0.499896
vt 0.300000 0.499791
vt 0.200000 0.499687
vt 0.100000 0.499583
vt 0.000000 0.499479
vt 1.000104 0.400521
vt 0.900104 0.400417
vt 0.800104 0.400313
vt 0.700104 0.400209
vt 0.600104 0.400104
vt 0.500104 0.400000
vt 0.400104 0.399896
vt 0.300104 0.399792
vt 0.200104 0.399687
vt 0.100104 0.399583
vt 0.000105 0.399479
vt 1.000208 0.300521
vt 0.900208 0.300417
vt 0.800208 0.300313
vt 0.700208 0.300209
vt 0.600208 0.300104
vt 0.500209 0.300000
vt 0.400209 0.299896
vt 0.300209 0.299792
vt 0.200209 0.299687
vt 0.100209 0.299583
vt 0.000209 0.299479
vt 1.000313 0.200521
vt 0.900313 0.200417
vt 0.800313 0.200313
vt 0.700313 0.200209
vt 0.600313 0.200104
vt 0.500313 0.200000
vt 0.400313 0.199896
vt 0.300313 0.199792
vt 0.200313 0.199687
vt 0.100313 0.199583
vt 0.000313 0.199479
vt 1.000417 0.100521
vt 0.900417 0.100417
vt 0.800417 0.100313
vt 0.700417 0.100209
vt 0.600417 0.100104
vt 0.500417 0.100000
vt 0.400417 0.099896
vt 0.300417 0.099792
vt 0.200417 0.099687
vt 0.100417 0.099583
vt 0.000417 0.099479
vt 1.000521 0.000522
vt 0.900521 0.000417
vt 0.800521 0.000313
vt 0.700521 0.000209
vt 0.600521 0.000105
vt 0.500521 0.000000
vt 0.400521 -0.000104
vt 0.300521 -0.000208
vt 0.200521 -0.000313
vt 0.100521 -0.000417
vt 0.000522 -0.000521
vn -0.007895 0.999969 -0.000566
vn -0.007895 0.999969 -0.000566
vn -0.007895 0.999969 -0.000566
vn -0.007895 0.999969 -0.000566
vn -0.007895 0.999969 -0.000566
vn -0.007895 0.999969 -0.000566
vn -0.007895 0.999969 -0.000566
vn -0.007895 0.999969 -0.000566
vn -0.007895 0.999969 -0.000566
vn -0.007895 0.999969 -0.000566
vn -0.007895 0.999969 -0.000566
vn -0.007895 0.999969 -0.000566
vn -0.007895 0.999969 -0.000566
vn -0.007895 0.999969 -0.000566
vn -0.007895 0.999969 -0.000566
vn -0.007895 0.999969 -0.000566
vn -0.007895 0.999969 -0.000566
vn -0.007895 0.999969 -0.000566
vn -0.007895 0.999969 -0.000566
vn -0.007895 0.999969 -0.000566
vn -0.007895 0.999969 -0.000566
vn -0.007895 0.999969 -0.000566
vn -0.007895 0.999969 -0.000566
vn -0.007895 0.999969 -0.000566
vn -0.007895 0.999969 -0.000566
vn -0.007895 0.999969 -0.000566
vn -0.007895 0.999969 -0.000566
vn -0.007895 0.999969 -0.000566
vn -0.007895 0.999969 -0.000566
vn -0.007895 0.999969 -0.000566
vn -0.007895 0.999969 -0.000566
vn -0.007895 0.999969 -0.000566
vn -0.007895 0.999969 -0.000566
vn -0.007895 0.999969 -0.000566
vn -0.007895 0.999969 -0.000566
vn -0.007895 0.999969 -0.000566
vn -0.007895 0.999969 -0.000566
vn -0.007895 0.999969 -0.000566
vn -0.007895 0.999969 -0.000566
vn -0.007895 0.999969 -0.000566
vn -0.007895 0.999969 -0.000566
vn -0.007895 0.999969 -0.000566
vn -0.007895 0.999969 -0.000566
vn -0.007895 0.999969 -0.000566
vn -0.007895 0.999969 -0.000566
vn -0.007895 0.999969 -0.000566
vn -0.007895 0.999969 -0.000566
vn -0.007895 0.999969 -0.000566
vn -0.007895 0.999969 -0.000566
vn -0.007895 0.999969 -0.000566
vn -0.007895 0.999969 -0.000566
vn -0.007895 0.999969 -0.000566
vn -0.007895 0.999969 -0.000566
vn -0.007895 0.999969 -0.000566
vn -0.007895 0.999969 -0.000566
vn -0.007895 0.999969 -0.000566
vn -0.007895 0.999969 -0.000566
vn -0.007895 0.999969 -0.000566
vn -0.007895 0.999969 -0.000566
vn -0.007895 0.999969 -0.000566
vn -0.007895 0.999969 -0.000566
vn -0.007895 0.999969 -0.000566
vn -0.007895 0.999969 -0.000566
vn -0.007895 0.999969 -0.000566
vn -0.007895 0.999969 -0.000566
vn -0.007895 0.999969 -0.000566
vn -0.007895 0.999969 -0.000566
vn -0.007895 0.999969 -0.000566
vn -0.007895 0.999969 -0.000566
vn -0.007895 0.999969 -0.000566
vn -0.007895 0.999969 -0.000566
vn -0.007895 0.999969 -0.000566
vn -0.007895 0.999969 -0.000566
vn -0.007895 0.999969 -0.000566
vn -0.007895 0.999969 -0.000566
vn -0.007895 0.999969 -0.000566
vn -0.007895 0.999969 -0.000566
vn -0.007895 0.999969 -0.000566
vn -0.007895 0.999969 -0.000566
vn -0.007895 0.999969 -0.000566
vn -0.007895 0.999969 -0.000566
vn -0.007895 0.999969 -0.000566
vn -0.007895 0.999969 -0.000566
vn -0.007895 0.999969 -0.000566
vn -0.007895 0.999969 -0.000566
vn -0.007895 0.999969 -0.000566
vn -0.007895 0.999969 -0.000566
vn -0.007895 0.999969 -0.000566
vn -0.007895 0.999969 -0.000566
vn -0.007895 0.999969 -0.000566
vn -0.007895 0.999969 -0.000566
vn -0.007895 0.999969 -0.000566
vn -0.007895 0.999969 -0.000566
vn -0.007895 0.999969 -0.000566
vn -0.007895 0.999969 -0.000566
vn -0.007895 0.999969 -0.000566
vn -0.007895 0.999969 -0.000566
vn -0.007895 0.999969 -0.000566
vn -0.007895 0.999969 -0.000566
vn -0.007895 0.999969 -0.000566
vn -0.007895 0.999969 -0.000566
vn -0.007895 0.999969 -0.000566
vn -0.007895 0.999969 -0.000566
vn -0.007895 0.999969 -0.000566
vn -0.007895 0.999969 -0.000566
vn -0.007895 0.999969 -0.000566
vn -0.007895 0.999969 -0.000566
vn -0.007895 0.999969 -0.000566
vn -0.007895 0.999969 -0.000566
vn -0.007895 0.999969 -0.000566
vn -0.007895 0.999969 -0.000566
vn -0.007895 0.999969 -0.000566
vn -0.007895 0.999969 -0.000566
vn -0.007895 0.999969 -0.000566
vn -0.007895 0.999969 -0.000566
vn -0.007895 0.999969 -0.000566
vn -0.007895 0.999969 -0.000566
vn -0.007895 0.999969 -0.000566
vn -0.007895 0.999969 -0.000566
vn -0.007895 0.999969 -0.000566
vn -0.007895 0.999969 -0.000566
s 1
g group2 locator1 pPlane10 pPlane1 pCube1 Book_L
f 5833/6094/6608 5834/6095/6609 5845/6106/6610 5844/6105/6611
f 5834/6095/6609 5835/6096/6612 5846/6107/6613 5845/6106/6610
f 5835/6096/6612 5836/6097/6614 5847/6108/6615 5846/6107/6613
f 5836/6097/6614 5837/6098/6616 5848/6109/6617 5847/6108/6615
f 5837/6098/6616 5838/6099/6618 5849/6110/6619 5848/6109/6617
f 5838/6099/6618 5839/6100/6620 5850/6111/6621 5849/6110/6619
f 5839/6100/6620 5840/6101/6622 5851/6112/6623 5850/6111/6621
f 5840/6101/6622 5841/6102/6624 5852/6113/6625 5851/6112/6623
f 5841/6102/6624 5842/6103/6626 5853/6114/6627 5852/6113/6625
f 5842/6103/6626 5843/6104/6628 5854/6115/6629 5853/6114/6627
f 5844/6105/6611 5845/6106/6610 5856/6117/6630 5855/6116/6631
f 5845/6106/6610 5846/6107/6613 5857/6118/6632 5856/6117/6630
f 5846/6107/6613 5847/6108/6615 5858/6119/6633 5857/6118/6632
f 5847/6108/6615 5848/6109/6617 5859/6120/6634 5858/6119/6633
f 5848/6109/6617 5849/6110/6619 5860/6121/6635 5859/6120/6634
f 5849/6110/6619 5850/6111/6621 5861/6122/6636 5860/6121/6635
f 5850/6111/6621 5851/6112/6623 5862/6123/6637 5861/6122/6636
f 5851/6112/6623 5852/6113/6625 5863/6124/6638 5862/6123/6637
f 5852/6113/6625 5853/6114/6627 5864/6125/6639 5863/6124/6638
f 5853/6114/6627 5854/6115/6629 5865/6126/6640 5864/6125/6639
f 5855/6116/6631 5856/6117/6630 5867/6128/6641 5866/6127/6642
f 5856/6117/6630 5857/6118/6632 5868/6129/6643 5867/6128/6641
f 5857/6118/6632 5858/6119/6633 5869/6130/6644 5868/6129/6643
f 5858/6119/6633 5859/6120/6634 5870/6131/6645 5869/6130/6644
f 5859/6120/6634 5860/6121/6635 5871/6132/6646 5870/6131/6645
f 5860/6121/6635 5861/6122/6636 5872/6133/6647 5871/6132/6646
f 5861/6122/6636 5862/6123/6637 5873/6134/6648 5872/6133/6647
f 5862/6123/6637 5863/6124/6638 5874/6135/6649 5873/6134/6648
f 5863/6124/6638 5864/6125/6639 5875/6136/6650 5874/6135/6649
f 5864/6125/6639 5865/6126/6640 5876/6137/6651 5875/6136/6650
f 5866/6127/6642 5867/6128/6641 5878/6139/6652 5877/6138/6653
f 5867/6128/6641 5868/6129/6643 5879/6140/6654 5878/6139/6652
f 5868/6129/6643 5869/6130/6644 5880/6141/6655 5879/6140/6654
f 5869/6130/6644 5870/6131/6645 5881/6142/6656 5880/6141/6655
f 5870/6131/6645 5871/6132/6646 5882/6143/6657 5881/6142/6656
f 5871/6132/6646 5872/6133/6647 5883/6144/6658 5882/6143/6657
f 5872/6133/6647 5873/6134/6648 5884/6145/6659 5883/6144/6658
f 5873/6134/6648 5874/6135/6649 5885/6146/6660 5884/6145/6659
f 5874/6135/6649 5875/6136/6650 5886/6147/6661 5885/6146/6660
f 5875/6136/6650 5876/6137/6651 5887/6148/6662 5886/6147/6661
f 5877/6138/6653 5878/6139/6652 5889/6150/6663 5888/6149/6664
f 5878/6139/6652 5879/6140/6654 5890/6151/6665 5889/6150/6663
f 5879/6140/6654 5880/6141/6655 5891/6152/6666 5890/6151/6665
f 5880/6141/6655 5881/6142/6656 5892/6153/6667 5891/6152/6666
f 5881/6142/6656 5882/6143/6657 5893/6154/6668 5892/6153/6667
f 5882/6143/6657 5883/6144/6658 5894/6155/6669 5893/6154/6668
f 5883/6144/6658 5884/6145/6659 5895/6156/6670 5894/6155/6669
f 5884/6145/6659 5885/6146/6660 5896/6157/6671 5895/6156/6670
f 5885/6146/6660 5886/6147/6661 5897/6158/6672 5896/6157/6671
f 5886/6147/6661 5887/6148/6662 5898/6159/6673 5897/6158/6672
f 5888/6149/6664 5889/6150/6663 5900/6161/6674 5899/6160/6675
f 5889/6150/6663 5890/6151/6665 5901/6162/6676 5900/6161/6674
f 5890/6151/6665 5891/6152/6666 5902/6163/6677 5901/6162/6676
f 5891/6152/6666 5892/6153/6667 5903/6164/6678 5902/6163/6677
f 5892/6153/6667 5893/6154/6668 5904/6165/6679 5903/6164/6678
f 5893/6154/6668 5894/6155/6669 5905/6166/6680 5904/6165/6679
f 5894/6155/6669 5895/6156/6670 5906/6167/6681 5905/6166/6680
f 5895/6156/6670 5896/6157/6671 5907/6168/6682 5906/6167/6681
f 5896/6157/6671 5897/6158/6672 5908/6169/6683 5907/6168/6682
f 5897/6158/6672 5898/6159/6673 5909/6170/6684 5908/6169/6683
f 5899/6160/6675 5900/6161/6674 5911/6172/6685 5910/6171/6686
f 5900/6161/6674 5901/6162/6676 5912/6173/6687 5911/6172/6685
f 5901/6162/6676 5902/6163/6677 5913/6174/6688 5912/6173/6687
f 5902/6163/6677 5903/6164/6678 5914/6175/6689 5913/6174/6688
f 5903/6164/6678 5904/6165/6679 5915/6176/6690 5914/6175/6689
f 5904/6165/6679 5905/6166/6680 5916/6177/6691 5915/6176/6690
f 5905/6166/6680 5906/6167/6681 5917/6178/6692 5916/6177/6691
f 5906/6167/6681 5907/6168/6682 5918/6179/6693 5917/6178/6692
f 5907/6168/6682 5908/6169/6683 5919/6180/6694 5918/6179/6693
f 5908/6169/6683 5909/6170/6684 5920/6181/6695 5919/6180/6694
f 5910/6171/6686 5911/6172/6685 5922/6183/6696 5921/6182/6697
f 5911/6172/6685 5912/6173/6687 5923/6184/6698 5922/6183/6696
f 5912/6173/6687 5913/6174/6688 5924/6185/6699 5923/6184/6698
f 5913/6174/6688 5914/6175/6689 5925/6186/6700 5924/6185/6699
f 5914/6175/6689 5915/6176/6690 5926/6187/6701 5925/6186/6700
f 5915/6176/6690 5916/6177/6691 5927/6188/6702 5926/6187/6701
f 5916/6177/6691 5917/6178/6692 5928/6189/6703 5927/6188/6702
f 5917/6178/6692 5918/6179/6693 5929/6190/6704 5928/6189/6703
f 5918/6179/6693 5919/6180/6694 5930/6191/6705 5929/6190/6704
f 5919/6180/6694 5920/6181/6695 5931/6192/6706 5930/6191/6705
f 5921/6182/6697 5922/6183/6696 5933/6194/6707 5932/6193/6708
f 5922/6183/6696 5923/6184/6698 5934/6195/6709 5933/6194/6707
f 5923/6184/6698 5924/6185/6699 5935/6196/6710 5934/6195/6709
f 5924/6185/6699 5925/6186/6700 5936/6197/6711 5935/6196/6710
f 5925/6186/6700 5926/6187/6701 5937/6198/6712 5936/6197/6711
f 5926/6187/6701 5927/6188/6702 5938/6199/6713 5937/6198/6712
f 5927/6188/6702 5928/6189/6703 5939/6200/6714 5938/6199/6713
f 5928/6189/6703 5929/6190/6704 5940/6201/6715 5939/6200/6714
f 5929/6190/6704 5930/6191/6705 5941/6202/6716 5940/6201/6715
f 5930/6191/6705 5931/6192/6706 5942/6203/6717 5941/6202/6716
f 5932/6193/6708 5933/6194/6707 5944/6205/6718 5943/6204/6719
f 5933/6194/6707 5934/6195/6709 5945/6206/6720 5944/6205/6718
f 5934/6195/6709 5935/6196/6710 5946/6207/6721 5945/6206/6720
f 5935/6196/6710 5936/6197/6711 5947/6208/6722 5946/6207/6721
f 5936/6197/6711 5937/6198/6712 5948/6209/6723 5947/6208/6722
f 5937/6198/6712 5938/6199/6713 5949/6210/6724 5948/6209/6723
f 5938/6199/6713 5939/6200/6714 5950/6211/6725 5949/6210/6724
f 5939/6200/6714 5940/6201/6715 5951/6212/6726 5950/6211/6725
f 5940/6201/6715 5941/6202/6716 5952/6213/6727 5951/6212/6726
f 5941/6202/6716 5942/6203/6717 5953/6214/6728 5952/6213/6727
g default
v 0.203589 0.442540 4.927825
v 7.923509 0.442540 4.921444
v -0.140514 0.442540 4.671045
v -0.140515 0.302394 4.671047
v -0.014863 0.176741 4.670941
v 0.203377 0.176741 4.670763
v 7.923293 0.176741 4.664382
v 8.128971 0.176741 4.664212
v 7.923295 0.442540 4.664379
v 0.203377 0.442540 4.670761
v -0.033062 0.442540 4.928021
v -0.140391 0.442540 4.820870
v -0.033062 0.346814 4.928021
v -0.140391 0.302394 4.820870
v 0.203589 0.283981 4.927825
v 0.203501 0.176741 4.820585
v 7.923509 0.283981 4.921445
v 7.923419 0.176741 4.814204
v 8.129186 0.283981 4.921274
v 8.129098 0.176741 4.814034
v 0.029770 0.283981 4.927969
v -0.014739 0.176741 4.820766
v 0.029770 0.442540 4.927969
v 0.299312 0.442540 4.670681
v 0.299527 0.442540 4.927746
v 0.299527 0.283981 4.927746
v 0.299436 0.176741 4.820506
v 0.299315 0.176741 4.670684
v 0.203502 0.442540 4.822635
v 0.299439 0.442540 4.822556
v 7.923422 0.442540 4.816253
v 8.128971 0.370502 4.664210
v 8.056935 0.442540 4.664269
v 8.057061 0.442540 4.816143
v 8.129099 0.370503 4.815528
v 8.129186 0.370502 4.921274
v 8.057148 0.442540 4.921334
v -0.140514 0.377139 4.671046
v -0.140390 0.377139 4.820870
v -0.033062 0.397869 4.928021
v 0.029770 0.368547 4.927969
v 0.203589 0.368547 4.927825
v 0.299527 0.368547 4.927746
v 7.923508 0.368547 4.921444
v -0.144584 0.302394 -0.251669
v -0.144583 0.377139 -0.251669
v -0.144584 0.442540 -0.251669
v 0.199308 0.442540 -0.251951
v 0.295243 0.442540 -0.252032
v 7.919228 0.442540 -0.258334
v 8.052868 0.442540 -0.258443
v 8.124908 0.370502 -0.258504
v 8.124908 0.176741 -0.258503
v 7.919231 0.176741 -0.258333
v 0.295246 0.176741 -0.252031
v 0.199308 0.176741 -0.251950
v -0.018932 0.176741 -0.251771
v 0.195026 0.442540 -5.431725
v 7.914946 0.442540 -5.438107
v -0.148653 0.442540 -5.174376
v -0.148653 0.302394 -5.174378
v -0.023001 0.176741 -5.174480
v 0.195239 0.176741 -5.174663
v 7.915159 0.176741 -5.181047
v 8.120836 0.176741 -5.181214
v 7.915161 0.442540 -5.181042
v 0.195239 0.442540 -5.174661
v -0.041625 0.442540 -5.431533
v -0.148777 0.442540 -5.324200
v -0.041625 0.346814 -5.431535
v -0.148777 0.302394 -5.324200
v 0.195026 0.283981 -5.431725
v 0.195115 0.176741 -5.324485
v 7.914945 0.283981 -5.438107
v 7.915035 0.176741 -5.330869
v 8.120623 0.283981 -5.438277
v 8.120712 0.176741 -5.331036
v 0.021208 0.283981 -5.431582
v -0.023125 0.176741 -5.324304
v 0.021208 0.442540 -5.431582
v 0.291174 0.442540 -5.174740
v 0.290964 0.442540 -5.431805
v 0.290964 0.283981 -5.431805
v 0.291050 0.176741 -5.324564
v 0.291177 0.176741 -5.174742
v 0.195113 0.442540 -5.326535
v 0.291050 0.442540 -5.326614
v 7.915033 0.442540 -5.332916
v 8.120836 0.370502 -5.181213
v 8.048801 0.442540 -5.181155
v 8.048671 0.442540 -5.333030
v 8.120711 0.370503 -5.332530
v 8.120623 0.370502 -5.438277
v 8.048586 0.442540 -5.438220
v -0.148653 0.377139 -5.174377
v -0.148776 0.377139 -5.324200
v -0.041625 0.397868 -5.431533
v 0.021208 0.368547 -5.431585
v 0.195026 0.368547 -5.431725
v 0.290964 0.368547 -5.431808
v 7.914945 0.368547 -5.438109
v 0.203589 0.847474 4.927825
v 0.203377 0.847474 4.670762
v -0.140391 0.847474 4.820870
v 0.029770 0.847474 4.927969
v -0.140514 0.847474 4.671045
v -0.033062 0.847474 4.928021
v 0.203502 0.847474 4.822638
v -0.144584 0.847474 -0.251667
v 0.195026 0.847474 -5.431725
v 0.195239 0.847474 -5.174662
v -0.148777 0.847474 -5.324200
v 0.021208 0.847474 -5.431582
v -0.148653 0.847474 -5.174376
v -0.041625 0.847474 -5.431532
v 0.195113 0.847474 -5.326537
vt 0.042472 0.713237
vt 0.042450 0.710902
vt 0.045026 0.710826
vt 0.045050 0.713156
vt 0.170998 0.737218
vt 0.050255 0.744197
vt 0.049950 0.742432
vt 0.170945 0.735352
vt 0.171126 0.741665
vt 0.050766 0.748429
vt 0.171282 0.747122
vt 0.050882 0.753650
vt 0.050923 0.755942
vt 0.171351 0.749521
vt 0.176989 0.946074
vt 0.057587 0.943138
vt 0.058051 0.938176
vt 0.176843 0.940976
vt 0.170359 0.710432
vt 0.048784 0.713039
vt 0.048749 0.710716
vt 0.170291 0.708050
vt 0.170898 0.733722
vt 0.049701 0.740883
vt 0.049191 0.731129
vt 0.170610 0.723639
vt 0.042398 0.741433
vt 0.041782 0.731572
vt 0.045512 0.731342
vt 0.045103 0.742569
vt 0.045960 0.743881
vt 0.046819 0.745291
vt 0.043565 0.747296
vt 0.042623 0.746622
vt 0.047646 0.748869
vt 0.044255 0.749281
vt 0.043627 0.753489
vt 0.047318 0.753799
vt 0.047235 0.755978
vt 0.043501 0.755896
vt 0.054389 0.938317
vt 0.054898 0.942415
vt 0.052156 0.942927
vt 0.050701 0.938715
vt 0.041585 0.753195
vt 0.042421 0.748563
vt 0.041423 0.755862
vt 0.042549 0.723095
vt 0.042718 0.727341
vt 0.040823 0.747884
vt 0.050907 0.943894
vt 0.048666 0.939089
vt 0.044157 0.524265
vt 0.165090 0.520903
vt 0.037860 0.524448
vt 0.040436 0.524373
vt 0.048797 0.722839
vt 0.045115 0.722992
vt 0.177198 0.953328
vt 0.044063 0.520991
vt 0.056399 0.947728
vt 0.177126 0.950837
vt 0.040341 0.521100
vt 0.052755 0.945847
vt 0.048920 0.943764
vt 0.298140 0.706041
vt 0.295561 0.706089
vt 0.295469 0.703760
vt 0.298047 0.703700
vt 0.292147 0.735545
vt 0.291944 0.737323
vt 0.291676 0.741574
vt 0.291859 0.746789
vt 0.291950 0.749077
vt 0.295281 0.931386
vt 0.296028 0.936313
vt 0.291747 0.703848
vt 0.291840 0.706165
vt 0.292268 0.724227
vt 0.292307 0.733985
vt 0.299625 0.734137
vt 0.296993 0.735400
vt 0.295952 0.724242
vt 0.298544 0.721643
vt 0.296213 0.736759
vt 0.299701 0.739301
vt 0.298800 0.740029
vt 0.295437 0.738216
vt 0.298225 0.742049
vt 0.294816 0.741833
vt 0.299093 0.746212
vt 0.295426 0.746732
vt 0.299357 0.748606
vt 0.295633 0.748902
vt 0.298945 0.931316
vt 0.302649 0.931502
vt 0.301439 0.935790
vt 0.298671 0.935437
vt 0.300014 0.741226
vt 0.301115 0.745801
vt 0.301430 0.748453
vt 0.301571 0.740457
vt 0.301234 0.724275
vt 0.305498 0.724318
vt 0.304702 0.931758
vt 0.302741 0.936684
vt 0.286061 0.517570
vt 0.289782 0.517475
vt 0.292358 0.517410
vt 0.295907 0.715904
vt 0.292207 0.715934
vt 0.297477 0.940827
vt 0.285974 0.514297
vt 0.301008 0.938740
vt 0.289698 0.514202
vt 0.292275 0.514137
vt 0.298528 0.720117
vt 0.299689 0.724263
vt 0.298477 0.715882
vt 0.042785 0.728872
vt 0.040241 0.731671
vt 0.304717 0.936440
vt 0.302885 0.940047
vt 0.298343 0.943169
vt 0.164999 0.517630
vt 0.303239 0.748340
vt 0.306495 0.932014
vt 0.305413 0.734212
vt 0.037765 0.521175
vt 0.050956 0.947259
vt 0.055670 0.950116
vt 0.039610 0.755854
vt 0.046891 0.939447
vt 0.039777 0.752920
vt 0.035987 0.731952
vt 0.301159 0.734159
vt 0.302904 0.745422
vt 0.295931 0.734073
vt 0.300498 0.738642
vt 0.040867 0.741540
vt 0.036623 0.741829
vt 0.046084 0.741166
vt 0.041790 0.746010
vn 0.000000 1.000000 0.000001
vn -0.000000 1.000000 -0.000000
vn 0.000000 1.000000 -0.000000
vn 0.000001 1.000000 -0.000000
vn -1.000000 0.000007 0.000827
vn -1.000000 0.000010 0.000827
vn -1.000000 0.000003 0.000827
vn -1.000000 0.000001 0.000827
vn -0.707110 -0.707103 0.000584
vn -0.707110 -0.707103 0.000585
vn -0.707110 -0.707103 0.000585
vn -0.707110 -0.707103 0.000584
vn 0.000001 -1.000000 0.000000
vn 0.000001 -1.000000 -0.000000
vn 0.000001 -1.000000 -0.000000
vn 0.000001 -1.000000 0.000000
vn 0.000000 -1.000000 -0.000000
vn 0.000000 -1.000000 0.000000
vn 0.000000 -1.000000 -0.000000
vn 0.000000 -1.000000 -0.000000
vn 0.000000 -1.000000 -0.000000
vn 0.000000 -1.000000 -0.000000
vn -0.000000 1.000000 0.000000
vn -0.000000 1.000000 0.000000
vn -0.000000 1.000000 0.000000
vn -0.000000 1.000000 0.000000
vn -1.000000 -0.000001 0.000827
vn -1.000000 -0.000001 0.000827
vn -1.000000 -0.000000 0.000827
vn -1.000000 -0.000000 0.000827
vn -0.706524 -0.000001 0.707689
vn -0.706524 0.000000 0.707689
vn -0.706524 0.000000 0.707689
vn -0.706524 -0.000001 0.707689
vn -0.706525 0.000000 0.707688
vn -0.706526 0.000005 0.707687
vn -0.706526 0.000005 0.707687
vn -0.706525 -0.000000 0.707688
vn -0.499417 -0.499998 0.707520
vn -0.499417 -0.499999 0.707520
vn -0.499417 -0.499998 0.707520
vn -0.499417 -0.499999 0.707520
vn 0.000585 -0.707107 0.707106
vn 0.000584 -0.707107 0.707107
vn 0.000584 -0.707107 0.707107
vn 0.000585 -0.707107 0.707106
vn 0.000584 -0.707108 0.707106
vn 0.000584 -0.707108 0.707106
vn 0.000584 -0.707108 0.707106
vn 0.000585 -0.707108 0.707105
vn 0.000585 -0.707108 0.707105
vn 0.000584 -0.707108 0.707106
vn 0.000827 0.000000 1.000000
vn 0.000827 0.000000 1.000000
vn 0.000827 0.000000 1.000000
vn 0.000827 0.000000 1.000000
vn 0.000827 0.000003 1.000000
vn 0.000827 0.000002 1.000000
vn 0.000827 0.000000 1.000000
vn 0.000827 0.000000 1.000000
vn 0.000827 0.000000 1.000000
vn 0.000827 0.000000 1.000000
vn 0.000827 0.000003 1.000000
vn 0.000828 0.000002 1.000000
vn 0.000827 0.000002 1.000000
vn 0.000827 0.000002 1.000000
vn -1.000000 0.000010 0.000827
vn -1.000000 0.000003 0.000826
vn -0.707110 -0.707103 0.000583
vn -0.707110 -0.707103 0.000583
vn 0.000001 -1.000000 -0.000000
vn 0.000001 -1.000000 -0.000000
vn 0.000000 -1.000000 -0.000000
vn 0.000000 -1.000000 -0.000000
vn 0.000000 -1.000000 -0.000000
vn -1.000000 -0.000001 0.000823
vn -1.000000 0.000000 0.000822
vn 0.000827 0.000000 1.000000
vn 0.000827 0.000000 1.000000
vn -0.000000 1.000000 0.000000
vn 0.000000 1.000000 0.000000
vn -0.000000 1.000000 -0.000000
vn -0.000000 1.000000 -0.000000
vn 1.000000 0.000000 -0.000827
vn 0.754599 0.656186 -0.000624
vn 0.754599 0.656186 -0.000624
vn 1.000000 0.000000 -0.000827
vn 0.707110 0.707104 -0.000584
vn 0.707110 0.707104 -0.000584
vn 0.707110 0.707104 -0.000584
vn 0.707110 0.707104 -0.000584
vn 0.707107 0.707107 -0.000588
vn 0.707107 0.707107 -0.000588
vn 0.707102 0.707111 -0.000579
vn 0.707102 0.707111 -0.000579
vn 1.000000 0.000000 -0.000840
vn 1.000000 0.000000 -0.000827
vn 1.000000 0.000000 -0.000827
vn 1.000000 0.000000 -0.000843
vn -0.000000 1.000000 -0.000000
vn -0.000000 1.000000 -0.000000
vn 1.000000 0.000000 -0.000825
vn 1.000000 0.000000 -0.000826
vn 1.000000 0.000000 -0.000826
vn 1.000000 0.000000 -0.000825
vn -0.000000 1.000000 0.000000
vn 0.000000 1.000000 0.000000
vn 0.000827 0.000000 1.000000
vn 0.000827 0.000000 1.000000
vn 0.000827 0.000000 1.000000
vn 0.000827 0.000000 1.000000
vn -0.000001 1.000000 0.000001
vn -0.000002 1.000000 0.000000
vn -0.000000 1.000000 -0.000000
vn -0.000000 1.000000 -0.000001
vn -1.000000 0.000000 0.000827
vn -1.000000 0.000005 0.000827
vn -0.707110 -0.707104 0.000584
vn -0.707110 -0.707103 0.000584
vn 0.000001 -1.000000 -0.000000
vn 0.000001 -1.000000 -0.000000
vn 0.000000 -1.000000 -0.000000
vn 0.000000 -1.000000 -0.000000
vn 0.000000 -1.000000 -0.000000
vn 0.000000 -1.000000 -0.000000
vn 0.000000 -1.000000 -0.000000
vn -0.000002 1.000000 -0.000000
vn -0.000000 1.000000 -0.000000
vn -0.000000 1.000000 -0.000000
vn -0.000002 1.000000 -0.000000
vn -1.000000 0.000000 0.000827
vn -1.000000 -0.000001 0.000827
vn -0.707700 0.000000 -0.706513
vn -0.707700 0.000000 -0.706513
vn -0.707700 0.000000 -0.706513
vn -0.707700 0.000000 -0.706514
vn -0.707707 0.000014 -0.706506
vn -0.707706 0.000012 -0.706507
vn -0.707711 0.000023 -0.706503
vn -0.707711 0.000023 -0.706502
vn -0.500582 -0.500019 -0.706682
vn -0.500582 -0.500019 -0.706682
vn -0.500582 -0.500019 -0.706682
vn -0.500582 -0.500019 -0.706682
vn -0.000584 -0.707110 -0.707104
vn -0.000584 -0.707110 -0.707104
vn -0.000584 -0.707109 -0.707105
vn -0.000584 -0.707109 -0.707105
vn -0.000585 -0.707103 -0.707110
vn -0.000585 -0.707103 -0.707110
vn -0.000584 -0.707103 -0.707110
vn -0.000584 -0.707103 -0.707110
vn -0.000579 -0.707102 -0.707111
vn -0.000579 -0.707102 -0.707111
vn -0.000814 -0.000028 -1.000000
vn -0.000811 0.000001 -1.000000
vn -0.000827 0.000000 -1.000000
vn -0.000827 -0.000026 -1.000000
vn -0.000827 -0.000003 -1.000000
vn -0.000827 -0.000035 -1.000000
vn -0.000827 0.000007 -1.000000
vn -0.000816 0.000005 -1.000000
vn -0.000817 0.000001 -1.000000
vn -0.000827 0.000000 -1.000000
vn -0.000826 -0.000035 -1.000000
vn -0.000826 -0.000003 -1.000000
vn -0.000821 -0.000021 -1.000000
vn -0.000820 -0.000027 -1.000000
vn -1.000000 0.000005 0.000824
vn -1.000000 0.000000 0.000824
vn -0.707111 -0.707103 0.000584
vn -0.707111 -0.707103 0.000584
vn 0.000000 -1.000000 -0.000001
vn 0.000001 -1.000000 -0.000001
vn 0.000000 -1.000000 -0.000000
vn 0.000000 -1.000000 -0.000000
vn 0.000000 -1.000000 -0.000000
vn -1.000000 -0.000001 0.000826
vn -1.000000 0.000000 0.000827
vn -0.000791 0.000010 -1.000000
vn -0.000781 0.000000 -1.000000
vn 0.000000 1.000000 -0.000000
vn 0.000000 1.000000 0.000000
vn -0.000000 1.000000 -0.000000
vn -0.000000 1.000000 -0.000001
vn 1.000000 0.000000 -0.000827
vn 1.000000 0.000000 -0.000827
vn 0.754599 0.656186 -0.000624
vn 0.754599 0.656186 -0.000624
vn 0.707112 0.707102 -0.000585
vn 0.707112 0.707102 -0.000585
vn 0.707111 0.707102 -0.000585
vn 0.707112 0.707102 -0.000585
vn 0.707109 0.707104 -0.000588
vn 0.707109 0.707104 -0.000588
vn 0.707106 0.707107 -0.000584
vn 0.707106 0.707107 -0.000584
vn 1.000000 0.000000 -0.000827
vn 1.000000 0.000000 -0.000827
vn 1.000000 0.000000 -0.000825
vn 1.000000 0.000000 -0.000825
vn -0.000000 1.000000 -0.000000
vn -0.000001 1.000000 -0.000001
vn 1.000000 0.000000 -0.000827
vn 1.000000 0.000000 -0.000827
vn 1.000000 0.000000 -0.000827
vn 1.000000 0.000000 -0.000827
vn 0.000000 1.000000 0.000000
vn 0.000000 1.000000 0.000000
vn -0.000790 0.000004 -1.000000
vn -0.000827 0.000034 -1.000000
vn -0.000827 0.000033 -1.000000
vn -0.000827 -0.000005 -1.000000
vn 1.000000 0.000000 -0.000827
vn 1.000000 0.000000 -0.000827
vn 0.000827 0.000000 1.000000
vn 1.000000 0.000000 -0.000827
vn 1.000000 0.000000 -0.000827
vn 0.749598 0.661893 -0.000620
vn 0.746709 0.665150 -0.000617
vn 0.748180 0.663496 -0.000618
vn 0.749598 0.661893 -0.000620
vn 0.749598 0.661893 -0.000620
vn 0.749598 0.661893 -0.000620
vn 0.749598 0.661893 -0.000620
vn 0.749598 0.661893 -0.000620
vn 0.749598 0.661893 -0.000620
vn 0.749598 0.661893 -0.000620
vn 0.749598 0.661893 -0.000620
vn -0.000789 0.000002 -1.000000
vn -0.000000 1.000000 -0.000001
vn -0.000000 1.000000 -0.000001
vn -0.000000 1.000000 -0.000001
s 1
g Book_R group2 locator1
f 5954/6215/6729 5978/6216/6730 5983/6217/6731 5982/6218/6732
s 2
f 5998/6219/6733 5957/6220/6734 5991/6221/6735 5999/6222/6736
s 3
f 5957/6220/6737 5998/6219/6738 6010/6223/6739 5958/6224/6740
s 4
f 6009/6225/6741 5959/6226/6742 5958/6224/6743 6010/6223/6744
f 5981/6227/6745 5959/6226/6742 6009/6225/6741 6008/6228/6746
f 6006/6229/6747 5961/6230/6748 5960/6231/6749 6007/6232/6750
s 1
f 6001/6233/6751 5963/6234/6752 5977/6235/6753 6002/6236/6754
s 2
f 6000/6237/6755 5956/6238/6756 6059/6239/6757 6062/6240/6758
s 6
f 5964/6241/6759 6060/6242/6760 6057/6243/6761 5965/6356/6762
f 5992/6245/6763 5967/6246/6764 5966/6247/6765 5993/6248/6766
s off
f 5967/6246/6767 5975/6249/6768 5974/6250/6769 5966/6247/6770
s 7
f 5968/6251/6771 5974/6250/6772 5975/6249/6773 5969/6252/6774
f 5969/6252/6774 5980/6253/6775 5979/6254/6776 5968/6251/6771
f 5971/6255/6777 5973/6256/6778 5972/6257/6779 5970/6258/6780
s 8
f 5974/6250/6781 5968/6251/6782 5995/6259/6783 5994/6260/6784
f 5968/6251/6782 5979/6254/6785 5996/6261/6786 5995/6259/6783
f 5954/6355/6787 6055/6349/6788 6058/6335/6789 5976/6354/6790
f 5970/6258/6791 5972/6257/6792 5989/6265/6793 5997/6266/6794
s 2
f 5967/6246/6795 5992/6245/6796 5991/6221/6735 5957/6220/6734
s 3
f 5967/6246/6797 5957/6220/6737 5958/6224/6740 5975/6249/6798
s 4
f 5959/6226/6742 5969/6252/6799 5975/6249/6800 5958/6224/6743
f 5980/6253/6801 5969/6252/6799 5959/6226/6742 5981/6227/6745
f 5961/6230/6748 5973/6256/6802 5971/6255/6803 5960/6231/6749
s 2
f 5965/6356/6804 6057/6243/6805 6059/6239/6757 5956/6238/6756
s 8
f 5993/6248/6806 5966/6247/6807 5974/6250/6781 5994/6260/6784
s 1
f 5962/6267/6808 6003/6268/6809 6002/6236/6754 5977/6235/6753
f 5978/6216/6730 5955/6269/6810 5984/6270/6811 5983/6217/6731
s 8
f 5979/6254/6785 5970/6258/6791 5997/6266/6794 5996/6261/6786
s 7
f 5980/6253/6775 5971/6255/6777 5970/6258/6780 5979/6254/6776
s 4
f 5960/6231/6749 5971/6255/6803 5980/6253/6801 5981/6227/6745
f 6007/6232/6750 5960/6231/6749 5981/6227/6745 6008/6228/6746
s 11
f 5982/6218/6812 5963/6234/6813 6056/6271/6814 6061/6272/6815
s 1
f 5983/6217/6731 5977/6235/6753 5963/6234/6752 5982/6218/6732
f 5984/6270/6811 5962/6267/6808 5977/6235/6753 5983/6217/6731
s 12
f 6004/6273/6816 5986/6345/6817 5985/6275/6818 6005/6276/6819
f 5986/6345/6817 5987/6344/6820 5988/6278/6821 5985/6275/6818
f 5987/6344/6820 5990/6279/6822 5989/6265/6823 5988/6278/6821
s 13
f 5988/6278/6824 5989/6265/6825 5972/6257/6826 5973/6256/6827
s 1
f 5955/6269/6810 5990/6343/6828 5987/6277/6829 5984/6270/6811
s 13
f 6005/6276/6830 5985/6275/6831 5961/6230/6832 6006/6229/6833
s 1
f 5986/6274/6834 6004/6339/6835 6003/6268/6809 5962/6267/6808
f 5987/6277/6829 5986/6274/6834 5962/6267/6808 5984/6270/6811
s 13
f 5985/6275/6831 5988/6278/6824 5973/6256/6827 5961/6230/6832
s 2
f 5956/6238/6756 6000/6237/6755 5999/6222/6736 5991/6221/6735
f 5992/6245/6796 5965/6244/6804 5956/6238/6756 5991/6221/6735
s 6
f 5965/6244/6762 5992/6245/6763 5993/6248/6766 5964/6357/6759
s 8
f 5964/6357/6836 5993/6248/6806 5994/6260/6784 5976/6264/6790
f 5995/6259/6783 5954/6348/6787 5976/6264/6790 5994/6260/6784
f 5996/6261/6786 5978/6346/6837 5954/6348/6787 5995/6259/6783
f 5997/6266/6794 5955/6347/6838 5978/6346/6837 5996/6261/6786
f 5989/6265/6793 5990/6279/6839 5955/6347/6838 5997/6266/6794
s 14
f 6011/6280/6840 6039/6281/6841 6040/6282/6842 6035/6283/6843
s 2
f 5998/6219/6733 5999/6222/6736 6048/6284/6844 6014/6285/6845
s 3
f 6014/6285/6846 6015/6286/6847 6010/6223/6739 5998/6219/6738
s 4
f 6009/6225/6741 6010/6223/6744 6015/6286/6848 6016/6287/6849
f 6038/6288/6850 6008/6228/6746 6009/6225/6741 6016/6287/6849
f 6006/6229/6851 6007/6232/6852 6017/6289/6853 6018/6290/6854
s 14
f 6001/6233/6855 6002/6236/6856 6034/6291/6857 6020/6292/6858
s 2
f 6000/6237/6755 6062/6240/6758 6067/6293/6859 6013/6294/6860
s 16
f 6021/6295/6861 6022/6352/6862 6065/6297/6863 6068/6332/6864
f 6049/6299/6865 6050/6300/6866 6023/6301/6867 6024/6302/6868
s off
f 6024/6302/6869 6023/6301/6870 6031/6303/6871 6032/6304/6872
s 17
f 6025/6305/6873 6026/6306/6874 6032/6304/6875 6031/6303/6876
f 6026/6306/6874 6025/6305/6873 6036/6307/6877 6037/6308/6878
f 6028/6309/6879 6027/6310/6880 6029/6311/6881 6030/6312/6882
s 18
f 6031/6303/6883 6051/6313/6884 6052/6314/6885 6025/6305/6886
f 6025/6305/6886 6052/6314/6885 6053/6315/6887 6036/6307/6888
f 6011/6342/6889 6033/6350/6890 6066/6317/6891 6063/6318/6892
f 6027/6310/6893 6054/6319/6894 6046/6320/6895 6029/6311/6896
s 2
f 6024/6302/6897 6014/6285/6845 6048/6284/6844 6049/6299/6898
s 3
f 6024/6302/6899 6032/6304/6900 6015/6286/6847 6014/6285/6846
s 4
f 6016/6287/6849 6015/6286/6848 6032/6304/6901 6026/6306/6902
f 6037/6308/6903 6038/6288/6850 6016/6287/6849 6026/6306/6902
f 6018/6290/6854 6017/6289/6853 6028/6309/6904 6030/6312/6905
s 2
f 6022/6352/6906 6013/6294/6860 6067/6293/6859 6065/6297/6907
s 18
f 6050/6300/6908 6051/6313/6884 6031/6303/6883 6023/6301/6909
s 14
f 6019/6321/6910 6034/6291/6857 6002/6236/6856 6003/6268/6911
f 6035/6283/6843 6040/6282/6842 6041/6322/6912 6012/6323/6913
s 18
f 6036/6307/6888 6053/6315/6887 6054/6319/6894 6027/6310/6893
s 17
f 6037/6308/6878 6036/6307/6877 6027/6310/6880 6028/6309/6879
s 4
f 6017/6289/6853 6038/6288/6850 6037/6308/6903 6028/6309/6904
f 6007/6232/6852 6008/6228/6746 6038/6288/6850 6017/6289/6853
s 11
f 6039/6281/6914 6069/6324/6915 6064/6325/6916 6020/6292/6917
s 14
f 6040/6282/6842 6039/6281/6841 6020/6292/6858 6034/6291/6857
f 6041/6322/6912 6040/6282/6842 6034/6291/6857 6019/6321/6910
s 20
f 6004/6273/6918 6005/6276/6919 6042/6326/6920 6043/6338/6921
f 6043/6338/6921 6042/6326/6920 6045/6328/6922 6044/6337/6923
f 6044/6337/6923 6045/6328/6922 6046/6320/6924 6047/6336/6925
s 21
f 6045/6328/6926 6030/6312/6927 6029/6311/6928 6046/6320/6929
s 14
f 6012/6323/6913 6041/6322/6912 6044/6329/6930 6047/6330/6931
s 21
f 6005/6276/6932 6006/6229/6933 6018/6290/6934 6042/6326/6935
s 14
f 6043/6327/6936 6019/6321/6910 6003/6268/6911 6004/6339/6937
f 6044/6329/6930 6041/6322/6912 6019/6321/6910 6043/6327/6936
s 21
f 6042/6326/6935 6018/6290/6934 6030/6312/6927 6045/6328/6926
s 2
f 6013/6294/6860 6048/6284/6844 5999/6222/6736 6000/6237/6755
f 6049/6299/6898 6048/6284/6844 6013/6294/6860 6022/6296/6906
s 16
f 6022/6296/6862 6021/6353/6861 6050/6300/6866 6049/6299/6865
s 18
f 6021/6353/6938 6033/6316/6890 6051/6313/6884 6050/6300/6908
f 6052/6314/6885 6051/6313/6884 6033/6316/6890 6011/6351/6889
f 6053/6315/6887 6052/6314/6885 6011/6351/6889 6035/6340/6939
f 6054/6319/6894 6053/6315/6887 6035/6340/6939 6012/6341/6940
f 6046/6320/6895 6054/6319/6894 6012/6341/6940 6047/6336/6941
s 11
f 6061/6272/6815 6055/6262/6942 5954/6215/6943 5982/6218/6812
s 8
f 6058/6335/6789 6060/6242/6944 5964/6241/6836 5976/6354/6790
s 11
f 6063/6333/6945 6069/6324/6915 6039/6281/6914 6011/6280/6946
f 6001/6233/6947 6020/6292/6917 6064/6325/6916 6069/6324/6948 6065/6297/6949 6067/6293/6950 6062/6240/6951 6059/6239/6952 6057/6243/6953 6060/6334/6954 6058/6263/6955 6055/6262/6956 6061/6272/6957 6056/6271/6814 5963/6234/6813
s 18
f 6068/6332/6958 6066/6317/6891 6033/6350/6890 6021/6295/6938
s 11
f 6065/6297/6949 6069/6324/6948 6063/6333/6959 6066/6331/6960 6068/6298/6961
g default
v 7.899016 0.445982 4.971956
v 7.890539 0.445982 -5.282947
v 0.201273 0.445982 5.010804
v 0.192770 0.445983 -5.276585
v 7.899042 0.847474 5.003070
v 7.890540 0.847474 -5.282948
v 0.201273 0.847474 5.009433
v 0.192770 0.847474 -5.276584
v 0.201033 0.445982 4.719637
v 7.898775 0.445982 4.681710
v 7.898800 0.847474 4.711942
v 0.201032 0.847474 4.718304
v 7.890765 0.445982 -5.009366
v 0.192997 0.445982 -5.002140
v 0.192997 0.847474 -5.002175
v 7.890767 0.847473 -5.008539
v 7.444592 0.445982 -5.282580
v 7.444819 0.445982 -5.008948
v 7.452829 0.445982 4.683907
v 7.453070 0.445982 4.974206
v 7.453094 0.847474 5.003439
v 7.452854 0.847473 4.712310
v 7.444818 0.847474 -5.008171
v 7.444592 0.847474 -5.282580
v 0.594622 0.445983 -5.276918
v 0.594849 0.445982 -5.002518
v 0.602884 0.445982 4.717657
v 0.603124 0.445982 5.008776
v 0.603125 0.847474 5.009101
v 0.602885 0.847474 4.717973
v 0.594850 0.847474 -5.002507
v 0.594623 0.847474 -5.276917
vt 0.530662 0.575908
vt 0.525485 0.294670
vt 0.525646 0.301824
vt 0.530531 0.568754
vt 0.535845 0.575813
vt 0.530669 0.294576
vt 0.715913 0.298339
vt 0.708765 0.298470
vt 0.708634 0.291315
vt 0.713786 0.572553
vt 0.535714 0.568659
vt 0.530829 0.301729
vt 0.528151 0.438863
vt 0.528574 0.431705
vt 0.533741 0.431611
vt 0.533334 0.438768
vt 0.703879 0.298559
vt 0.703748 0.291405
vt 0.706390 0.435598
vt 0.706274 0.428450
vt 0.711144 0.428360
vt 0.711275 0.435508
vt 0.708901 0.572643
vt 0.708770 0.565489
vt 0.706127 0.420510
vt 0.710999 0.420421
vt 0.533563 0.423672
vt 0.528395 0.423767
vt 0.528296 0.446803
vt 0.533480 0.446708
vt 0.706535 0.443537
vt 0.718147 0.420290
vt 0.713655 0.565399
vt 0.708503 0.284168
vt 0.715781 0.291185
vt 0.518499 0.301985
vt 0.521229 0.423926
vt 0.711421 0.443448
vt 0.521405 0.431865
vt 0.703617 0.284257
vt 0.530562 0.287427
vt 0.518338 0.294831
vt 0.525379 0.287522
vt 0.718292 0.428230
vn 0.002937 0.001303 0.999995
vn 0.002937 0.001303 0.999995
vn 0.002935 -0.034677 0.999394
vn 0.002935 -0.034677 0.999394
vn -1.000000 0.000001 0.000827
vn -1.000000 0.000001 0.000827
vn -1.000000 0.000001 0.000827
vn -1.000000 0.000001 0.000827
vn -0.000827 0.000000 -1.000000
vn -0.000827 0.000000 -1.000000
vn -0.000827 0.000003 -1.000000
vn -0.000827 0.000003 -1.000000
vn -0.000000 1.000000 0.000000
vn 0.000000 1.000000 -0.000000
vn 0.000000 1.000000 -0.000000
vn 0.000000 1.000000 -0.000000
vn -0.000000 -1.000000 -0.000000
vn -0.000000 -1.000000 -0.000000
vn 0.000000 -1.000000 -0.000000
vn -0.000000 -1.000000 -0.000000
vn 1.000000 0.000000 -0.000831
vn 1.000000 0.000000 -0.000831
vn 1.000000 -0.000001 -0.000827
vn 1.000000 -0.000001 -0.000827
vn -0.000000 -1.000000 -0.000000
vn -0.000000 -1.000000 -0.000000
vn -0.000000 -1.000000 -0.000000
vn -0.000000 -1.000000 -0.000000
vn 1.000000 -0.000001 -0.000826
vn 1.000000 -0.000001 -0.000826
vn 1.000000 -0.000002 -0.000829
vn 1.000000 -0.000002 -0.000829
vn 0.000000 1.000000 -0.000000
vn 0.000000 1.000000 0.000000
vn 0.000000 1.000000 0.000000
vn 0.000000 1.000000 0.000000
vn -1.000000 0.000001 0.000827
vn -1.000000 0.000001 0.000827
vn -1.000000 0.000001 0.000827
vn -1.000000 0.000001 0.000827
vn -0.000000 -1.000000 -0.000000
vn -0.000000 -1.000000 -0.000000
vn -0.000000 -1.000000 -0.000000
vn -0.000000 -1.000000 -0.000000
vn -0.000000 -1.000000 -0.000000
vn -0.000000 -1.000000 -0.000000
vn -0.000000 -1.000000 -0.000000
vn -0.000000 -1.000000 -0.000000
vn 0.002934 -0.039123 0.999230
vn 0.002934 -0.039124 0.999230
vn 0.002928 -0.074943 0.997184
vn 0.002928 -0.074943 0.997184
vn 0.000000 1.000000 -0.000000
vn 0.000000 1.000000 -0.000000
vn -0.000000 1.000000 -0.000000
vn -0.000000 1.000000 -0.000000
vn 0.000000 1.000000 0.000000
vn -0.000000 1.000000 0.000000
vn 0.000000 1.000000 0.000000
vn 0.000000 1.000000 0.000000
vn -0.000826 -0.000000 -1.000000
vn -0.000827 -0.000000 -1.000000
vn -0.000827 -0.000000 -1.000000
vn -0.000826 -0.000000 -1.000000
s 1
g pCube1 Book_R group2 locator1
f 6076/6399/6962 6072/6359/6963 6097/6360/6964 6098/6393/6965
s 2
f 6081/6398/6966 6078/6363/6967 6072/6359/6968 6076/6400/6969
s 3
f 6101/6364/6970 6094/6365/6971 6073/6366/6972 6077/6392/6973
s 4
f 6076/6358/6974 6098/6361/6975 6099/6368/6976 6081/6362/6977
s 5
f 6078/6363/6978 6096/6369/6979 6097/6360/6980 6072/6359/6981
s 6
f 6074/6370/6982 6070/6371/6983 6079/6372/6984 6080/6373/6985
s 5
f 6073/6366/6986 6094/6365/6987 6095/6374/6988 6083/6375/6989
s 6
f 6085/6376/6990 6082/6377/6991 6071/6378/6992 6075/6379/6993
s 4
f 6084/6380/6994 6100/6381/6995 6101/6390/6996 6077/6367/6997
s 2
f 6077/6391/6998 6073/6366/6999 6083/6375/7000 6084/6397/7001
s 5
f 6083/6375/6989 6095/6374/6988 6096/6369/6979 6078/6363/6978
s 2
f 6084/6397/7001 6083/6375/7000 6078/6363/6967 6081/6398/6966
s 4
f 6081/6362/6977 6099/6368/6976 6100/6381/6995 6084/6380/6994
s 6
f 6080/6373/6985 6079/6372/6984 6082/6377/6991 6085/6376/6990
s 5
f 6087/6382/7002 6086/6383/7003 6071/6378/7004 6082/6377/7005
f 6088/6384/7006 6087/6382/7002 6082/6377/7005 6079/6372/7007
f 6089/6385/7008 6088/6384/7006 6079/6372/7007 6070/6371/7009
s 1
f 6090/6394/7010 6089/6385/7011 6070/6371/7012 6074/6396/7013
s 4
f 6091/6387/7014 6090/6386/7015 6074/6370/7016 6080/6373/7017
f 6092/6388/7018 6091/6387/7014 6080/6373/7017 6085/6376/7019
f 6093/6395/7020 6092/6388/7018 6085/6376/7019 6075/6379/7021
s 3
f 6071/6378/7022 6086/6383/7023 6093/6389/7024 6075/6401/7025
s 5
f 6095/6374/6988 6094/6365/6987 6086/6383/7003 6087/6382/7002
f 6096/6369/6979 6095/6374/6988 6087/6382/7002 6088/6384/7006
f 6097/6360/6980 6096/6369/6979 6088/6384/7006 6089/6385/7008
s 1
f 6098/6393/6965 6097/6360/6964 6089/6385/7011 6090/6394/7010
s 4
f 6099/6368/6976 6098/6361/6975 6090/6386/7015 6091/6387/7014
f 6100/6381/6995 6099/6368/6976 6091/6387/7014 6092/6388/7018
f 6101/6390/6996 6100/6381/6995 6092/6388/7018 6093/6395/7020
s 3
f 6093/6389/7024 6086/6383/7023 6094/6365/6971 6101/6364/6970
